Gene,Mito,ConA,DAPI,WGA,Phalloidin,Sum
AAAS,47.0,29.0,54.0,27.0,27.0,184.0
AAED1,22.0,40.0,42.0,61.0,15.0,184.0
AARS,75.0,24.0,58.0,26.0,54.0,246.0
AARS2,21.0,7.0,27.0,18.0,89.0,166.0
AATF,81.0,15.0,56.0,44.0,29.0,228.0
ABCB10,101.0,40.0,26.0,54.0,24.0,239.0
ABCB7,42.0,17.0,55.0,24.0,48.0,198.0
ABCE1,76.0,10.0,49.0,14.0,56.0,219.0
ABHD13,28.0,32.0,37.0,49.0,28.0,176.0
ABHD3,59.0,60.0,29.0,66.0,18.0,215.0
ABHD6,40.0,46.0,26.0,57.0,26.0,189.0
ABT1,144.0,69.0,119.0,106.0,116.0,569.0
ACACA,39.0,31.0,32.0,38.0,21.0,172.0
ACAD8,50.0,44.0,12.0,92.0,16.0,209.0
ACHE,40.0,27.0,23.0,25.0,103.0,227.0
ACO2,35.0,35.0,26.0,30.0,30.0,168.0
ACTB,102.0,40.0,104.0,30.0,60.0,348.0
ACTL6A,56.0,39.0,91.0,40.0,16.0,262.0
ACTN2,45.0,48.0,36.0,61.0,29.0,229.0
ACTR1A,39.0,48.0,15.0,125.0,43.0,281.0
ACTR2,103.0,37.0,72.0,153.0,120.0,501.0
ACTR3,91.0,55.0,209.0,144.0,135.0,645.0
ACTR6,63.0,41.0,39.0,32.0,19.0,195.0
ADAM10,70.0,20.0,46.0,26.0,40.0,191.0
ADAMTS7,34.0,15.0,75.0,20.0,12.0,173.0
ADCY10,31.0,22.0,27.0,55.0,57.0,196.0
ADCY5,56.0,80.0,20.0,46.0,14.0,212.0
ADGRA2,17.0,12.0,78.0,28.0,32.0,174.0
ADGRL1,37.0,13.0,91.0,13.0,18.0,184.0
ADI1,34.0,36.0,96.0,15.0,33.0,219.0
ADORA2A,31.0,22.0,49.0,60.0,24.0,201.0
ADORA2B,38.0,18.0,30.0,54.0,28.0,178.0
ADPRHL1,90.0,75.0,27.0,78.0,19.0,280.0
ADSL,52.0,33.0,84.0,26.0,38.0,246.0
ADSS,46.0,31.0,94.0,38.0,26.0,243.0
AFF1,73.0,27.0,41.0,19.0,32.0,201.0
AFG3L2,49.0,12.0,29.0,19.0,126.0,243.0
AGAP1,52.0,68.0,21.0,47.0,22.0,215.0
AGO2,55.0,21.0,44.0,22.0,19.0,180.0
AHCTF1,34.0,41.0,36.0,39.0,29.0,187.0
AHCYL1,63.0,21.0,45.0,22.0,29.0,183.0
AHDC1,40.0,49.0,23.0,35.0,47.0,196.0
AHNAK,22.0,60.0,17.0,35.0,27.0,165.0
AHR,15.0,11.0,34.0,69.0,127.0,255.0
AHRR,41.0,43.0,21.0,24.0,61.0,185.0
AIP,37.0,12.0,27.0,23.0,102.0,208.0
AK6,50.0,36.0,75.0,48.0,52.0,261.0
AK8,39.0,13.0,47.0,30.0,22.0,168.0
AKAP13,41.0,20.0,75.0,28.0,18.0,199.0
AKAP5,36.0,56.0,20.0,51.0,34.0,189.0
AKIRIN2,68.0,16.0,70.0,21.0,18.0,202.0
AKT1S1,62.0,27.0,46.0,10.0,56.0,207.0
ALDH18A1,90.0,20.0,36.0,26.0,116.0,285.0
ALDH3B2,70.0,26.0,21.0,53.0,69.0,235.0
ALDOA,40.0,24.0,44.0,16.0,32.0,170.0
ALG1,113.0,117.0,141.0,84.0,77.0,527.0
ALG12,94.0,188.0,93.0,42.0,18.0,430.0
ALG14,70.0,19.0,105.0,35.0,38.0,270.0
ALG2,41.0,81.0,35.0,26.0,37.0,229.0
ALG3,69.0,151.0,86.0,34.0,20.0,355.0
ALG9,54.0,170.0,69.0,36.0,25.0,356.0
ALOX12,63.0,31.0,35.0,69.0,16.0,217.0
ALOX12B,45.0,25.0,19.0,126.0,26.0,233.0
ALOX5,55.0,29.0,18.0,69.0,13.0,186.0
ALOXE3,31.0,19.0,46.0,69.0,22.0,188.0
ALYREF,66.0,15.0,28.0,19.0,30.0,172.0
ANAPC15,42.0,20.0,93.0,27.0,62.0,243.0
ANAPC2,36.0,9.0,43.0,23.0,54.0,176.0
ANAPC4,49.0,28.0,79.0,36.0,39.0,251.0
ANAPC5,49.0,14.0,31.0,27.0,41.0,168.0
ANKHD1,26.0,19.0,54.0,25.0,32.0,170.0
ANKLE2,34.0,16.0,39.0,38.0,31.0,167.0
ANKRD23,53.0,24.0,61.0,83.0,18.0,268.0
ANKRD36B,30.0,32.0,27.0,65.0,18.0,171.0
ANKRD52,36.0,43.0,49.0,31.0,16.0,187.0
ANKRD9,89.0,22.0,36.0,16.0,27.0,196.0
AP1M1,116.0,35.0,51.0,33.0,35.0,280.0
AP2A2,70.0,50.0,17.0,50.0,15.0,212.0
AP2M1,179.0,102.0,178.0,124.0,97.0,676.0
AP2S1,118.0,63.0,97.0,98.0,42.0,422.0
APBA2,33.0,24.0,63.0,66.0,17.0,189.0
APLP1,68.0,60.0,27.0,26.0,18.0,195.0
APOA1,37.0,28.0,14.0,50.0,26.0,169.0
APOA2,35.0,20.0,23.0,28.0,53.0,166.0
APOE,35.0,18.0,20.0,9.0,105.0,190.0
APRT,27.0,8.0,27.0,15.0,77.0,165.0
AQP3,28.0,34.0,53.0,20.0,33.0,177.0
ARF1,42.0,27.0,98.0,67.0,35.0,277.0
ARF3,37.0,15.0,75.0,29.0,16.0,184.0
ARF4,165.0,66.0,47.0,87.0,82.0,445.0
ARHGAP26,39.0,24.0,46.0,59.0,40.0,211.0
ARHGAP36,54.0,29.0,70.0,40.0,25.0,239.0
ARHGAP39,63.0,20.0,23.0,33.0,46.0,201.0
ARHGAP42,32.0,37.0,31.0,30.0,53.0,191.0
ARHGEF3,43.0,40.0,18.0,68.0,13.0,184.0
ARHGEF7,105.0,34.0,200.0,67.0,28.0,451.0
ARID1A,111.0,43.0,68.0,101.0,31.0,359.0
ARID2,48.0,11.0,83.0,26.0,33.0,222.0
ARIH1,74.0,38.0,44.0,53.0,95.0,310.0
ARIH2,36.0,26.0,62.0,73.0,20.0,225.0
ARL1,34.0,18.0,36.0,175.0,21.0,285.0
ARL2,77.0,33.0,71.0,38.0,52.0,280.0
ARL4A,34.0,41.0,50.0,88.0,21.0,238.0
ARL6IP6,74.0,21.0,29.0,42.0,27.0,199.0
ARMC1,84.0,18.0,45.0,20.0,15.0,184.0
ARMC7,67.0,30.0,64.0,21.0,30.0,231.0
ARMCX3,35.0,11.0,13.0,79.0,60.0,206.0
ARPC2,139.0,40.0,211.0,175.0,152.0,737.0
ARPC3,58.0,29.0,34.0,103.0,77.0,313.0
ARPC4,165.0,43.0,198.0,160.0,148.0,726.0
ARVCF,68.0,24.0,55.0,22.0,78.0,255.0
ASCC3,149.0,58.0,187.0,124.0,155.0,692.0
ASDURF,31.0,9.0,63.0,52.0,37.0,183.0
ASF1A,58.0,20.0,28.0,80.0,130.0,328.0
ASH2L,46.0,24.0,125.0,45.0,39.0,275.0
ASNA1,24.0,20.0,33.0,133.0,28.0,227.0
ASNS,90.0,26.0,62.0,54.0,122.0,351.0
ASS1,41.0,42.0,19.0,49.0,29.0,177.0
ATAD5,47.0,26.0,88.0,28.0,66.0,283.0
ATG101,66.0,47.0,32.0,28.0,15.0,198.0
ATG16L2,53.0,44.0,23.0,36.0,22.0,186.0
ATG4D,78.0,28.0,56.0,24.0,50.0,246.0
ATG9A,55.0,45.0,35.0,29.0,71.0,243.0
ATIC,26.0,31.0,48.0,44.0,23.0,179.0
ATP11B,54.0,29.0,79.0,18.0,30.0,211.0
ATP1A1,28.0,16.0,21.0,144.0,28.0,239.0
ATP2A2,125.0,83.0,92.0,173.0,81.0,544.0
ATP2A3,41.0,41.0,31.0,80.0,21.0,225.0
ATP2B1,33.0,23.0,37.0,65.0,83.0,250.0
ATP2C1,70.0,30.0,64.0,72.0,21.0,264.0
ATP5A1,32.0,7.0,13.0,45.0,72.0,178.0
ATP5B,61.0,17.0,33.0,14.0,125.0,252.0
ATP5D,52.0,24.0,65.0,29.0,61.0,242.0
ATP5E,55.0,14.0,49.0,17.0,158.0,285.0
ATP5F1,31.0,10.0,40.0,13.0,88.0,185.0
ATP5G2,35.0,24.0,15.0,27.0,72.0,183.0
ATP5H,26.0,22.0,28.0,21.0,101.0,201.0
ATP5J,40.0,10.0,81.0,24.0,89.0,244.0
ATP5J2,32.0,28.0,31.0,43.0,78.0,223.0
ATP5J2-PTCD1,32.0,16.0,29.0,14.0,116.0,198.0
ATP5L,69.0,35.0,62.0,55.0,121.0,347.0
ATP5SL,25.0,25.0,13.0,24.0,85.0,171.0
ATP6AP1,60.0,49.0,45.0,210.0,73.0,429.0
ATP6AP2,19.0,18.0,46.0,66.0,27.0,174.0
ATP6V0B,95.0,70.0,75.0,224.0,106.0,564.0
ATP6V0C,124.0,56.0,82.0,208.0,88.0,540.0
ATP6V0D1,47.0,30.0,40.0,152.0,46.0,312.0
ATP6V1A,85.0,43.0,48.0,141.0,36.0,358.0
ATP6V1B2,81.0,46.0,104.0,220.0,48.0,477.0
ATP6V1C1,121.0,55.0,88.0,243.0,152.0,645.0
ATP6V1D,117.0,60.0,101.0,236.0,138.0,638.0
ATP6V1E1,80.0,39.0,63.0,183.0,53.0,406.0
ATP6V1F,53.0,23.0,52.0,106.0,90.0,318.0
ATP6V1G1,47.0,26.0,35.0,208.0,29.0,328.0
ATP6V1H,56.0,44.0,50.0,64.0,57.0,273.0
ATPAF2,29.0,18.0,41.0,43.0,19.0,165.0
ATPIF1,60.0,16.0,47.0,27.0,19.0,175.0
ATR,61.0,17.0,19.0,51.0,58.0,215.0
ATRIP,74.0,36.0,9.0,36.0,15.0,177.0
ATRN,39.0,15.0,18.0,47.0,75.0,197.0
ATRX,88.0,29.0,108.0,18.0,97.0,354.0
ATXN2L,71.0,13.0,90.0,27.0,33.0,247.0
ATXN7L3,66.0,12.0,69.0,33.0,140.0,330.0
AURKAIP1,51.0,14.0,46.0,36.0,129.0,285.0
AXIN1,39.0,18.0,74.0,18.0,68.0,218.0
B3GNT7,76.0,38.0,78.0,77.0,50.0,330.0
B3GNTL1,119.0,77.0,36.0,111.0,44.0,393.0
BACH1,70.0,18.0,26.0,56.0,25.0,193.0
BAGE2,38.0,31.0,45.0,54.0,32.0,200.0
BAK1,54.0,14.0,20.0,61.0,39.0,191.0
BANK1,33.0,69.0,29.0,92.0,21.0,252.0
BAZ1B,114.0,24.0,28.0,48.0,100.0,305.0
BBC3,69.0,83.0,30.0,49.0,18.0,239.0
BCAT2,27.0,22.0,33.0,32.0,53.0,174.0
BCCIP,51.0,26.0,41.0,150.0,69.0,329.0
BECN1,36.0,26.0,50.0,31.0,20.0,174.0
BET1,74.0,33.0,19.0,17.0,39.0,188.0
BIRC5,30.0,13.0,49.0,41.0,27.0,166.0
BIRC6,66.0,24.0,17.0,52.0,28.0,189.0
BIRC7,34.0,21.0,38.0,22.0,58.0,173.0
BLM,50.0,19.0,41.0,69.0,18.0,188.0
BMS1,137.0,34.0,197.0,47.0,94.0,516.0
BNIP1,34.0,42.0,34.0,41.0,39.0,189.0
BNIP3,21.0,45.0,26.0,63.0,17.0,175.0
BNIPL,25.0,10.0,17.0,23.0,89.0,169.0
BOLA2-SMG1P6,24.0,16.0,41.0,27.0,59.0,176.0
BORA,38.0,47.0,23.0,35.0,17.0,165.0
BRD4,54.0,40.0,46.0,43.0,42.0,224.0
BRD7,89.0,46.0,85.0,22.0,73.0,313.0
BRF1,32.0,19.0,53.0,22.0,42.0,187.0
BRPF1,28.0,21.0,95.0,29.0,33.0,216.0
BTAF1,43.0,17.0,33.0,37.0,138.0,274.0
BTBD7,49.0,30.0,30.0,35.0,18.0,171.0
BTBD9,40.0,9.0,29.0,18.0,66.0,181.0
BTN1A1,78.0,32.0,30.0,21.0,16.0,177.0
BUB1B,51.0,10.0,47.0,22.0,54.0,194.0
BUB3,64.0,59.0,42.0,44.0,42.0,255.0
BVES,29.0,56.0,27.0,46.0,15.0,177.0
C10orf12,58.0,20.0,40.0,13.0,38.0,177.0
C10orf142,31.0,14.0,53.0,18.0,30.0,165.0
C10orf55,77.0,58.0,53.0,60.0,24.0,269.0
C11orf54,47.0,55.0,23.0,67.0,17.0,206.0
C12orf42,30.0,29.0,17.0,94.0,33.0,212.0
C12orf45,81.0,44.0,165.0,58.0,99.0,443.0
C15orf48,27.0,49.0,24.0,60.0,13.0,173.0
C15orf54,46.0,39.0,63.0,20.0,22.0,193.0
C16orf62,27.0,18.0,40.0,45.0,25.0,169.0
C16orf86,70.0,19.0,49.0,24.0,25.0,192.0
C17orf59,42.0,22.0,69.0,27.0,29.0,196.0
C17orf67,30.0,52.0,39.0,103.0,20.0,241.0
C18orf21,70.0,19.0,87.0,20.0,19.0,214.0
C18orf8,31.0,9.0,49.0,21.0,56.0,169.0
C19orf43,46.0,33.0,55.0,36.0,104.0,283.0
C1QBP,18.0,17.0,59.0,11.0,60.0,175.0
C1QL3,20.0,18.0,13.0,94.0,34.0,185.0
C1QL4,52.0,24.0,48.0,28.0,47.0,209.0
C1orf109,37.0,20.0,51.0,87.0,32.0,222.0
C1orf123,37.0,32.0,51.0,27.0,29.0,170.0
C20orf194,68.0,35.0,24.0,61.0,31.0,211.0
C21orf59-TCP10L,107.0,38.0,95.0,70.0,164.0,481.0
C22orf24,35.0,35.0,17.0,53.0,17.0,166.0
C3orf58,98.0,56.0,52.0,43.0,15.0,262.0
C5orf22,43.0,9.0,20.0,73.0,34.0,193.0
C5orf24,83.0,44.0,38.0,22.0,20.0,211.0
C6orf226,29.0,10.0,22.0,25.0,71.0,167.0
C7orf26,82.0,28.0,90.0,18.0,32.0,255.0
C7orf50,54.0,18.0,31.0,31.0,65.0,210.0
C7orf61,61.0,33.0,17.0,75.0,18.0,213.0
C8orf33,46.0,21.0,43.0,62.0,28.0,208.0
C8orf87,28.0,11.0,89.0,12.0,35.0,185.0
C9orf64,62.0,29.0,17.0,42.0,13.0,166.0
C9orf78,114.0,45.0,26.0,65.0,18.0,272.0
CA1,53.0,48.0,76.0,98.0,31.0,315.0
CA12,30.0,21.0,65.0,27.0,20.0,171.0
CAB39,90.0,46.0,47.0,43.0,166.0,393.0
CABIN1,22.0,14.0,24.0,26.0,114.0,211.0
CABP4,26.0,16.0,35.0,15.0,66.0,177.0
CACTIN,43.0,68.0,25.0,30.0,27.0,197.0
CAD,44.0,55.0,20.0,44.0,145.0,308.0
CALCOCO1,37.0,28.0,26.0,42.0,47.0,192.0
CAND1,74.0,27.0,98.0,23.0,101.0,332.0
CAND2,45.0,21.0,72.0,35.0,65.0,235.0
CAP1,35.0,13.0,46.0,24.0,67.0,182.0
CAP2,18.0,6.0,14.0,32.0,91.0,174.0
CAPN1,40.0,24.0,38.0,67.0,59.0,237.0
CAPRIN1,76.0,7.0,22.0,18.0,101.0,228.0
CAPZA2,37.0,33.0,25.0,66.0,24.0,187.0
CAPZB,82.0,36.0,62.0,43.0,53.0,284.0
CARD10,40.0,13.0,67.0,21.0,70.0,216.0
CARNMT1,57.0,17.0,23.0,24.0,61.0,186.0
CASK,26.0,13.0,79.0,22.0,37.0,183.0
CASP14,38.0,24.0,17.0,81.0,31.0,187.0
CAST,23.0,24.0,18.0,47.0,92.0,202.0
CASZ1,39.0,54.0,24.0,51.0,15.0,183.0
CATSPER2,20.0,41.0,22.0,78.0,20.0,181.0
CBFB,31.0,19.0,63.0,47.0,19.0,181.0
CBWD3,30.0,18.0,56.0,18.0,26.0,165.0
CCDC115,35.0,11.0,28.0,71.0,40.0,187.0
CCDC122,57.0,55.0,23.0,99.0,17.0,241.0
CCDC144NL,26.0,35.0,26.0,73.0,29.0,189.0
CCDC185,20.0,24.0,29.0,52.0,43.0,165.0
CCDC22,43.0,19.0,113.0,80.0,39.0,301.0
CCDC66,44.0,49.0,21.0,77.0,20.0,206.0
CCDC74B,30.0,21.0,19.0,78.0,19.0,166.0
CCDC84,43.0,30.0,34.0,39.0,20.0,177.0
CCDC85A,53.0,59.0,49.0,23.0,18.0,198.0
CCDC88B,72.0,32.0,36.0,19.0,63.0,229.0
CCDC93,61.0,18.0,87.0,87.0,106.0,365.0
CCM2,31.0,17.0,73.0,22.0,17.0,179.0
CCNB1,55.0,57.0,37.0,20.0,18.0,196.0
CCNC,86.0,60.0,99.0,33.0,58.0,349.0
CCNE1,57.0,37.0,43.0,19.0,34.0,190.0
CCNH,95.0,50.0,70.0,35.0,21.0,288.0
CCNL1,65.0,25.0,27.0,40.0,35.0,194.0
CCNY,19.0,10.0,32.0,27.0,67.0,170.0
CCT2,41.0,17.0,39.0,20.0,45.0,179.0
CCT7,46.0,50.0,36.0,30.0,27.0,198.0
CCT8,64.0,17.0,21.0,37.0,26.0,174.0
CCZ1B,54.0,21.0,31.0,51.0,33.0,192.0
CD164L2,46.0,28.0,39.0,54.0,22.0,192.0
CD5,47.0,8.0,38.0,20.0,66.0,188.0
CD59,66.0,19.0,38.0,71.0,74.0,275.0
CD63,59.0,53.0,41.0,23.0,23.0,206.0
CD68,42.0,32.0,47.0,99.0,13.0,234.0
CD8B,48.0,11.0,71.0,31.0,51.0,224.0
CDC123,98.0,25.0,127.0,63.0,68.0,401.0
CDC23,40.0,56.0,66.0,31.0,69.0,265.0
CDC26,29.0,20.0,72.0,33.0,36.0,201.0
CDC27,62.0,29.0,80.0,53.0,73.0,335.0
CDC37,66.0,29.0,71.0,35.0,35.0,243.0
CDC42,95.0,14.0,54.0,30.0,72.0,283.0
CDC73,45.0,57.0,85.0,111.0,58.0,338.0
CDCA3,31.0,25.0,20.0,75.0,17.0,173.0
CDCA8,44.0,21.0,62.0,24.0,52.0,232.0
CDIPT,39.0,16.0,24.0,75.0,43.0,204.0
CDK12,39.0,22.0,64.0,108.0,25.0,269.0
CDK13,56.0,45.0,126.0,62.0,33.0,338.0
CDK2,58.0,27.0,76.0,41.0,31.0,238.0
CDK20,29.0,19.0,34.0,72.0,29.0,186.0
CDK2AP1,46.0,19.0,54.0,24.0,25.0,170.0
CDK7,61.0,39.0,57.0,39.0,43.0,242.0
CDK8,103.0,58.0,84.0,56.0,43.0,337.0
CDK9,65.0,41.0,22.0,27.0,40.0,206.0
CDKL1,38.0,24.0,17.0,83.0,31.0,195.0
CEACAM1,61.0,44.0,20.0,47.0,13.0,192.0
CEBPB,87.0,21.0,83.0,138.0,83.0,416.0
CEBPZ,53.0,24.0,55.0,33.0,37.0,201.0
CELSR2,30.0,40.0,27.0,48.0,31.0,186.0
CEND1,63.0,39.0,34.0,23.0,18.0,183.0
CENPJ,108.0,73.0,23.0,64.0,28.0,296.0
CENPQ,31.0,7.0,26.0,74.0,36.0,172.0
CENPT,36.0,27.0,38.0,22.0,52.0,194.0
CEP152,33.0,50.0,44.0,111.0,14.0,243.0
CEP164,36.0,11.0,37.0,15.0,65.0,173.0
CEP350,39.0,20.0,22.0,17.0,83.0,182.0
CEP57,81.0,68.0,28.0,113.0,31.0,326.0
CFAP45,30.0,31.0,21.0,61.0,32.0,178.0
CFL1,81.0,40.0,90.0,53.0,193.0,471.0
CHAF1B,27.0,20.0,36.0,31.0,99.0,224.0
CHCHD1,54.0,34.0,16.0,16.0,85.0,201.0
CHCHD4,112.0,32.0,26.0,12.0,95.0,276.0
CHD1,82.0,15.0,30.0,18.0,27.0,173.0
CHD4,62.0,25.0,39.0,94.0,113.0,329.0
CHD8,114.0,38.0,219.0,51.0,96.0,544.0
CHERP,45.0,25.0,65.0,94.0,39.0,265.0
CHI3L1,25.0,33.0,18.0,64.0,26.0,168.0
CHKA,39.0,13.0,42.0,15.0,129.0,235.0
CHMP2A,39.0,27.0,49.0,38.0,28.0,186.0
CHMP3,71.0,13.0,32.0,35.0,32.0,189.0
CHMP5,76.0,40.0,78.0,35.0,25.0,261.0
CHMP6,41.0,17.0,73.0,48.0,28.0,208.0
CHORDC1,38.0,52.0,26.0,88.0,16.0,212.0
CHRFAM7A,44.0,27.0,24.0,38.0,58.0,190.0
CHRNA10,91.0,13.0,9.0,12.0,37.0,170.0
CHRNA3,42.0,21.0,32.0,45.0,14.0,165.0
CHRNB2,24.0,20.0,38.0,79.0,24.0,190.0
CHRNE,35.0,25.0,38.0,88.0,17.0,208.0
CHST14,49.0,19.0,70.0,27.0,24.0,199.0
CHST7,33.0,23.0,36.0,49.0,20.0,174.0
CHTF18,43.0,43.0,43.0,134.0,34.0,289.0
CHTF8,67.0,40.0,70.0,30.0,40.0,250.0
CIAO1,28.0,20.0,77.0,22.0,16.0,168.0
CIAPIN1,60.0,20.0,42.0,26.0,25.0,176.0
CISD3,51.0,34.0,64.0,40.0,14.0,217.0
CITED2,52.0,43.0,29.0,28.0,12.0,165.0
CKMT1B,45.0,37.0,39.0,49.0,14.0,176.0
CKS1B,40.0,17.0,53.0,80.0,48.0,235.0
CLASRP,44.0,18.0,26.0,13.0,71.0,175.0
CLDN6,85.0,37.0,27.0,39.0,27.0,226.0
CLIP4,30.0,29.0,23.0,58.0,35.0,186.0
CLK3,36.0,14.0,18.0,50.0,51.0,169.0
CLNS1A,33.0,27.0,102.0,55.0,63.0,295.0
CLP1,30.0,28.0,29.0,33.0,61.0,186.0
CLPP,59.0,23.0,112.0,35.0,69.0,312.0
CLPX,35.0,29.0,48.0,20.0,103.0,243.0
CLTB,43.0,24.0,94.0,29.0,40.0,238.0
CLTC,51.0,23.0,55.0,48.0,30.0,216.0
CMAS,23.0,11.0,60.0,136.0,29.0,253.0
CMIP,46.0,12.0,35.0,36.0,40.0,181.0
CMPK1,48.0,24.0,153.0,31.0,46.0,304.0
CMPK2,59.0,54.0,13.0,41.0,18.0,181.0
CNEP1R1,65.0,27.0,49.0,65.0,40.0,253.0
CNNM1,31.0,67.0,13.0,57.0,11.0,182.0
CNOT10,57.0,15.0,31.0,33.0,74.0,215.0
CNOT11,97.0,33.0,126.0,103.0,58.0,432.0
CNOT2,30.0,11.0,15.0,28.0,104.0,188.0
CNOT3,117.0,27.0,27.0,127.0,125.0,422.0
CNOT4,124.0,44.0,63.0,124.0,67.0,424.0
CNOT9,25.0,17.0,22.0,64.0,45.0,176.0
CNTD1,67.0,79.0,62.0,119.0,18.0,347.0
COA1,37.0,65.0,14.0,44.0,15.0,179.0
COA4,20.0,16.0,26.0,12.0,82.0,166.0
COA6,36.0,21.0,29.0,16.0,155.0,255.0
COA7,60.0,20.0,47.0,20.0,36.0,200.0
COG1,70.0,70.0,24.0,71.0,22.0,254.0
COG2,25.0,72.0,50.0,197.0,19.0,348.0
COG3,44.0,56.0,40.0,164.0,19.0,312.0
COG4,47.0,58.0,78.0,226.0,34.0,415.0
COG6,25.0,8.0,16.0,180.0,56.0,292.0
COG7,20.0,8.0,16.0,125.0,18.0,185.0
COG8,29.0,27.0,41.0,160.0,19.0,270.0
COL8A2,36.0,22.0,31.0,75.0,17.0,193.0
COMMD2,41.0,34.0,31.0,63.0,22.0,187.0
COMMD3,16.0,20.0,40.0,84.0,20.0,183.0
COMMD3-BMI1,36.0,17.0,84.0,16.0,25.0,181.0
COMMD4,31.0,10.0,27.0,129.0,81.0,280.0
COMMD8,70.0,28.0,46.0,60.0,68.0,281.0
COPB2,44.0,38.0,24.0,30.0,19.0,174.0
COPS3,71.0,10.0,40.0,28.0,68.0,229.0
COPS4,82.0,26.0,105.0,42.0,115.0,377.0
COPS8,36.0,26.0,59.0,43.0,62.0,228.0
COQ10B,73.0,70.0,40.0,92.0,23.0,294.0
COQ2,21.0,7.0,20.0,9.0,114.0,177.0
COQ4,29.0,5.0,29.0,9.0,96.0,185.0
COQ5,78.0,55.0,37.0,65.0,75.0,318.0
COX11,42.0,20.0,38.0,26.0,36.0,175.0
COX15,25.0,8.0,18.0,11.0,128.0,198.0
COX5A,37.0,25.0,76.0,22.0,65.0,233.0
COX5B,42.0,35.0,20.0,50.0,107.0,258.0
COX6C,47.0,21.0,30.0,20.0,68.0,189.0
COX8A,35.0,30.0,22.0,22.0,61.0,177.0
CPM,36.0,10.0,21.0,32.0,64.0,169.0
CPSF2,46.0,15.0,44.0,39.0,60.0,217.0
CPSF3,42.0,14.0,21.0,13.0,85.0,174.0
CPZ,68.0,33.0,24.0,53.0,26.0,207.0
CRAMP1,60.0,49.0,94.0,18.0,65.0,280.0
CRB2,64.0,53.0,24.0,122.0,22.0,290.0
CRCP,22.0,30.0,32.0,16.0,90.0,191.0
CREB3L4,93.0,57.0,19.0,47.0,12.0,231.0
CREBBP,83.0,20.0,136.0,46.0,53.0,348.0
CRKL,89.0,47.0,81.0,92.0,95.0,410.0
CRLF3,40.0,19.0,30.0,38.0,59.0,186.0
CRTC3,34.0,21.0,34.0,65.0,19.0,178.0
CRY2,26.0,11.0,68.0,31.0,87.0,231.0
CS,64.0,30.0,70.0,38.0,155.0,371.0
CSAD,28.0,10.0,37.0,23.0,68.0,176.0
CSDE1,65.0,11.0,80.0,53.0,46.0,266.0
CSK,55.0,26.0,23.0,41.0,24.0,197.0
CSMD3,56.0,34.0,22.0,30.0,27.0,174.0
CSNK1A1,123.0,43.0,164.0,48.0,182.0,555.0
CSNK2A1,48.0,14.0,53.0,22.0,61.0,207.0
CSNK2B,129.0,50.0,178.0,84.0,63.0,535.0
CSTF3,39.0,19.0,27.0,33.0,54.0,187.0
CT47A12,56.0,55.0,35.0,63.0,37.0,236.0
CTCF,30.0,19.0,37.0,24.0,54.0,189.0
CTDSPL2,88.0,17.0,58.0,57.0,70.0,285.0
CTNNBIP1,23.0,65.0,29.0,56.0,22.0,191.0
CTNNBL1,36.0,18.0,56.0,10.0,42.0,178.0
CTPS1,50.0,27.0,91.0,45.0,27.0,232.0
CTR9,72.0,23.0,18.0,22.0,58.0,198.0
CTSA,24.0,19.0,59.0,44.0,32.0,179.0
CTSD,46.0,7.0,11.0,109.0,14.0,190.0
CTSF,60.0,29.0,36.0,19.0,27.0,171.0
CTSL,60.0,32.0,20.0,56.0,15.0,188.0
CTU2,39.0,19.0,15.0,26.0,58.0,165.0
CUL2,133.0,54.0,170.0,82.0,64.0,494.0
CUL5,88.0,31.0,21.0,21.0,13.0,186.0
CWC22,63.0,26.0,44.0,20.0,39.0,208.0
CWC27,35.0,51.0,36.0,33.0,34.0,200.0
CXXC1,45.0,34.0,50.0,70.0,29.0,236.0
CXorf40B,30.0,58.0,14.0,54.0,13.0,175.0
CYB5R4,25.0,20.0,76.0,38.0,13.0,173.0
CYC1,54.0,11.0,26.0,15.0,89.0,201.0
CYCS,35.0,13.0,30.0,21.0,60.0,166.0
CYFIP2,61.0,48.0,49.0,45.0,19.0,227.0
CYLD,47.0,20.0,72.0,17.0,68.0,232.0
CYP27C1,57.0,16.0,51.0,68.0,39.0,238.0
CYS1,34.0,46.0,39.0,60.0,20.0,199.0
DAB2,36.0,15.0,37.0,35.0,63.0,190.0
DAD1,92.0,34.0,127.0,44.0,98.0,409.0
DAND5,32.0,17.0,60.0,13.0,35.0,166.0
DAP,49.0,20.0,42.0,24.0,55.0,197.0
DAP3,53.0,18.0,38.0,15.0,131.0,257.0
DARS,40.0,47.0,35.0,51.0,96.0,271.0
DAXX,36.0,19.0,60.0,52.0,108.0,285.0
DBF4B,51.0,28.0,24.0,57.0,23.0,194.0
DBI,46.0,20.0,66.0,57.0,33.0,253.0
DBR1,110.0,27.0,72.0,31.0,50.0,288.0
DBX2,83.0,23.0,41.0,18.0,52.0,246.0
DCAF1,50.0,80.0,26.0,111.0,65.0,323.0
DCAF7,24.0,31.0,38.0,42.0,16.0,169.0
DCTN5,68.0,45.0,31.0,121.0,32.0,321.0
DCTN6,25.0,19.0,46.0,78.0,24.0,205.0
DDB1,46.0,9.0,60.0,40.0,39.0,204.0
DDI2,41.0,42.0,114.0,54.0,57.0,300.0
DDN,45.0,19.0,31.0,37.0,109.0,252.0
DDOST,53.0,94.0,89.0,117.0,59.0,408.0
DDT,92.0,71.0,35.0,97.0,26.0,304.0
DDX1,67.0,24.0,50.0,77.0,27.0,251.0
DDX10,43.0,25.0,99.0,38.0,55.0,275.0
DDX18,69.0,28.0,137.0,51.0,74.0,376.0
DDX20,77.0,56.0,67.0,59.0,24.0,283.0
DDX21,72.0,25.0,73.0,16.0,87.0,274.0
DDX28,21.0,10.0,33.0,26.0,108.0,202.0
DDX46,57.0,17.0,44.0,35.0,54.0,220.0
DDX47,98.0,16.0,60.0,27.0,63.0,263.0
DDX49,44.0,62.0,54.0,41.0,59.0,248.0
DDX5,38.0,14.0,102.0,29.0,52.0,244.0
DDX50,48.0,52.0,20.0,32.0,26.0,184.0
DDX51,49.0,16.0,27.0,76.0,18.0,204.0
DDX52,67.0,52.0,88.0,75.0,62.0,356.0
DDX54,46.0,14.0,52.0,99.0,32.0,250.0
DDX55,60.0,20.0,31.0,28.0,16.0,166.0
DDX56,49.0,36.0,70.0,57.0,28.0,249.0
DDX59,35.0,36.0,33.0,74.0,40.0,226.0
DDX6,113.0,57.0,148.0,67.0,38.0,436.0
DENND3,49.0,34.0,31.0,38.0,35.0,187.0
DENR,56.0,23.0,48.0,29.0,105.0,263.0
DERL2,115.0,29.0,78.0,107.0,65.0,398.0
DERL3,24.0,50.0,21.0,62.0,15.0,176.0
DET1,93.0,11.0,80.0,64.0,43.0,299.0
DFFB,25.0,42.0,26.0,69.0,27.0,201.0
DGAT1,32.0,33.0,52.0,21.0,21.0,166.0
DGCR8,48.0,30.0,127.0,42.0,23.0,279.0
DHFR,53.0,35.0,98.0,42.0,38.0,277.0
DHH,36.0,8.0,23.0,25.0,86.0,193.0
DHODH,38.0,24.0,52.0,70.0,75.0,241.0
DHX15,63.0,42.0,29.0,23.0,21.0,191.0
DHX16,61.0,13.0,54.0,21.0,44.0,207.0
DHX33,64.0,21.0,116.0,39.0,22.0,265.0
DHX36,55.0,12.0,47.0,30.0,94.0,245.0
DHX37,95.0,19.0,107.0,40.0,91.0,366.0
DHX9,46.0,23.0,22.0,39.0,21.0,170.0
DICER1,42.0,54.0,32.0,68.0,46.0,251.0
DIEXF,58.0,14.0,122.0,36.0,56.0,299.0
DIMT1,89.0,25.0,104.0,42.0,110.0,385.0
DIP2B,67.0,54.0,91.0,45.0,17.0,279.0
DIS3,100.0,34.0,67.0,26.0,15.0,247.0
DISP1,23.0,41.0,10.0,69.0,27.0,168.0
DKC1,162.0,55.0,224.0,59.0,114.0,614.0
DLAT,59.0,16.0,33.0,57.0,110.0,276.0
DLST,34.0,44.0,34.0,48.0,83.0,243.0
DLX1,27.0,8.0,79.0,30.0,35.0,187.0
DMAP1,39.0,19.0,47.0,26.0,29.0,169.0
DNAJB2,44.0,30.0,33.0,29.0,28.0,172.0
DNAJC13,37.0,19.0,32.0,63.0,39.0,183.0
DNAJC15,73.0,23.0,29.0,30.0,21.0,184.0
DNAJC17,53.0,42.0,83.0,59.0,23.0,271.0
DNAJC21,24.0,15.0,19.0,36.0,69.0,167.0
DNAJC30,106.0,85.0,33.0,61.0,17.0,321.0
DNAJC6,33.0,23.0,71.0,17.0,43.0,189.0
DNAJC7,26.0,45.0,24.0,88.0,18.0,201.0
DNM1L,118.0,26.0,20.0,37.0,113.0,325.0
DNM2,84.0,75.0,106.0,46.0,78.0,384.0
DNM3,74.0,72.0,7.0,40.0,18.0,213.0
DNMT1,116.0,18.0,68.0,68.0,104.0,375.0
DNPH1,41.0,51.0,32.0,54.0,24.0,196.0
DOCK1,36.0,44.0,19.0,87.0,27.0,221.0
DOCK7,42.0,52.0,37.0,53.0,63.0,235.0
DOHH,88.0,28.0,41.0,94.0,78.0,326.0
DOK4,24.0,26.0,24.0,73.0,21.0,166.0
DONSON,32.0,16.0,22.0,26.0,60.0,165.0
DPAGT1,85.0,98.0,152.0,89.0,137.0,550.0
DPF1,51.0,19.0,115.0,25.0,36.0,256.0
DPF2,32.0,15.0,36.0,28.0,43.0,170.0
DPF3,59.0,11.0,24.0,51.0,29.0,178.0
DPH1,41.0,21.0,99.0,26.0,33.0,212.0
DPH3,42.0,15.0,70.0,42.0,106.0,271.0
DPM1,44.0,157.0,42.0,45.0,51.0,327.0
DPM2,25.0,164.0,33.0,25.0,24.0,262.0
DPY30,52.0,33.0,69.0,24.0,86.0,260.0
DPYSL2,117.0,75.0,34.0,44.0,18.0,283.0
DRAP1,48.0,21.0,22.0,28.0,64.0,184.0
DROSHA,37.0,24.0,30.0,66.0,22.0,198.0
DSCC1,46.0,36.0,70.0,45.0,20.0,227.0
DUOX1,33.0,45.0,23.0,128.0,57.0,281.0
DUOXA2,30.0,25.0,24.0,60.0,36.0,171.0
DUSP4,22.0,7.0,77.0,26.0,23.0,166.0
DUT,47.0,30.0,46.0,23.0,76.0,237.0
DVL2,47.0,19.0,23.0,42.0,26.0,176.0
DYNLL1,158.0,94.0,144.0,151.0,66.0,617.0
DYNLRB1,37.0,14.0,56.0,41.0,39.0,199.0
DYRK1A,44.0,42.0,103.0,47.0,82.0,323.0
DYRK1B,36.0,59.0,21.0,55.0,16.0,180.0
E2F2,55.0,33.0,22.0,51.0,9.0,176.0
E2F3,36.0,14.0,79.0,18.0,13.0,178.0
E4F1,22.0,17.0,25.0,40.0,72.0,177.0
EAF1,39.0,17.0,31.0,20.0,71.0,183.0
EAPP,33.0,5.0,22.0,16.0,91.0,168.0
EARS2,41.0,20.0,24.0,14.0,112.0,221.0
EBNA1BP2,45.0,48.0,30.0,67.0,25.0,227.0
EBP,45.0,44.0,27.0,29.0,21.0,174.0
EDN1,75.0,43.0,21.0,30.0,33.0,213.0
EEF1A1,91.0,16.0,38.0,43.0,27.0,223.0
EEF1B2,49.0,19.0,28.0,16.0,81.0,207.0
EEF2,76.0,21.0,132.0,62.0,59.0,363.0
EFTUD2,39.0,29.0,18.0,97.0,17.0,208.0
EIF1AD,64.0,27.0,116.0,53.0,97.0,362.0
EIF1AX,99.0,39.0,44.0,27.0,69.0,273.0
EIF2B1,47.0,8.0,61.0,19.0,65.0,213.0
EIF2B2,81.0,25.0,59.0,30.0,48.0,232.0
EIF2B5,52.0,14.0,76.0,12.0,29.0,187.0
EIF2S1,67.0,18.0,37.0,55.0,72.0,258.0
EIF2S2,54.0,23.0,25.0,45.0,38.0,192.0
EIF3A,31.0,33.0,74.0,39.0,42.0,221.0
EIF3B,37.0,28.0,101.0,25.0,30.0,240.0
EIF3C,61.0,17.0,34.0,20.0,27.0,169.0
EIF3CL,66.0,37.0,30.0,89.0,87.0,318.0
EIF3D,65.0,36.0,123.0,36.0,75.0,347.0
EIF3H,34.0,21.0,75.0,11.0,22.0,169.0
EIF3I,28.0,18.0,30.0,22.0,83.0,186.0
EIF3K,40.0,21.0,92.0,34.0,34.0,231.0
EIF3M,21.0,33.0,40.0,92.0,36.0,226.0
EIF4A3,47.0,32.0,55.0,31.0,41.0,222.0
EIF4B,29.0,16.0,44.0,21.0,58.0,173.0
EIF4E,105.0,28.0,156.0,19.0,99.0,412.0
EIF4E2,34.0,25.0,39.0,84.0,57.0,250.0
EIF4EBP3,59.0,54.0,27.0,24.0,15.0,175.0
EIF4G1,54.0,44.0,22.0,72.0,20.0,205.0
EIF5A,99.0,60.0,46.0,159.0,36.0,405.0
EIF5B,56.0,9.0,77.0,19.0,95.0,275.0
EIF6,74.0,30.0,57.0,40.0,48.0,256.0
ELAC2,55.0,15.0,23.0,27.0,120.0,237.0
ELL,59.0,27.0,63.0,33.0,24.0,210.0
ELMO2,52.0,19.0,75.0,38.0,97.0,293.0
ELOB,167.0,54.0,205.0,83.0,79.0,575.0
ELOF1,80.0,35.0,29.0,79.0,65.0,287.0
ELP2,36.0,18.0,43.0,47.0,84.0,214.0
ELP3,99.0,32.0,98.0,30.0,83.0,337.0
ELP4,21.0,8.0,24.0,17.0,114.0,195.0
ELP5,48.0,30.0,72.0,33.0,104.0,290.0
EMC3,16.0,20.0,25.0,73.0,55.0,201.0
EMC4,28.0,31.0,53.0,53.0,19.0,184.0
EMC7,33.0,24.0,58.0,95.0,63.0,264.0
EMG1,42.0,16.0,36.0,23.0,50.0,180.0
EMSY,33.0,15.0,21.0,38.0,60.0,167.0
ENO1,135.0,57.0,83.0,37.0,40.0,360.0
ENSA,34.0,45.0,19.0,46.0,31.0,183.0
ENY2,32.0,17.0,25.0,42.0,136.0,266.0
EPC2,34.0,20.0,45.0,53.0,16.0,173.0
EPCAM,68.0,54.0,28.0,22.0,12.0,195.0
EPPK1,44.0,56.0,35.0,41.0,14.0,188.0
ERBB3,55.0,32.0,24.0,54.0,32.0,190.0
ERCC3,43.0,24.0,57.0,30.0,33.0,180.0
ERI1,74.0,46.0,105.0,18.0,35.0,283.0
ERRFI1,33.0,20.0,76.0,29.0,19.0,182.0
ESF1,128.0,26.0,136.0,33.0,70.0,414.0
ETF1,27.0,32.0,29.0,64.0,21.0,171.0
ETV4,32.0,20.0,44.0,37.0,22.0,169.0
EVA1B,72.0,68.0,24.0,53.0,17.0,226.0
EXOC1,81.0,24.0,47.0,64.0,103.0,325.0
EXOC3,49.0,34.0,50.0,129.0,79.0,355.0
EXOC4,64.0,23.0,28.0,57.0,24.0,207.0
EXOC5,152.0,39.0,76.0,114.0,49.0,445.0
EXOSC1,32.0,15.0,119.0,23.0,49.0,241.0
EXOSC10,112.0,73.0,57.0,92.0,37.0,372.0
EXOSC2,48.0,36.0,34.0,19.0,24.0,184.0
EXOSC4,29.0,37.0,35.0,35.0,28.0,174.0
EXOSC5,106.0,44.0,179.0,84.0,56.0,482.0
EXOSC6,51.0,20.0,65.0,21.0,28.0,196.0
EXOSC7,33.0,24.0,50.0,26.0,20.0,174.0
EXOSC8,33.0,19.0,62.0,25.0,58.0,193.0
EXOSC9,70.0,24.0,136.0,19.0,79.0,351.0
EXT1,80.0,34.0,79.0,20.0,17.0,236.0
EXTL3,65.0,12.0,62.0,12.0,19.0,174.0
EZH2,47.0,26.0,37.0,37.0,16.0,167.0
F8,40.0,24.0,68.0,28.0,32.0,191.0
FADD,37.0,11.0,34.0,27.0,76.0,201.0
FAM109A,64.0,75.0,30.0,73.0,20.0,249.0
FAM110A,74.0,39.0,54.0,67.0,48.0,281.0
FAM118A,61.0,25.0,19.0,39.0,45.0,191.0
FAM133B,32.0,40.0,42.0,32.0,20.0,179.0
FAM168A,27.0,52.0,19.0,18.0,51.0,171.0
FAM171B,43.0,36.0,45.0,68.0,16.0,215.0
FAM186A,43.0,23.0,27.0,47.0,15.0,166.0
FAM186B,56.0,30.0,50.0,34.0,51.0,241.0
FAM210A,30.0,15.0,23.0,17.0,83.0,174.0
FAM72C,57.0,17.0,23.0,27.0,36.0,171.0
FAM86B1,69.0,28.0,49.0,26.0,16.0,191.0
FAM89B,55.0,17.0,49.0,23.0,46.0,185.0
FAM8A1,54.0,62.0,27.0,71.0,49.0,261.0
FAN1,25.0,12.0,41.0,54.0,42.0,181.0
FANCD2OS,67.0,59.0,19.0,87.0,13.0,237.0
FANCE,31.0,10.0,55.0,47.0,31.0,166.0
FARS2,27.0,31.0,70.0,27.0,83.0,235.0
FARSA,115.0,19.0,108.0,27.0,162.0,438.0
FARSB,98.0,39.0,122.0,72.0,68.0,413.0
FASTKD5,16.0,6.0,16.0,7.0,124.0,174.0
FBL,45.0,19.0,47.0,32.0,35.0,190.0
FBRSL1,64.0,25.0,38.0,29.0,43.0,206.0
FBXL16,28.0,39.0,27.0,75.0,20.0,186.0
FBXL22,84.0,17.0,24.0,19.0,29.0,171.0
FBXO11,33.0,18.0,23.0,22.0,103.0,204.0
FBXO42,50.0,15.0,70.0,27.0,70.0,248.0
FBXO5,33.0,19.0,63.0,24.0,27.0,176.0
FBXW5,43.0,21.0,16.0,43.0,32.0,165.0
FBXW7,216.0,90.0,220.0,104.0,127.0,759.0
FCF1,116.0,30.0,94.0,31.0,76.0,342.0
FCHSD2,56.0,20.0,29.0,41.0,91.0,247.0
FDPS,33.0,47.0,23.0,61.0,25.0,179.0
FDX1L,46.0,17.0,55.0,30.0,25.0,197.0
FECH,30.0,10.0,36.0,17.0,79.0,177.0
FEN1,25.0,20.0,63.0,26.0,53.0,198.0
FERMT2,90.0,26.0,106.0,48.0,119.0,394.0
FGF17,59.0,18.0,41.0,17.0,26.0,165.0
FGF18,65.0,44.0,35.0,17.0,31.0,200.0
FGFBP3,43.0,12.0,69.0,19.0,14.0,167.0
FGFR1OP2,33.0,24.0,17.0,56.0,72.0,208.0
FHL2,98.0,39.0,68.0,46.0,72.0,330.0
FIGN,63.0,14.0,27.0,36.0,33.0,185.0
FIP1L1,42.0,12.0,16.0,17.0,85.0,184.0
FKTN,36.0,26.0,56.0,32.0,42.0,198.0
FLCN,130.0,65.0,71.0,99.0,58.0,421.0
FLII,88.0,43.0,56.0,112.0,46.0,350.0
FN3KRP,53.0,38.0,35.0,53.0,36.0,222.0
FNTB,36.0,20.0,85.0,73.0,39.0,265.0
FOS,89.0,26.0,50.0,36.0,41.0,253.0
FOXC1,72.0,23.0,34.0,119.0,90.0,350.0
FOXD4L4,41.0,23.0,25.0,52.0,40.0,185.0
FOXD4L5,57.0,28.0,29.0,105.0,22.0,254.0
FOXD4L6,31.0,13.0,40.0,30.0,57.0,190.0
FOXK1,33.0,38.0,20.0,112.0,11.0,213.0
FOXRED1,55.0,53.0,24.0,29.0,104.0,264.0
FRMD8,39.0,39.0,120.0,86.0,19.0,304.0
FSCN1,51.0,17.0,30.0,63.0,65.0,234.0
FSIP1,22.0,27.0,40.0,80.0,22.0,191.0
FTL,46.0,14.0,28.0,29.0,44.0,169.0
FURIN,37.0,13.0,29.0,58.0,40.0,178.0
FUT7,70.0,51.0,24.0,17.0,20.0,179.0
FZR1,49.0,18.0,143.0,34.0,40.0,278.0
G3BP2,53.0,16.0,65.0,28.0,43.0,211.0
G6PD,35.0,17.0,72.0,17.0,119.0,267.0
GABPA,51.0,46.0,30.0,23.0,21.0,183.0
GABPB1,92.0,27.0,23.0,62.0,72.0,285.0
GADD45GIP1,53.0,15.0,13.0,18.0,67.0,172.0
GAGE12I,41.0,19.0,68.0,48.0,20.0,195.0
GAL,35.0,15.0,43.0,39.0,111.0,249.0
GAL3ST1,83.0,33.0,17.0,39.0,11.0,193.0
GALE,20.0,20.0,18.0,139.0,18.0,206.0
GANAB,135.0,61.0,166.0,73.0,106.0,544.0
GAPDH,89.0,13.0,29.0,56.0,30.0,231.0
GART,30.0,17.0,70.0,68.0,24.0,232.0
GATA5,37.0,26.0,20.0,71.0,16.0,182.0
GATAD1,32.0,13.0,20.0,30.0,72.0,173.0
GATB,46.0,18.0,14.0,11.0,97.0,185.0
GBA2,73.0,61.0,29.0,83.0,10.0,250.0
GCHFR,42.0,24.0,46.0,47.0,17.0,170.0
GEMIN5,92.0,36.0,88.0,68.0,58.0,348.0
GEMIN8,33.0,27.0,72.0,40.0,16.0,196.0
GET4,59.0,16.0,54.0,145.0,19.0,299.0
GFER,79.0,73.0,39.0,20.0,20.0,229.0
GFM1,37.0,11.0,105.0,22.0,104.0,287.0
GFM2,19.0,11.0,71.0,20.0,103.0,217.0
GFPT1,53.0,21.0,28.0,139.0,82.0,319.0
GGNBP2,48.0,11.0,50.0,22.0,107.0,250.0
GGPS1,135.0,98.0,208.0,212.0,125.0,779.0
GGT2,28.0,29.0,75.0,32.0,84.0,249.0
GHITM,26.0,37.0,17.0,50.0,34.0,170.0
GINS1,170.0,100.0,214.0,87.0,93.0,671.0
GINS2,108.0,47.0,138.0,44.0,65.0,389.0
GINS3,59.0,77.0,63.0,39.0,30.0,271.0
GINS4,120.0,57.0,224.0,81.0,92.0,567.0
GLUD1,15.0,10.0,27.0,10.0,119.0,200.0
GMPPB,139.0,115.0,70.0,42.0,124.0,472.0
GMPS,64.0,49.0,99.0,92.0,124.0,410.0
GNA12,41.0,48.0,31.0,37.0,29.0,191.0
GNA14,54.0,21.0,32.0,39.0,53.0,212.0
GNAI2,56.0,43.0,33.0,17.0,17.0,168.0
GNB2L1,51.0,22.0,54.0,32.0,92.0,251.0
GNE,22.0,12.0,68.0,216.0,27.0,333.0
GNG10,39.0,39.0,17.0,38.0,44.0,181.0
GNGT2,24.0,42.0,24.0,82.0,13.0,182.0
GNL2,43.0,26.0,29.0,66.0,30.0,204.0
GNL3,47.0,23.0,34.0,60.0,53.0,222.0
GNL3L,84.0,17.0,37.0,15.0,22.0,183.0
GNPTAB,39.0,15.0,27.0,165.0,48.0,283.0
GOLGA2,36.0,19.0,53.0,17.0,83.0,215.0
GOLGA6A,46.0,30.0,55.0,65.0,36.0,235.0
GOLGA6L10,70.0,58.0,25.0,75.0,22.0,251.0
GOLGA6L4,35.0,20.0,44.0,137.0,26.0,260.0
GOLGA7,42.0,36.0,32.0,24.0,33.0,166.0
GOLGA8A,28.0,20.0,55.0,46.0,28.0,170.0
GOLGA8H,30.0,25.0,96.0,69.0,24.0,244.0
GOLGA8J,55.0,22.0,66.0,18.0,24.0,186.0
GOLGA8K,96.0,36.0,91.0,41.0,30.0,296.0
GOLGA8O,41.0,33.0,46.0,36.0,44.0,210.0
GOLGA8R,31.0,26.0,40.0,50.0,15.0,165.0
GOLT1A,40.0,47.0,21.0,51.0,25.0,185.0
GON4L,21.0,24.0,44.0,92.0,17.0,196.0
GOSR1,21.0,26.0,16.0,98.0,16.0,185.0
GPANK1,31.0,29.0,28.0,66.0,21.0,178.0
GPATCH8,84.0,39.0,32.0,90.0,48.0,297.0
GPC2,40.0,17.0,33.0,26.0,43.0,172.0
GPN2,94.0,47.0,109.0,48.0,114.0,425.0
GPN3,37.0,28.0,118.0,31.0,100.0,324.0
GPR135,77.0,14.0,55.0,33.0,53.0,235.0
GPR151,68.0,45.0,17.0,19.0,16.0,165.0
GPR3,49.0,20.0,22.0,52.0,17.0,166.0
GPR89B,45.0,55.0,36.0,30.0,21.0,198.0
GPS1,64.0,13.0,30.0,38.0,93.0,245.0
GPSM1,50.0,40.0,41.0,91.0,17.0,250.0
GPT2,26.0,17.0,29.0,11.0,109.0,193.0
GRAP,65.0,35.0,26.0,28.0,14.0,166.0
GRAPL,59.0,18.0,34.0,131.0,14.0,257.0
GRB2,87.0,48.0,98.0,69.0,19.0,344.0
GRIA4,48.0,25.0,24.0,56.0,13.0,172.0
GRN,93.0,41.0,36.0,42.0,33.0,256.0
GRPEL1,35.0,13.0,48.0,38.0,65.0,207.0
GTF2A2,95.0,63.0,255.0,99.0,33.0,560.0
GTF2E1,37.0,24.0,70.0,16.0,20.0,175.0
GTF2E2,32.0,60.0,65.0,68.0,36.0,257.0
GTF2F1,61.0,80.0,49.0,24.0,40.0,263.0
GTF2H2,40.0,22.0,131.0,28.0,28.0,248.0
GTF2H2C,42.0,28.0,79.0,62.0,43.0,249.0
GTF2H3,55.0,26.0,168.0,55.0,35.0,323.0
GTF2H4,52.0,44.0,118.0,82.0,27.0,315.0
GTF2I,21.0,20.0,35.0,40.0,46.0,170.0
GTF3A,46.0,47.0,23.0,111.0,45.0,284.0
GTF3C1,43.0,26.0,31.0,21.0,76.0,213.0
GTF3C3,44.0,32.0,145.0,37.0,63.0,324.0
GTPBP3,30.0,20.0,61.0,31.0,21.0,167.0
GTPBP4,29.0,16.0,42.0,86.0,44.0,229.0
GUK1,28.0,12.0,48.0,18.0,79.0,204.0
GVQW3,26.0,16.0,41.0,27.0,68.0,187.0
GYS1,59.0,24.0,39.0,18.0,18.0,168.0
H1FOO,64.0,14.0,52.0,12.0,19.0,174.0
H3F3A,33.0,45.0,42.0,36.0,16.0,165.0
H3F3C,67.0,32.0,33.0,19.0,19.0,170.0
HACD1,46.0,14.0,51.0,42.0,33.0,203.0
HAP1,42.0,66.0,23.0,73.0,32.0,231.0
HARS,137.0,24.0,42.0,48.0,65.0,323.0
HARS2,39.0,20.0,44.0,21.0,150.0,286.0
HAS2,53.0,55.0,16.0,53.0,14.0,199.0
HAUS5,49.0,16.0,36.0,20.0,44.0,173.0
HBQ1,36.0,19.0,74.0,20.0,17.0,175.0
HCFC1,37.0,27.0,42.0,19.0,45.0,168.0
HCST,24.0,11.0,40.0,31.0,51.0,170.0
HDAC7,48.0,21.0,53.0,12.0,61.0,199.0
HEATR1,34.0,35.0,88.0,59.0,68.0,289.0
HEATR5A,60.0,31.0,26.0,83.0,14.0,218.0
HES7,21.0,32.0,31.0,98.0,14.0,203.0
HEXIM1,34.0,15.0,39.0,51.0,33.0,189.0
HGC6.3,21.0,13.0,38.0,67.0,74.0,222.0
HGS,45.0,23.0,32.0,48.0,22.0,175.0
HID1,35.0,15.0,58.0,25.0,30.0,176.0
HINFP,76.0,27.0,127.0,34.0,99.0,381.0
HIRA,43.0,17.0,58.0,49.0,101.0,269.0
HIST1H1A,24.0,4.0,27.0,25.0,102.0,190.0
HIST1H2AJ,36.0,12.0,36.0,68.0,60.0,211.0
HIST1H2BF,39.0,17.0,65.0,20.0,20.0,167.0
HIST1H2BN,58.0,28.0,33.0,37.0,57.0,231.0
HIST2H3A,41.0,23.0,60.0,41.0,101.0,268.0
HIST2H3C,45.0,14.0,23.0,45.0,75.0,199.0
HIST2H4A,61.0,28.0,24.0,42.0,23.0,185.0
HIVEP1,55.0,44.0,29.0,117.0,28.0,264.0
HK2,53.0,13.0,36.0,40.0,61.0,214.0
HM13,25.0,17.0,43.0,63.0,65.0,219.0
HMGCS1,32.0,19.0,42.0,33.0,28.0,171.0
HMGN2,52.0,17.0,43.0,37.0,14.0,172.0
HMX2,42.0,17.0,36.0,40.0,43.0,189.0
HNMT,41.0,43.0,17.0,125.0,18.0,245.0
HNRNPA1,57.0,27.0,30.0,44.0,20.0,183.0
HNRNPH1,64.0,34.0,45.0,30.0,16.0,199.0
HNRNPR,34.0,25.0,24.0,26.0,59.0,170.0
HOXA10,58.0,25.0,24.0,60.0,18.0,184.0
HOXA13,66.0,66.0,16.0,101.0,25.0,264.0
HOXC5,53.0,27.0,43.0,28.0,42.0,195.0
HOXD13,47.0,47.0,31.0,45.0,27.0,206.0
HOXD3,20.0,15.0,54.0,61.0,23.0,180.0
HPDL,26.0,9.0,88.0,17.0,15.0,166.0
HRASLS5,67.0,38.0,31.0,35.0,34.0,206.0
HSD11B1,35.0,18.0,37.0,22.0,47.0,166.0
HSD11B1L,27.0,18.0,22.0,10.0,96.0,183.0
HSD17B10,68.0,32.0,34.0,67.0,116.0,315.0
HSF1,77.0,21.0,30.0,21.0,25.0,170.0
HSP90B1,144.0,19.0,91.0,72.0,136.0,470.0
HSPA14,45.0,21.0,44.0,49.0,32.0,186.0
HSPA8,46.0,15.0,20.0,16.0,78.0,179.0
HSPA9,65.0,29.0,36.0,28.0,20.0,186.0
HSPD1,127.0,34.0,29.0,36.0,62.0,287.0
HSPE1,59.0,51.0,71.0,49.0,32.0,267.0
HSPE1-MOB4,102.0,55.0,185.0,163.0,108.0,629.0
HUWE1,124.0,10.0,75.0,24.0,97.0,351.0
HYLS1,18.0,15.0,41.0,54.0,56.0,198.0
HYOU1,82.0,44.0,93.0,46.0,63.0,337.0
IARS,58.0,54.0,77.0,33.0,45.0,265.0
IARS2,64.0,36.0,36.0,23.0,13.0,176.0
ICAM1,36.0,23.0,17.0,74.0,14.0,171.0
ICE2,50.0,19.0,36.0,63.0,26.0,203.0
ID3,66.0,27.0,44.0,63.0,22.0,239.0
IER2,79.0,25.0,21.0,36.0,36.0,205.0
IFITM3,60.0,31.0,60.0,36.0,27.0,218.0
IFT122,55.0,33.0,35.0,28.0,10.0,166.0
IGBP1,44.0,26.0,62.0,25.0,19.0,181.0
IGSF8,30.0,11.0,34.0,21.0,61.0,175.0
IKBKAP,34.0,16.0,40.0,64.0,95.0,244.0
IL6ST,114.0,35.0,86.0,33.0,24.0,289.0
ILF2,80.0,36.0,31.0,40.0,56.0,259.0
ILF3,46.0,45.0,48.0,63.0,57.0,265.0
ILK,179.0,46.0,175.0,111.0,135.0,655.0
IMP3,41.0,19.0,27.0,44.0,58.0,193.0
IMP4,91.0,36.0,138.0,65.0,90.0,427.0
ING3,66.0,15.0,26.0,85.0,83.0,272.0
INHBB,55.0,31.0,13.0,73.0,17.0,198.0
INO80,66.0,21.0,29.0,38.0,17.0,174.0
INO80D,58.0,29.0,22.0,82.0,22.0,219.0
INPPL1,59.0,63.0,37.0,64.0,33.0,259.0
INTS1,55.0,22.0,93.0,40.0,43.0,258.0
INTS11,84.0,38.0,38.0,46.0,48.0,261.0
INTS2,60.0,34.0,57.0,38.0,32.0,229.0
INTS3,43.0,22.0,50.0,19.0,22.0,178.0
INTS5,42.0,16.0,41.0,27.0,73.0,212.0
INTS8,53.0,26.0,46.0,38.0,20.0,181.0
IPO4,40.0,51.0,27.0,87.0,30.0,238.0
IPO7,68.0,24.0,36.0,75.0,22.0,234.0
IPO9,53.0,12.0,11.0,60.0,133.0,284.0
IPPK,62.0,24.0,51.0,85.0,20.0,233.0
IQANK1,34.0,17.0,65.0,32.0,23.0,169.0
IQCE,19.0,46.0,18.0,68.0,24.0,173.0
IQCK,32.0,41.0,31.0,23.0,37.0,169.0
IREB2,78.0,33.0,75.0,46.0,42.0,266.0
IRF2BP1,42.0,21.0,24.0,44.0,38.0,170.0
ISCU,31.0,34.0,79.0,29.0,28.0,204.0
ISG20L2,34.0,37.0,22.0,82.0,44.0,220.0
ISL2,85.0,36.0,21.0,26.0,35.0,210.0
ISY1,32.0,11.0,44.0,22.0,38.0,167.0
ITGA4,29.0,22.0,98.0,17.0,57.0,242.0
ITGA5,30.0,14.0,30.0,26.0,63.0,178.0
ITGAV,140.0,44.0,158.0,112.0,163.0,633.0
ITGB1,105.0,39.0,188.0,84.0,101.0,535.0
ITGB5,127.0,39.0,70.0,98.0,156.0,496.0
ITSN2,21.0,10.0,17.0,15.0,99.0,169.0
IWS1,43.0,19.0,32.0,27.0,54.0,174.0
JMJD1C,78.0,58.0,36.0,40.0,54.0,269.0
JMJD4,30.0,49.0,22.0,61.0,17.0,173.0
JMJD6,26.0,20.0,23.0,28.0,55.0,165.0
JMJD7-PLA2G4B,43.0,33.0,31.0,110.0,14.0,237.0
JUNB,101.0,43.0,104.0,90.0,28.0,376.0
KANSL3,54.0,23.0,28.0,39.0,17.0,178.0
KAT2A,68.0,19.0,58.0,21.0,23.0,194.0
KAT5,30.0,41.0,41.0,32.0,34.0,182.0
KAT7,37.0,23.0,94.0,20.0,35.0,219.0
KAT8,70.0,52.0,59.0,15.0,64.0,262.0
KATNA1,75.0,51.0,29.0,82.0,122.0,361.0
KATNB1,96.0,49.0,60.0,119.0,97.0,435.0
KCNE3,55.0,23.0,54.0,11.0,36.0,184.0
KCNIP1,57.0,59.0,17.0,29.0,16.0,181.0
KCNIP2,43.0,40.0,24.0,49.0,14.0,177.0
KCNK15,68.0,46.0,24.0,35.0,15.0,180.0
KCNK5,35.0,20.0,30.0,82.0,35.0,198.0
KCNN1,37.0,60.0,19.0,55.0,12.0,183.0
KCNQ4,65.0,31.0,29.0,49.0,16.0,197.0
KCTD1,64.0,29.0,25.0,33.0,17.0,177.0
KCTD10,32.0,24.0,35.0,11.0,52.0,182.0
KCTD11,53.0,32.0,66.0,41.0,44.0,246.0
KCTD5,39.0,20.0,76.0,24.0,18.0,187.0
KDELR2,72.0,19.0,50.0,27.0,52.0,223.0
KDM1A,45.0,12.0,66.0,14.0,14.0,165.0
KDM2B,29.0,14.0,28.0,22.0,65.0,171.0
KEAP1,32.0,13.0,33.0,24.0,78.0,186.0
KHSRP,38.0,20.0,31.0,29.0,60.0,186.0
KIAA0391,35.0,21.0,26.0,36.0,114.0,233.0
KIAA0753,27.0,33.0,14.0,85.0,20.0,185.0
KIAA1429,38.0,7.0,44.0,30.0,138.0,258.0
KIAA2013,31.0,18.0,30.0,116.0,35.0,227.0
KIF20A,56.0,43.0,24.0,104.0,46.0,292.0
KIF5B,98.0,22.0,39.0,150.0,77.0,390.0
KLC3,42.0,9.0,25.0,10.0,96.0,189.0
KLF16,88.0,37.0,82.0,32.0,33.0,276.0
KLF5,123.0,20.0,87.0,30.0,94.0,352.0
KLHDC3,42.0,31.0,28.0,58.0,47.0,203.0
KLHL11,55.0,20.0,62.0,11.0,27.0,192.0
KLHL20,40.0,53.0,30.0,77.0,15.0,204.0
KLHL36,61.0,42.0,43.0,29.0,37.0,220.0
KLRD1,54.0,38.0,20.0,31.0,18.0,175.0
KLRG1,46.0,19.0,17.0,12.0,82.0,180.0
KPNB1,40.0,24.0,53.0,57.0,108.0,301.0
KRI1,109.0,38.0,98.0,23.0,72.0,345.0
KRR1,115.0,32.0,162.0,48.0,108.0,467.0
KRT15,54.0,44.0,21.0,70.0,23.0,222.0
KRT18,32.0,19.0,25.0,69.0,27.0,187.0
KRT40,44.0,71.0,26.0,71.0,20.0,225.0
KRT6B,46.0,12.0,71.0,10.0,27.0,171.0
KRTCAP2,26.0,14.0,87.0,36.0,13.0,184.0
KXD1,34.0,56.0,24.0,51.0,15.0,173.0
L3MBTL1,42.0,22.0,20.0,49.0,22.0,173.0
L3MBTL2,51.0,26.0,50.0,22.0,62.0,229.0
LAMA5,60.0,39.0,50.0,18.0,28.0,192.0
LAMC1,28.0,22.0,37.0,44.0,61.0,200.0
LAMTOR2,50.0,18.0,36.0,49.0,30.0,185.0
LAMTOR5,47.0,27.0,51.0,54.0,19.0,195.0
LAP3,38.0,18.0,30.0,28.0,90.0,214.0
LARP4,110.0,44.0,29.0,36.0,23.0,253.0
LARS,72.0,32.0,33.0,36.0,115.0,290.0
LARS2,23.0,10.0,37.0,11.0,129.0,220.0
LAS1L,50.0,81.0,43.0,150.0,48.0,354.0
LASP1,36.0,13.0,46.0,21.0,67.0,193.0
LCMT1,60.0,28.0,54.0,86.0,62.0,284.0
LCN2,54.0,17.0,29.0,29.0,39.0,174.0
LDB1,55.0,24.0,84.0,38.0,58.0,265.0
LENG8,26.0,25.0,38.0,17.0,56.0,174.0
LEO1,46.0,21.0,38.0,30.0,37.0,185.0
LETM1,119.0,17.0,51.0,15.0,50.0,250.0
LETMD1,61.0,52.0,37.0,47.0,18.0,209.0
LGALS9C,38.0,19.0,46.0,27.0,19.0,165.0
LHFPL2,35.0,14.0,73.0,15.0,55.0,194.0
LIMS1,102.0,29.0,98.0,84.0,133.0,448.0
LIN37,37.0,13.0,164.0,17.0,50.0,283.0
LIN52,24.0,21.0,78.0,23.0,17.0,171.0
LINC00452,30.0,19.0,18.0,84.0,19.0,180.0
LITAF,52.0,7.0,24.0,30.0,62.0,178.0
LLGL1,74.0,37.0,66.0,90.0,52.0,324.0
LOC100130370,40.0,39.0,33.0,21.0,40.0,185.0
LOC100130451,29.0,28.0,17.0,72.0,34.0,188.0
LOC100286986,50.0,43.0,34.0,53.0,13.0,198.0
LOC100288562,67.0,29.0,37.0,24.0,25.0,186.0
LOC100506388,58.0,25.0,67.0,29.0,23.0,217.0
LOC100509620,37.0,19.0,34.0,30.0,33.0,165.0
LOC100996414,29.0,8.0,30.0,19.0,88.0,187.0
LOC100996643,36.0,17.0,38.0,44.0,18.0,172.0
LOC100996717,61.0,57.0,30.0,68.0,35.0,256.0
LOC100996741,24.0,15.0,39.0,33.0,42.0,172.0
LOC100996763,33.0,27.0,38.0,38.0,38.0,172.0
LOC100996911,22.0,23.0,68.0,46.0,23.0,177.0
LOC101060179,72.0,28.0,21.0,22.0,56.0,208.0
LOC101928592,68.0,33.0,33.0,35.0,22.0,198.0
LOC101928764,26.0,54.0,52.0,95.0,10.0,236.0
LOC101929141,80.0,23.0,24.0,90.0,28.0,256.0
LOC101929599,34.0,33.0,29.0,75.0,66.0,255.0
LOC101929627,64.0,31.0,91.0,29.0,61.0,282.0
LOC101929950,79.0,27.0,33.0,23.0,13.0,176.0
LOC102723534,88.0,39.0,67.0,32.0,31.0,260.0
LOC102723750,28.0,24.0,31.0,67.0,19.0,170.0
LOC102724151,24.0,21.0,103.0,19.0,20.0,202.0
LOC102724159,148.0,26.0,103.0,34.0,117.0,441.0
LOC102724813,43.0,43.0,40.0,17.0,19.0,165.0
LOC102724957,30.0,56.0,31.0,55.0,14.0,194.0
LOC102724971,22.0,25.0,87.0,31.0,15.0,181.0
LOC105369274,38.0,16.0,20.0,48.0,47.0,173.0
LOC105369591,37.0,30.0,15.0,64.0,16.0,171.0
LOC105370691,41.0,27.0,42.0,30.0,43.0,186.0
LOC105371763,34.0,28.0,12.0,89.0,15.0,188.0
LOC105371844,53.0,29.0,18.0,18.0,40.0,169.0
LOC105371933,36.0,58.0,25.0,39.0,44.0,195.0
LOC105372798,41.0,49.0,21.0,52.0,16.0,184.0
LOC105372883,26.0,34.0,22.0,79.0,24.0,178.0
LOC105375112,55.0,54.0,37.0,75.0,85.0,311.0
LOC105376525,49.0,28.0,48.0,44.0,50.0,222.0
LOC105376906,44.0,19.0,112.0,23.0,47.0,268.0
LOC105378260,32.0,28.0,54.0,18.0,18.0,165.0
LOC105378862,37.0,29.0,31.0,42.0,30.0,177.0
LOC105378947,50.0,30.0,74.0,23.0,38.0,231.0
LOC105379547,24.0,23.0,73.0,34.0,16.0,165.0
LOC105379561,34.0,23.0,47.0,78.0,23.0,195.0
LOC107984043,22.0,30.0,69.0,45.0,24.0,191.0
LOC107984590,31.0,42.0,34.0,46.0,16.0,169.0
LOC107984841,56.0,17.0,39.0,20.0,14.0,168.0
LOC107985246,36.0,43.0,28.0,65.0,16.0,192.0
LOC107985692,48.0,22.0,73.0,24.0,21.0,196.0
LOC107985911,49.0,28.0,44.0,49.0,21.0,197.0
LOC107986352,69.0,28.0,22.0,21.0,59.0,202.0
LOC107986803,70.0,27.0,19.0,45.0,61.0,224.0
LOC107986805,41.0,39.0,48.0,42.0,12.0,187.0
LOC107986838,101.0,122.0,34.0,115.0,14.0,366.0
LOC107987067,47.0,86.0,15.0,55.0,30.0,247.0
LOC107987158,27.0,36.0,12.0,54.0,39.0,177.0
LOC107987233,33.0,29.0,16.0,75.0,16.0,167.0
LOC107987351,50.0,66.0,31.0,26.0,10.0,184.0
LOC107987363,45.0,17.0,59.0,11.0,21.0,168.0
LOC107987377,40.0,28.0,52.0,75.0,18.0,206.0
LOC110117498,43.0,28.0,23.0,60.0,17.0,171.0
LOC112267959,42.0,26.0,46.0,19.0,37.0,194.0
LOC112268000,35.0,8.0,22.0,7.0,81.0,165.0
LOC112268076,45.0,40.0,39.0,64.0,83.0,261.0
LOC112268140,49.0,49.0,30.0,52.0,27.0,208.0
LOC112268168,39.0,38.0,37.0,40.0,38.0,192.0
LOC112268219,26.0,12.0,24.0,18.0,92.0,194.0
LOC112268284,34.0,18.0,42.0,19.0,50.0,175.0
LOC400927-CSNK1E,40.0,22.0,33.0,80.0,16.0,197.0
LOC440292,54.0,42.0,37.0,111.0,28.0,261.0
LOC644249,43.0,35.0,16.0,51.0,28.0,176.0
LONP1,94.0,36.0,31.0,26.0,73.0,261.0
LOXL2,52.0,12.0,109.0,24.0,15.0,215.0
LPAR1,58.0,17.0,25.0,46.0,87.0,243.0
LPCAT1,50.0,38.0,39.0,38.0,28.0,198.0
LRFN3,24.0,14.0,52.0,18.0,53.0,169.0
LRIG1,27.0,47.0,18.0,68.0,13.0,172.0
LRPPRC,30.0,19.0,61.0,28.0,76.0,211.0
LRRC32,19.0,41.0,21.0,31.0,54.0,174.0
LRRC34,66.0,15.0,25.0,29.0,29.0,168.0
LRRC37A2,44.0,31.0,58.0,49.0,13.0,203.0
LRRC47,44.0,66.0,24.0,48.0,17.0,188.0
LRTOMT,48.0,15.0,25.0,45.0,63.0,204.0
LSG1,45.0,34.0,40.0,128.0,68.0,312.0
LSM10,56.0,27.0,143.0,22.0,44.0,298.0
LSM11,82.0,59.0,176.0,78.0,86.0,469.0
LSM2,72.0,30.0,15.0,26.0,54.0,212.0
LSM5,30.0,22.0,37.0,31.0,33.0,166.0
LTBP3,35.0,19.0,20.0,26.0,88.0,191.0
LTV1,105.0,33.0,207.0,50.0,70.0,456.0
LUC7L3,50.0,25.0,46.0,39.0,45.0,221.0
LY6G5B,44.0,10.0,22.0,48.0,50.0,177.0
LYG1,53.0,18.0,25.0,58.0,41.0,201.0
LYPD6,29.0,16.0,33.0,22.0,67.0,179.0
LYPD6B,23.0,13.0,79.0,25.0,15.0,175.0
LYRM4,68.0,14.0,62.0,33.0,53.0,232.0
LYST,20.0,49.0,38.0,95.0,9.0,211.0
LZTS1,51.0,47.0,23.0,54.0,17.0,201.0
MACROD1,23.0,43.0,30.0,34.0,30.0,165.0
MAD2L2,46.0,23.0,86.0,30.0,23.0,227.0
MAFG,34.0,17.0,69.0,43.0,15.0,190.0
MAGEC1,66.0,37.0,30.0,40.0,18.0,194.0
MAGOHB,47.0,20.0,39.0,22.0,39.0,177.0
MAK16,36.0,15.0,34.0,103.0,42.0,242.0
MALSU1,23.0,20.0,23.0,18.0,140.0,227.0
MAMDC4,40.0,37.0,16.0,42.0,26.0,168.0
MAN2A2,44.0,32.0,68.0,17.0,19.0,181.0
MANBAL,58.0,17.0,18.0,21.0,65.0,189.0
MAP3K6,41.0,33.0,24.0,55.0,13.0,167.0
MAPK1,27.0,16.0,37.0,47.0,68.0,190.0
MAPK7,76.0,31.0,110.0,100.0,31.0,356.0
MAPKAP1,66.0,58.0,19.0,52.0,15.0,211.0
MAPRE1,54.0,5.0,40.0,38.0,66.0,209.0
MAPT,38.0,16.0,39.0,14.0,59.0,175.0
MARS,105.0,23.0,105.0,36.0,59.0,329.0
MARS2,25.0,18.0,33.0,19.0,126.0,232.0
MAU2,57.0,31.0,71.0,55.0,52.0,268.0
MBD3,43.0,13.0,33.0,48.0,47.0,190.0
MBLAC1,30.0,24.0,23.0,93.0,13.0,178.0
MCAT,60.0,13.0,24.0,15.0,124.0,250.0
MCM2,39.0,23.0,46.0,45.0,41.0,196.0
MCM3,72.0,30.0,99.0,53.0,59.0,317.0
MCM3AP,38.0,11.0,35.0,28.0,53.0,169.0
MCM4,67.0,27.0,65.0,26.0,45.0,228.0
MCM5,107.0,49.0,102.0,62.0,63.0,397.0
MCM6,44.0,23.0,34.0,36.0,41.0,191.0
MCM7,44.0,21.0,80.0,28.0,20.0,206.0
MCOLN3,28.0,15.0,19.0,81.0,27.0,173.0
MCRS1,56.0,21.0,35.0,41.0,68.0,231.0
MDFIC2,55.0,59.0,45.0,80.0,27.0,257.0
MDH2,49.0,30.0,36.0,33.0,182.0,330.0
ME1,24.0,6.0,24.0,18.0,122.0,195.0
MED10,26.0,19.0,36.0,24.0,47.0,165.0
MED11,62.0,19.0,140.0,36.0,44.0,313.0
MED12,201.0,94.0,260.0,133.0,70.0,771.0
MED13,47.0,43.0,93.0,32.0,19.0,238.0
MED16,156.0,60.0,78.0,30.0,24.0,338.0
MED18,69.0,33.0,124.0,31.0,52.0,314.0
MED19,43.0,14.0,57.0,15.0,40.0,165.0
MED20,40.0,27.0,47.0,32.0,90.0,253.0
MED21,38.0,30.0,39.0,34.0,37.0,191.0
MED23,147.0,53.0,160.0,42.0,48.0,460.0
MED24,136.0,38.0,123.0,30.0,82.0,401.0
MED26,91.0,52.0,134.0,39.0,32.0,357.0
MED28,74.0,23.0,41.0,23.0,30.0,196.0
MED4,64.0,36.0,149.0,40.0,39.0,316.0
MED6,35.0,19.0,80.0,25.0,25.0,188.0
MED7,80.0,76.0,30.0,58.0,43.0,298.0
MEI1,36.0,38.0,72.0,52.0,23.0,235.0
MEIS2,25.0,13.0,112.0,40.0,21.0,225.0
MEN1,59.0,23.0,31.0,31.0,144.0,289.0
MEPCE,35.0,22.0,52.0,50.0,36.0,203.0
MESDC2,115.0,26.0,62.0,78.0,49.0,331.0
METAP1,55.0,12.0,34.0,146.0,49.0,292.0
METTL12,45.0,56.0,48.0,48.0,25.0,229.0
METTL14,36.0,17.0,63.0,44.0,46.0,207.0
METTL17,35.0,21.0,32.0,20.0,134.0,248.0
METTL3,54.0,29.0,40.0,23.0,79.0,227.0
METTL7A,30.0,10.0,16.0,31.0,63.0,166.0
MFN1,53.0,28.0,30.0,30.0,24.0,171.0
MFN2,91.0,41.0,41.0,19.0,17.0,212.0
MFSD4,34.0,13.0,35.0,20.0,69.0,178.0
MGARP,43.0,70.0,42.0,51.0,18.0,231.0
MGAT1,39.0,58.0,32.0,234.0,46.0,390.0
MGAT4A,64.0,44.0,36.0,85.0,21.0,247.0
MGRN1,96.0,21.0,17.0,84.0,40.0,260.0
MIDN,73.0,42.0,22.0,78.0,25.0,241.0
MIEN1,25.0,22.0,25.0,40.0,42.0,166.0
MIOS,116.0,31.0,47.0,44.0,13.0,259.0
MIS18A,23.0,8.0,22.0,8.0,81.0,166.0
MITD1,50.0,35.0,21.0,31.0,32.0,170.0
MLNR,97.0,69.0,31.0,54.0,13.0,262.0
MLYCD,43.0,28.0,15.0,61.0,32.0,196.0
MMP14,51.0,12.0,31.0,27.0,31.0,167.0
MMS22L,54.0,36.0,49.0,41.0,31.0,226.0
MNS1,34.0,23.0,59.0,15.0,33.0,167.0
MOB3A,91.0,58.0,47.0,38.0,24.0,268.0
MOB4,94.0,13.0,132.0,70.0,81.0,407.0
MOCS1,35.0,17.0,49.0,22.0,47.0,184.0
MON2,32.0,45.0,64.0,12.0,48.0,203.0
MORC2,55.0,55.0,33.0,22.0,30.0,202.0
MPDU1,22.0,141.0,61.0,58.0,28.0,308.0
MPHOSPH10,50.0,22.0,85.0,37.0,65.0,264.0
MPHOSPH8,26.0,25.0,28.0,24.0,60.0,173.0
MPI,34.0,118.0,29.0,14.0,15.0,202.0
MRGBP,30.0,14.0,49.0,136.0,85.0,319.0
MRGPRF,47.0,16.0,21.0,19.0,130.0,238.0
MRI1,59.0,39.0,25.0,44.0,12.0,178.0
MRM2,49.0,13.0,58.0,22.0,80.0,221.0
MROH8,34.0,34.0,20.0,55.0,31.0,191.0
MRPL1,20.0,9.0,23.0,16.0,92.0,170.0
MRPL10,47.0,20.0,32.0,48.0,69.0,234.0
MRPL11,26.0,14.0,34.0,34.0,123.0,229.0
MRPL12,34.0,13.0,27.0,10.0,94.0,190.0
MRPL13,60.0,22.0,75.0,36.0,146.0,332.0
MRPL14,29.0,18.0,29.0,25.0,157.0,262.0
MRPL15,29.0,26.0,44.0,44.0,112.0,245.0
MRPL16,35.0,14.0,34.0,23.0,132.0,238.0
MRPL17,33.0,7.0,20.0,11.0,162.0,236.0
MRPL18,78.0,19.0,33.0,34.0,139.0,302.0
MRPL19,41.0,27.0,35.0,22.0,104.0,239.0
MRPL20,22.0,17.0,22.0,26.0,124.0,214.0
MRPL21,26.0,18.0,19.0,13.0,107.0,184.0
MRPL24,23.0,10.0,20.0,16.0,99.0,171.0
MRPL27,30.0,16.0,44.0,17.0,51.0,177.0
MRPL3,52.0,6.0,21.0,17.0,108.0,203.0
MRPL32,54.0,16.0,86.0,14.0,64.0,240.0
MRPL34,47.0,16.0,48.0,26.0,70.0,215.0
MRPL35,24.0,6.0,14.0,12.0,127.0,186.0
MRPL36,31.0,14.0,24.0,33.0,85.0,182.0
MRPL38,34.0,17.0,27.0,17.0,70.0,176.0
MRPL39,59.0,18.0,41.0,54.0,72.0,239.0
MRPL4,26.0,12.0,17.0,14.0,114.0,186.0
MRPL41,29.0,21.0,23.0,16.0,94.0,189.0
MRPL42,59.0,14.0,45.0,19.0,121.0,259.0
MRPL43,73.0,37.0,42.0,41.0,71.0,287.0
MRPL44,40.0,12.0,26.0,19.0,135.0,230.0
MRPL45,74.0,32.0,37.0,23.0,164.0,334.0
MRPL47,32.0,14.0,43.0,19.0,107.0,220.0
MRPL48,45.0,20.0,34.0,23.0,121.0,248.0
MRPL49,40.0,16.0,44.0,15.0,155.0,281.0
MRPL50,35.0,16.0,28.0,25.0,66.0,178.0
MRPL51,37.0,10.0,31.0,16.0,113.0,222.0
MRPL52,57.0,25.0,24.0,28.0,133.0,270.0
MRPL53,25.0,5.0,27.0,13.0,117.0,191.0
MRPL54,21.0,19.0,26.0,50.0,97.0,225.0
MRPL57,39.0,15.0,41.0,21.0,141.0,261.0
MRPL9,25.0,11.0,15.0,17.0,102.0,181.0
MRPS10,34.0,16.0,23.0,26.0,147.0,245.0
MRPS11,45.0,19.0,16.0,17.0,76.0,177.0
MRPS12,27.0,9.0,24.0,14.0,147.0,222.0
MRPS14,27.0,26.0,18.0,43.0,103.0,220.0
MRPS15,39.0,8.0,23.0,23.0,77.0,168.0
MRPS16,40.0,14.0,53.0,32.0,126.0,281.0
MRPS17,25.0,21.0,36.0,14.0,86.0,182.0
MRPS18A,46.0,22.0,29.0,27.0,48.0,180.0
MRPS18B,41.0,18.0,44.0,18.0,97.0,222.0
MRPS2,40.0,11.0,37.0,19.0,164.0,271.0
MRPS21,35.0,10.0,35.0,15.0,116.0,210.0
MRPS22,52.0,18.0,67.0,34.0,108.0,280.0
MRPS25,28.0,14.0,21.0,20.0,106.0,195.0
MRPS27,39.0,20.0,44.0,20.0,129.0,260.0
MRPS30,36.0,13.0,23.0,93.0,70.0,237.0
MRPS33,65.0,27.0,110.0,35.0,132.0,374.0
MRPS34,19.0,11.0,21.0,15.0,136.0,212.0
MRPS35,25.0,9.0,59.0,30.0,139.0,268.0
MRPS6,50.0,14.0,39.0,21.0,161.0,296.0
MRPS7,31.0,13.0,20.0,11.0,130.0,206.0
MRPS9,18.0,14.0,23.0,12.0,107.0,180.0
MRS2,46.0,17.0,28.0,65.0,19.0,171.0
MSANTD3,36.0,9.0,69.0,26.0,24.0,178.0
MSLN,39.0,55.0,26.0,37.0,17.0,178.0
MTA2,63.0,20.0,31.0,37.0,118.0,277.0
MTCH1,58.0,11.0,21.0,16.0,80.0,196.0
MTERF4,22.0,12.0,21.0,16.0,152.0,228.0
MTF2,43.0,34.0,64.0,57.0,53.0,272.0
MTHFD1,49.0,36.0,50.0,72.0,36.0,258.0
MTMR10,23.0,21.0,16.0,84.0,23.0,168.0
MTMR9,67.0,34.0,22.0,24.0,22.0,174.0
MTOR,190.0,75.0,56.0,138.0,75.0,534.0
MTPAP,37.0,12.0,17.0,14.0,107.0,196.0
MTR,25.0,8.0,84.0,16.0,39.0,170.0
MTURN,38.0,27.0,53.0,37.0,26.0,168.0
MUSTN1,43.0,64.0,22.0,42.0,11.0,184.0
MVD,74.0,45.0,112.0,27.0,36.0,302.0
MYBBP1A,42.0,36.0,38.0,110.0,79.0,320.0
MYBPC3,34.0,30.0,41.0,47.0,94.0,244.0
MYC,145.0,74.0,74.0,65.0,37.0,388.0
MYH15,22.0,43.0,40.0,52.0,15.0,171.0
MYH9,67.0,21.0,50.0,32.0,108.0,291.0
MYLIP,146.0,55.0,29.0,160.0,124.0,502.0
MYLK,36.0,51.0,17.0,47.0,18.0,185.0
MYO16,43.0,38.0,30.0,27.0,29.0,165.0
NAA10,57.0,28.0,124.0,58.0,37.0,307.0
NAA16,55.0,40.0,21.0,45.0,17.0,175.0
NAA20,56.0,25.0,49.0,11.0,17.0,172.0
NAALADL1,36.0,16.0,22.0,12.0,83.0,175.0
NACA,62.0,31.0,27.0,25.0,87.0,242.0
NACA2,51.0,36.0,81.0,20.0,21.0,211.0
NACC1,63.0,27.0,80.0,61.0,38.0,272.0
NACC2,20.0,15.0,17.0,25.0,83.0,167.0
NAE1,57.0,17.0,48.0,26.0,19.0,165.0
NAF1,47.0,33.0,49.0,43.0,45.0,217.0
NAPG,25.0,23.0,20.0,102.0,23.0,189.0
NARS,117.0,15.0,91.0,35.0,87.0,349.0
NARS2,38.0,16.0,30.0,23.0,147.0,258.0
NAT10,48.0,13.0,48.0,22.0,61.0,193.0
NATD1,42.0,39.0,47.0,80.0,40.0,253.0
NBPF1,45.0,38.0,46.0,33.0,15.0,178.0
NBPF10,64.0,15.0,35.0,35.0,57.0,218.0
NBPF11,46.0,18.0,45.0,23.0,32.0,173.0
NBPF12,36.0,14.0,24.0,56.0,33.0,177.0
NBPF15,26.0,31.0,25.0,51.0,84.0,217.0
NBPF3,63.0,27.0,32.0,29.0,11.0,176.0
NCAPD2,61.0,30.0,78.0,41.0,87.0,327.0
NCAPG,40.0,15.0,40.0,24.0,61.0,194.0
NCBP1,78.0,17.0,37.0,22.0,54.0,218.0
NCBP2,37.0,37.0,31.0,31.0,39.0,179.0
NCBP3,49.0,19.0,70.0,28.0,46.0,218.0
NCEH1,86.0,77.0,18.0,37.0,20.0,231.0
NCK1,71.0,15.0,17.0,28.0,35.0,178.0
NCKAP1,87.0,38.0,196.0,70.0,109.0,517.0
NCKAP5L,84.0,23.0,55.0,53.0,22.0,244.0
NCOA4,53.0,21.0,17.0,49.0,18.0,166.0
NDC1,88.0,22.0,30.0,44.0,84.0,276.0
NDFIP2,39.0,20.0,40.0,25.0,48.0,177.0
NDOR1,102.0,39.0,85.0,44.0,39.0,313.0
NDP,45.0,22.0,28.0,25.0,41.0,168.0
NDRG1,45.0,24.0,74.0,29.0,28.0,207.0
NDUFA11,47.0,16.0,29.0,33.0,153.0,279.0
NDUFA13,38.0,25.0,30.0,25.0,74.0,198.0
NDUFA2,44.0,27.0,73.0,28.0,158.0,335.0
NDUFA4L2,58.0,54.0,12.0,43.0,30.0,198.0
NDUFA5,59.0,19.0,45.0,25.0,95.0,253.0
NDUFA6,45.0,12.0,46.0,17.0,136.0,266.0
NDUFA8,46.0,11.0,33.0,17.0,105.0,224.0
NDUFA9,54.0,24.0,74.0,25.0,148.0,343.0
NDUFAF4,55.0,20.0,44.0,39.0,43.0,213.0
NDUFB10,37.0,11.0,28.0,22.0,105.0,205.0
NDUFB11,25.0,10.0,25.0,39.0,70.0,171.0
NDUFB2,28.0,19.0,42.0,22.0,117.0,242.0
NDUFB4,37.0,14.0,36.0,18.0,143.0,253.0
NDUFB5,40.0,15.0,69.0,17.0,44.0,195.0
NDUFB6,16.0,11.0,11.0,9.0,120.0,166.0
NDUFB7,18.0,9.0,25.0,12.0,103.0,177.0
NDUFB8,46.0,22.0,26.0,37.0,144.0,283.0
NDUFB9,29.0,11.0,63.0,40.0,146.0,280.0
NDUFC1,24.0,9.0,29.0,8.0,128.0,216.0
NDUFC2-KCTD14,31.0,7.0,45.0,9.0,68.0,176.0
NDUFS1,28.0,5.0,32.0,34.0,175.0,277.0
NDUFS5,32.0,7.0,55.0,21.0,157.0,275.0
NDUFS7,51.0,20.0,49.0,20.0,53.0,200.0
NDUFS8,45.0,25.0,39.0,18.0,134.0,266.0
NDUFV1,43.0,18.0,33.0,28.0,170.0,292.0
NEDD8,38.0,17.0,64.0,24.0,32.0,179.0
NEIL2,67.0,74.0,31.0,50.0,45.0,259.0
NEK7,27.0,36.0,43.0,40.0,33.0,182.0
NELFA,66.0,23.0,39.0,58.0,40.0,232.0
NELFB,87.0,34.0,72.0,88.0,92.0,371.0
NELFCD,51.0,21.0,31.0,64.0,115.0,297.0
NELFE,40.0,19.0,34.0,31.0,58.0,190.0
NEPRO,56.0,23.0,139.0,64.0,103.0,379.0
NF1,89.0,10.0,36.0,24.0,34.0,207.0
NF2,43.0,3.0,21.0,22.0,110.0,207.0
NFAT5,21.0,13.0,25.0,14.0,110.0,188.0
NFS1,39.0,44.0,34.0,31.0,57.0,206.0
NFYB,27.0,17.0,61.0,29.0,32.0,175.0
NFYC,46.0,25.0,55.0,40.0,30.0,206.0
NGDN,129.0,30.0,45.0,54.0,103.0,359.0
NHLRC2,48.0,26.0,50.0,41.0,21.0,179.0
NIF3L1,18.0,34.0,28.0,103.0,25.0,205.0
NIFK,97.0,31.0,89.0,40.0,15.0,280.0
NIP7,55.0,57.0,101.0,147.0,27.0,373.0
NIPBL,92.0,49.0,102.0,137.0,30.0,400.0
NLE1,46.0,32.0,59.0,98.0,23.0,268.0
NLRC4,19.0,11.0,35.0,54.0,65.0,185.0
NMT1,101.0,31.0,53.0,41.0,63.0,303.0
NMT2,44.0,29.0,41.0,33.0,42.0,193.0
NOA1,30.0,17.0,40.0,14.0,81.0,180.0
NOB1,117.0,25.0,133.0,44.0,126.0,444.0
NOC4L,155.0,55.0,191.0,65.0,138.0,596.0
NODAL,89.0,37.0,15.0,27.0,44.0,222.0
NOL10,88.0,29.0,178.0,43.0,97.0,453.0
NOL11,74.0,33.0,86.0,61.0,46.0,311.0
NOL6,109.0,33.0,147.0,47.0,67.0,413.0
NOL9,34.0,19.0,46.0,119.0,29.0,251.0
NOLC1,28.0,17.0,72.0,19.0,25.0,176.0
NOM1,115.0,22.0,93.0,62.0,98.0,381.0
NOMO1,39.0,11.0,40.0,26.0,47.0,175.0
NOP10,65.0,19.0,159.0,24.0,84.0,364.0
NOP14,108.0,23.0,54.0,40.0,29.0,258.0
NOP16,49.0,21.0,51.0,81.0,50.0,246.0
NOP56,47.0,16.0,156.0,42.0,52.0,319.0
NOP58,42.0,18.0,56.0,14.0,55.0,200.0
NOP9,68.0,45.0,84.0,55.0,31.0,285.0
NPAT,45.0,23.0,21.0,43.0,30.0,176.0
NPC1,46.0,36.0,44.0,140.0,45.0,301.0
NPIPA1,42.0,26.0,28.0,38.0,71.0,212.0
NPIPA2,67.0,37.0,28.0,80.0,40.0,261.0
NPIPB9,23.0,19.0,44.0,22.0,72.0,176.0
NPLOC4,75.0,27.0,124.0,37.0,47.0,323.0
NPRL2,33.0,15.0,40.0,66.0,18.0,193.0
NR1H2,82.0,16.0,50.0,37.0,30.0,226.0
NR4A2,89.0,17.0,35.0,30.0,28.0,209.0
NRBP1,186.0,102.0,39.0,40.0,28.0,400.0
NRF1,75.0,22.0,53.0,54.0,142.0,343.0
NSF,60.0,51.0,75.0,65.0,25.0,280.0
NSFL1C,33.0,11.0,25.0,51.0,36.0,166.0
NSMCE1,64.0,27.0,70.0,30.0,23.0,221.0
NSUN4,72.0,17.0,59.0,37.0,17.0,207.0
NT5M,60.0,51.0,29.0,86.0,16.0,236.0
NTMT1,33.0,26.0,39.0,52.0,35.0,186.0
NTN1,35.0,25.0,16.0,69.0,17.0,169.0
NTRK2,58.0,48.0,18.0,70.0,13.0,208.0
NUBP1,151.0,110.0,169.0,126.0,98.0,651.0
NUBP2,43.0,27.0,101.0,37.0,28.0,239.0
NUDCD3,52.0,19.0,34.0,29.0,28.0,173.0
NUDT21,61.0,59.0,26.0,29.0,19.0,195.0
NUDT3,36.0,23.0,59.0,16.0,28.0,172.0
NUFIP1,53.0,5.0,113.0,33.0,58.0,288.0
NUFIP2,30.0,12.0,57.0,25.0,37.0,167.0
NUP133,64.0,23.0,41.0,31.0,39.0,213.0
NUP155,46.0,15.0,33.0,42.0,54.0,188.0
NUP188,57.0,27.0,33.0,30.0,18.0,170.0
NUP50,101.0,46.0,27.0,76.0,88.0,348.0
NUP54,69.0,13.0,26.0,27.0,86.0,229.0
NUP58,34.0,20.0,45.0,19.0,54.0,169.0
NUP62,29.0,47.0,25.0,80.0,47.0,237.0
NUP85,42.0,19.0,57.0,24.0,47.0,202.0
NUP88,45.0,28.0,23.0,18.0,72.0,191.0
NVL,38.0,49.0,56.0,107.0,47.0,285.0
NXT1,73.0,14.0,62.0,37.0,81.0,280.0
OAF,87.0,60.0,26.0,87.0,23.0,291.0
OBP2A,30.0,38.0,21.0,37.0,36.0,168.0
OCA2,13.0,21.0,40.0,87.0,13.0,167.0
OGDH,29.0,12.0,22.0,10.0,94.0,168.0
OIP5,24.0,33.0,47.0,47.0,15.0,186.0
OLFM2,24.0,35.0,40.0,64.0,47.0,221.0
OPA1,79.0,11.0,35.0,16.0,29.0,184.0
OPRL1,63.0,18.0,42.0,37.0,16.0,181.0
OR2T3,27.0,36.0,20.0,63.0,27.0,169.0
OR4F16,35.0,36.0,30.0,100.0,82.0,286.0
ORC1,36.0,49.0,23.0,88.0,17.0,215.0
ORC6,64.0,38.0,42.0,29.0,25.0,206.0
OSBP,52.0,17.0,176.0,43.0,35.0,338.0
OSCAR,36.0,14.0,62.0,22.0,28.0,167.0
OSGEP,73.0,13.0,16.0,29.0,68.0,214.0
OTUB1,46.0,70.0,22.0,38.0,11.0,186.0
OTUD5,18.0,25.0,31.0,16.0,70.0,170.0
OTUD7A,22.0,19.0,91.0,61.0,17.0,207.0
OXA1L,74.0,20.0,60.0,45.0,105.0,302.0
OXCT2,30.0,49.0,17.0,32.0,44.0,175.0
P2RX2,51.0,37.0,58.0,70.0,19.0,243.0
P2RY2,60.0,28.0,22.0,25.0,55.0,194.0
PABPN1,34.0,18.0,39.0,18.0,44.0,173.0
PAGR1,34.0,26.0,55.0,39.0,28.0,195.0
PAICS,53.0,57.0,56.0,94.0,50.0,307.0
PAK1IP1,58.0,40.0,46.0,182.0,36.0,370.0
PAK2,101.0,56.0,191.0,54.0,43.0,475.0
PAN2,23.0,30.0,23.0,43.0,114.0,233.0
PANK3,32.0,7.0,19.0,9.0,114.0,185.0
PAPOLA,25.0,15.0,72.0,13.0,42.0,178.0
PARD3,56.0,33.0,42.0,63.0,69.0,265.0
PARL,33.0,13.0,17.0,14.0,95.0,178.0
PARP16,40.0,23.0,52.0,37.0,19.0,171.0
PARS2,42.0,20.0,66.0,25.0,145.0,297.0
PATZ1,29.0,8.0,55.0,18.0,55.0,169.0
PAWR,36.0,13.0,61.0,15.0,38.0,166.0
PAXBP1,55.0,44.0,49.0,36.0,43.0,240.0
PAXIP1,46.0,12.0,107.0,30.0,32.0,230.0
PBRM1,61.0,12.0,52.0,19.0,39.0,182.0
PCBP1,46.0,13.0,50.0,18.0,66.0,202.0
PCBP2,43.0,24.0,32.0,48.0,44.0,218.0
PCDHB11,31.0,19.0,29.0,65.0,50.0,207.0
PCDHB12,36.0,29.0,41.0,29.0,37.0,175.0
PCDHB4,38.0,29.0,26.0,46.0,33.0,173.0
PCDHGA9,21.0,24.0,93.0,27.0,17.0,197.0
PCF11,35.0,9.0,34.0,28.0,40.0,166.0
PCGF1,46.0,24.0,34.0,107.0,59.0,268.0
PCGF6,34.0,9.0,47.0,20.0,58.0,177.0
PCID2,58.0,33.0,107.0,63.0,66.0,324.0
PCP4L1,30.0,60.0,15.0,84.0,40.0,237.0
PDCD10,61.0,21.0,56.0,65.0,123.0,319.0
PDCD11,68.0,19.0,78.0,32.0,44.0,254.0
PDCD2,126.0,36.0,161.0,40.0,103.0,474.0
PDCD4,84.0,19.0,19.0,13.0,28.0,171.0
PDCD6IP,107.0,52.0,77.0,58.0,55.0,372.0
PDCL3,29.0,16.0,30.0,28.0,51.0,165.0
PDE3A,82.0,22.0,25.0,12.0,22.0,171.0
PDF,72.0,30.0,34.0,59.0,29.0,216.0
PDHA1,39.0,19.0,46.0,43.0,112.0,256.0
PDHB,35.0,9.0,39.0,22.0,165.0,271.0
PDIA2,44.0,13.0,40.0,27.0,62.0,195.0
PDS5A,67.0,24.0,23.0,81.0,14.0,210.0
PDSS1,45.0,42.0,30.0,19.0,134.0,271.0
PDSS2,22.0,13.0,17.0,12.0,133.0,204.0
PDZD9,53.0,12.0,25.0,69.0,13.0,171.0
PELO,41.0,22.0,39.0,58.0,41.0,206.0
PES1,63.0,19.0,28.0,81.0,27.0,225.0
PET117,41.0,21.0,41.0,18.0,116.0,250.0
PEX3,13.0,20.0,23.0,102.0,31.0,183.0
PEX5,49.0,21.0,28.0,44.0,21.0,169.0
PFAS,73.0,36.0,110.0,78.0,38.0,362.0
PFDN2,57.0,11.0,48.0,38.0,45.0,222.0
PFDN6,64.0,34.0,56.0,68.0,49.0,284.0
PFN1,64.0,33.0,56.0,30.0,35.0,213.0
PGAM1,38.0,30.0,57.0,25.0,21.0,191.0
PGAP2,27.0,23.0,29.0,44.0,36.0,165.0
PGBD2,52.0,51.0,24.0,82.0,51.0,255.0
PGD,59.0,92.0,55.0,36.0,23.0,288.0
PGGT1B,155.0,44.0,126.0,144.0,154.0,651.0
PGLS,82.0,47.0,60.0,54.0,15.0,266.0
PGM3,42.0,24.0,40.0,83.0,18.0,204.0
PGS1,68.0,24.0,77.0,14.0,20.0,219.0
PHB,92.0,34.0,45.0,50.0,36.0,262.0
PHC1,41.0,16.0,49.0,50.0,18.0,173.0
PHF23,49.0,23.0,65.0,28.0,57.0,236.0
PHKG1,21.0,21.0,45.0,14.0,64.0,197.0
PHLDA2,108.0,22.0,48.0,41.0,70.0,292.0
PHLDB3,43.0,73.0,18.0,64.0,27.0,216.0
PHOSPHO2-KLHL23,83.0,17.0,24.0,23.0,23.0,171.0
PI4KA,62.0,27.0,26.0,39.0,70.0,225.0
PIH1D1,45.0,21.0,32.0,86.0,22.0,194.0
PIK3C3,75.0,49.0,95.0,169.0,69.0,445.0
PIKFYVE,66.0,22.0,53.0,83.0,40.0,273.0
PIM2,29.0,33.0,44.0,35.0,20.0,165.0
PIN1,26.0,26.0,30.0,63.0,50.0,186.0
PIP4K2C,31.0,21.0,45.0,22.0,32.0,169.0
PIP5KL1,44.0,19.0,36.0,41.0,26.0,175.0
PITRM1,56.0,14.0,32.0,18.0,53.0,168.0
PKM,26.0,30.0,35.0,81.0,22.0,191.0
PKMYT1,40.0,28.0,32.0,20.0,34.0,165.0
PLAC8L1,74.0,75.0,17.0,91.0,12.0,265.0
PLAGL1,31.0,14.0,25.0,69.0,33.0,171.0
PLAT,91.0,38.0,53.0,18.0,18.0,223.0
PLEKHF2,43.0,105.0,31.0,121.0,38.0,327.0
PLEKHG6,56.0,25.0,28.0,15.0,46.0,174.0
PLK1,33.0,28.0,44.0,20.0,34.0,176.0
PLK4,36.0,41.0,22.0,50.0,23.0,175.0
PLRG1,28.0,54.0,13.0,64.0,24.0,176.0
PLSCR3,21.0,13.0,72.0,88.0,12.0,215.0
PLXNA1,65.0,49.0,23.0,53.0,29.0,219.0
PMF1,73.0,56.0,20.0,39.0,25.0,231.0
PMPCA,66.0,19.0,47.0,43.0,99.0,283.0
PMPCB,107.0,24.0,51.0,38.0,103.0,331.0
PNKP,70.0,52.0,94.0,32.0,22.0,284.0
PNO1,86.0,34.0,133.0,36.0,79.0,354.0
PNPLA6,40.0,14.0,54.0,41.0,15.0,184.0
PNPT1,54.0,22.0,66.0,44.0,83.0,279.0
PODNL1,39.0,18.0,96.0,22.0,25.0,220.0
PODXL2,57.0,41.0,64.0,22.0,15.0,203.0
POLA1,47.0,42.0,44.0,31.0,46.0,229.0
POLA2,52.0,26.0,30.0,43.0,110.0,278.0
POLD1,77.0,45.0,97.0,48.0,52.0,311.0
POLD2,100.0,66.0,179.0,68.0,66.0,476.0
POLD3,69.0,27.0,63.0,29.0,29.0,211.0
POLDIP2,23.0,10.0,39.0,36.0,54.0,171.0
POLE,99.0,37.0,113.0,30.0,41.0,318.0
POLE2,33.0,28.0,46.0,30.0,28.0,166.0
POLE3,31.0,28.0,98.0,42.0,25.0,227.0
POLG,24.0,15.0,29.0,60.0,102.0,242.0
POLG2,45.0,14.0,31.0,16.0,123.0,254.0
POLR1B,84.0,27.0,105.0,25.0,61.0,308.0
POLR1E,31.0,22.0,77.0,114.0,16.0,254.0
POLR2A,73.0,64.0,47.0,82.0,30.0,309.0
POLR2E,18.0,8.0,29.0,15.0,94.0,179.0
POLR2F,28.0,16.0,31.0,63.0,48.0,191.0
POLR2I,57.0,45.0,51.0,46.0,14.0,215.0
POLR2J,38.0,14.0,16.0,20.0,138.0,247.0
POLR2L,55.0,16.0,43.0,31.0,31.0,192.0
POLR3A,50.0,15.0,54.0,18.0,25.0,188.0
POLR3B,71.0,13.0,24.0,35.0,56.0,204.0
POLR3C,98.0,41.0,57.0,66.0,40.0,295.0
POLR3H,145.0,44.0,126.0,106.0,96.0,536.0
POLR3K,81.0,17.0,36.0,33.0,16.0,198.0
POLRMT,39.0,18.0,93.0,34.0,128.0,319.0
POM121,44.0,12.0,24.0,18.0,90.0,187.0
PON1,33.0,21.0,47.0,55.0,31.0,189.0
POP1,67.0,30.0,132.0,29.0,54.0,319.0
POP4,131.0,28.0,84.0,44.0,77.0,374.0
POP5,81.0,19.0,135.0,37.0,129.0,412.0
POP7,153.0,33.0,145.0,74.0,94.0,500.0
POTEF,39.0,40.0,43.0,33.0,19.0,184.0
POTEG,40.0,8.0,45.0,17.0,41.0,167.0
PPFIA1,131.0,48.0,29.0,114.0,74.0,398.0
PPHLN1,27.0,27.0,80.0,47.0,25.0,199.0
PPIE,59.0,38.0,65.0,32.0,23.0,220.0
PPM1F,24.0,15.0,37.0,16.0,79.0,192.0
PPP1R11,37.0,7.0,23.0,62.0,96.0,226.0
PPP1R12A,42.0,23.0,80.0,30.0,71.0,259.0
PPP1R14B,32.0,31.0,30.0,66.0,49.0,207.0
PPP1R1A,93.0,66.0,23.0,99.0,10.0,282.0
PPP1R32,64.0,28.0,20.0,38.0,47.0,207.0
PPP1R3C,31.0,39.0,29.0,21.0,50.0,165.0
PPP1R7,47.0,10.0,18.0,52.0,78.0,204.0
PPP2CA,39.0,15.0,22.0,50.0,39.0,174.0
PPP2R1A,39.0,60.0,46.0,29.0,15.0,190.0
PPP2R3C,96.0,35.0,41.0,79.0,132.0,379.0
PPP2R5C,44.0,18.0,48.0,51.0,63.0,218.0
PPP4C,92.0,48.0,171.0,56.0,82.0,444.0
PPP4R2,65.0,62.0,67.0,40.0,18.0,252.0
PPP6C,103.0,59.0,184.0,87.0,108.0,529.0
PPTC7,26.0,16.0,23.0,27.0,80.0,173.0
PRAP1,29.0,32.0,25.0,60.0,10.0,167.0
PRC1,53.0,20.0,28.0,46.0,33.0,204.0
PRCC,22.0,38.0,24.0,85.0,13.0,187.0
PREB,51.0,22.0,121.0,51.0,46.0,293.0
PRELID3B,38.0,41.0,31.0,28.0,25.0,173.0
PRIM1,41.0,19.0,71.0,34.0,43.0,215.0
PRIM2,96.0,70.0,126.0,52.0,34.0,373.0
PRKAB2,45.0,36.0,24.0,75.0,30.0,213.0
PRKCSH,100.0,60.0,107.0,66.0,69.0,402.0
PRMT1,37.0,26.0,97.0,36.0,39.0,246.0
PRMT5,42.0,22.0,87.0,25.0,22.0,201.0
PROB1,43.0,25.0,63.0,39.0,20.0,196.0
PROCA1,37.0,30.0,48.0,18.0,40.0,200.0
PRODH,28.0,60.0,9.0,75.0,26.0,205.0
PRODH2,32.0,12.0,28.0,24.0,80.0,191.0
PRPF19,52.0,32.0,36.0,51.0,18.0,194.0
PRPF39,45.0,17.0,40.0,37.0,41.0,179.0
PRPF4,66.0,85.0,43.0,58.0,18.0,264.0
PRPF8,25.0,14.0,88.0,19.0,21.0,184.0
PRPSAP2,16.0,30.0,19.0,92.0,13.0,179.0
PRR15L,29.0,27.0,74.0,26.0,18.0,170.0
PRR25,85.0,56.0,17.0,57.0,41.0,259.0
PRRT4,51.0,15.0,29.0,27.0,53.0,170.0
PSAP,30.0,39.0,23.0,113.0,42.0,242.0
PSIP1,21.0,8.0,17.0,29.0,106.0,190.0
PSMA2,66.0,44.0,28.0,55.0,50.0,246.0
PSMA3,38.0,40.0,24.0,26.0,52.0,181.0
PSMA4,38.0,31.0,65.0,21.0,52.0,224.0
PSMA7,79.0,18.0,29.0,11.0,22.0,166.0
PSMB4,87.0,54.0,61.0,76.0,100.0,379.0
PSMB6,64.0,60.0,44.0,46.0,25.0,253.0
PSMB7,36.0,34.0,48.0,29.0,39.0,195.0
PSMC3IP,50.0,46.0,29.0,63.0,21.0,222.0
PSMD4,43.0,63.0,33.0,50.0,35.0,227.0
PSMD6,70.0,25.0,33.0,72.0,24.0,235.0
PSMD7,34.0,16.0,43.0,16.0,53.0,176.0
PSMG1,46.0,34.0,30.0,28.0,38.0,176.0
PSMG2,21.0,63.0,17.0,52.0,28.0,184.0
PSMG3,101.0,37.0,72.0,68.0,53.0,325.0
PSTK,31.0,41.0,43.0,40.0,9.0,173.0
PTAR1,17.0,13.0,20.0,146.0,19.0,213.0
PTBP1,59.0,26.0,61.0,28.0,15.0,208.0
PTCD1,35.0,11.0,19.0,14.0,117.0,197.0
PTCD3,45.0,13.0,38.0,15.0,173.0,286.0
PTCH2,23.0,13.0,24.0,82.0,22.0,169.0
PTDSS1,58.0,31.0,56.0,93.0,35.0,275.0
PTEN,118.0,21.0,32.0,31.0,76.0,275.0
PTER,58.0,37.0,16.0,30.0,18.0,165.0
PTGES2,73.0,12.0,33.0,16.0,63.0,212.0
PTGES3,58.0,21.0,40.0,27.0,80.0,236.0
PTMS,73.0,91.0,29.0,72.0,41.0,314.0
PTP4A1,35.0,56.0,20.0,36.0,38.0,182.0
PTPMT1,39.0,16.0,32.0,26.0,66.0,177.0
PTPN23,99.0,60.0,95.0,78.0,44.0,379.0
PTPRJ,47.0,13.0,22.0,14.0,102.0,211.0
PTPRO,66.0,52.0,38.0,85.0,16.0,253.0
PTPRS,24.0,18.0,53.0,18.0,51.0,175.0
PTRH2,26.0,34.0,13.0,61.0,27.0,169.0
PWP1,52.0,36.0,40.0,125.0,49.0,309.0
PWP2,190.0,50.0,137.0,76.0,111.0,588.0
PYROXD1,59.0,29.0,38.0,74.0,100.0,296.0
QARS,33.0,23.0,52.0,30.0,50.0,205.0
QRICH1,27.0,18.0,48.0,23.0,81.0,206.0
QRSL1,38.0,12.0,16.0,14.0,169.0,250.0
QSOX2,32.0,12.0,22.0,103.0,25.0,203.0
RAB11A,18.0,22.0,17.0,81.0,32.0,166.0
RAB35,19.0,11.0,48.0,15.0,69.0,166.0
RAB40B,32.0,9.0,40.0,43.0,26.0,167.0
RAB42,50.0,47.0,33.0,19.0,19.0,172.0
RAB6A,48.0,15.0,23.0,46.0,30.0,166.0
RAB7A,34.0,30.0,52.0,193.0,44.0,346.0
RAB9A,35.0,22.0,32.0,99.0,16.0,191.0
RABGAP1,32.0,13.0,24.0,136.0,62.0,273.0
RABGGTA,68.0,12.0,42.0,63.0,42.0,236.0
RABGGTB,16.0,21.0,30.0,46.0,86.0,204.0
RABIF,78.0,42.0,64.0,61.0,78.0,331.0
RAC1,132.0,49.0,191.0,104.0,172.0,658.0
RAD17,37.0,17.0,21.0,34.0,68.0,174.0
RAD21,50.0,26.0,30.0,47.0,39.0,203.0
RAD51,68.0,50.0,72.0,54.0,44.0,307.0
RAD51C,44.0,42.0,82.0,45.0,22.0,248.0
RAD52,55.0,52.0,54.0,19.0,15.0,201.0
RAD9A,82.0,31.0,17.0,45.0,63.0,243.0
RAE1,49.0,10.0,23.0,21.0,56.0,175.0
RAI1,28.0,25.0,107.0,71.0,28.0,270.0
RALB,86.0,40.0,34.0,63.0,27.0,251.0
RAN,24.0,22.0,32.0,33.0,45.0,171.0
RANBP1,32.0,17.0,50.0,17.0,62.0,196.0
RAP1B,14.0,26.0,18.0,17.0,88.0,174.0
RAPGEF1,102.0,37.0,40.0,84.0,118.0,383.0
RAPGEF3,38.0,31.0,55.0,28.0,22.0,177.0
RAPH1,38.0,24.0,69.0,46.0,39.0,232.0
RARS,64.0,8.0,55.0,20.0,25.0,179.0
RARS2,47.0,18.0,34.0,31.0,108.0,244.0
RASA4B,24.0,10.0,19.0,12.0,98.0,177.0
RASD1,15.0,11.0,42.0,97.0,17.0,183.0
RASL12,39.0,29.0,81.0,30.0,22.0,208.0
RASSF5,27.0,32.0,44.0,34.0,64.0,200.0
RB1,43.0,10.0,109.0,15.0,21.0,202.0
RB1CC1,47.0,32.0,21.0,19.0,57.0,190.0
RBBP4,57.0,26.0,67.0,65.0,133.0,352.0
RBBP5,56.0,52.0,157.0,60.0,37.0,364.0
RBBP8,23.0,30.0,29.0,79.0,30.0,195.0
RBM19,28.0,17.0,76.0,25.0,21.0,191.0
RBM23,52.0,18.0,43.0,62.0,23.0,199.0
RBM25,60.0,34.0,51.0,30.0,68.0,247.0
RBM38,38.0,24.0,43.0,31.0,32.0,176.0
RBM48,59.0,25.0,39.0,35.0,17.0,176.0
RBX1,74.0,67.0,49.0,38.0,72.0,303.0
RCC1,100.0,17.0,45.0,40.0,118.0,337.0
RCC1L,31.0,11.0,23.0,13.0,115.0,195.0
RCL1,179.0,38.0,221.0,73.0,113.0,628.0
RCVRN,35.0,22.0,55.0,39.0,26.0,183.0
RDM1,48.0,34.0,21.0,32.0,34.0,174.0
RECQL4,96.0,46.0,129.0,37.0,53.0,364.0
RELA,68.0,24.0,91.0,15.0,23.0,225.0
REP15,33.0,27.0,51.0,28.0,17.0,166.0
RER1,45.0,22.0,46.0,46.0,73.0,239.0
RERGL,68.0,35.0,24.0,16.0,29.0,179.0
REST,94.0,15.0,25.0,18.0,26.0,196.0
REXO2,32.0,8.0,27.0,12.0,125.0,205.0
RFC1,54.0,21.0,31.0,28.0,42.0,191.0
RFC2,68.0,25.0,110.0,89.0,46.0,332.0
RFC3,117.0,69.0,194.0,82.0,58.0,522.0
RFC4,52.0,27.0,55.0,29.0,36.0,196.0
RFC5,127.0,79.0,164.0,80.0,53.0,517.0
RFT1,17.0,50.0,22.0,67.0,12.0,167.0
RFWD3,50.0,38.0,37.0,19.0,34.0,180.0
RFXAP,58.0,75.0,24.0,93.0,21.0,269.0
RGPD1,22.0,12.0,81.0,30.0,66.0,217.0
RHBDF1,46.0,27.0,30.0,27.0,40.0,174.0
RHOA,55.0,40.0,42.0,101.0,13.0,234.0
RHOD,40.0,21.0,35.0,29.0,37.0,172.0
RHOF,47.0,38.0,19.0,62.0,19.0,196.0
RIC8A,100.0,41.0,58.0,51.0,63.0,310.0
RILP,51.0,35.0,39.0,42.0,15.0,192.0
RINL,47.0,60.0,20.0,44.0,27.0,192.0
RIOK1,58.0,24.0,101.0,59.0,79.0,340.0
RIOK2,128.0,22.0,148.0,29.0,63.0,403.0
RLF,41.0,47.0,42.0,56.0,38.0,228.0
RMND1,46.0,28.0,21.0,86.0,110.0,297.0
RNASEH1,17.0,11.0,19.0,15.0,139.0,203.0
RNASEH2A,33.0,24.0,58.0,30.0,51.0,212.0
RNF114,65.0,61.0,27.0,143.0,41.0,341.0
RNF122,57.0,19.0,22.0,25.0,52.0,190.0
RNF169,36.0,22.0,21.0,28.0,55.0,176.0
RNF20,76.0,44.0,67.0,62.0,43.0,293.0
RNF222,67.0,34.0,35.0,58.0,27.0,227.0
RNF40,38.0,26.0,49.0,32.0,21.0,186.0
RNMT,113.0,47.0,231.0,87.0,57.0,539.0
ROCK2,73.0,30.0,82.0,37.0,77.0,296.0
ROMO1,76.0,31.0,32.0,28.0,33.0,211.0
RPA3,36.0,25.0,77.0,31.0,26.0,204.0
RPAP1,48.0,33.0,63.0,33.0,25.0,219.0
RPAP3,67.0,29.0,32.0,26.0,44.0,210.0
RPF2,36.0,80.0,36.0,120.0,43.0,299.0
RPL10A,44.0,19.0,56.0,31.0,30.0,196.0
RPL13A,106.0,79.0,67.0,71.0,24.0,353.0
RPL14,59.0,26.0,40.0,29.0,41.0,212.0
RPL15,53.0,71.0,51.0,76.0,64.0,318.0
RPL17,49.0,36.0,36.0,36.0,20.0,185.0
RPL18,30.0,26.0,28.0,56.0,30.0,177.0
RPL23A,38.0,16.0,25.0,20.0,76.0,175.0
RPL27,42.0,38.0,12.0,40.0,37.0,185.0
RPL27A,28.0,15.0,48.0,26.0,33.0,172.0
RPL28,48.0,33.0,27.0,60.0,45.0,212.0
RPL35,47.0,36.0,23.0,34.0,24.0,177.0
RPL36A-HNRNPH2,49.0,50.0,48.0,92.0,33.0,267.0
RPL36AL,40.0,19.0,22.0,27.0,60.0,178.0
RPL37,34.0,15.0,40.0,28.0,37.0,166.0
RPL37A,34.0,12.0,44.0,28.0,41.0,172.0
RPL7L1,52.0,34.0,47.0,78.0,43.0,265.0
RPL8,57.0,22.0,100.0,26.0,48.0,271.0
RPLP1,23.0,13.0,28.0,28.0,73.0,173.0
RPN2,44.0,69.0,69.0,50.0,108.0,329.0
RPP14,102.0,23.0,154.0,61.0,29.0,372.0
RPP25,68.0,36.0,25.0,33.0,19.0,188.0
RPP30,131.0,43.0,225.0,53.0,111.0,554.0
RPP38,43.0,14.0,36.0,27.0,58.0,177.0
RPP40,131.0,22.0,45.0,75.0,80.0,355.0
RPS10,47.0,16.0,56.0,37.0,79.0,244.0
RPS11,85.0,47.0,55.0,65.0,44.0,303.0
RPS14,43.0,33.0,26.0,39.0,23.0,171.0
RPS15,96.0,56.0,65.0,42.0,50.0,311.0
RPS15A,58.0,24.0,38.0,58.0,33.0,216.0
RPS16,55.0,23.0,43.0,47.0,22.0,190.0
RPS17,86.0,16.0,67.0,14.0,69.0,259.0
RPS18,69.0,18.0,113.0,25.0,74.0,295.0
RPS19,61.0,72.0,63.0,49.0,31.0,249.0
RPS19BP1,60.0,41.0,75.0,22.0,22.0,230.0
RPS2,52.0,12.0,54.0,15.0,36.0,176.0
RPS21,82.0,25.0,133.0,32.0,88.0,366.0
RPS23,58.0,26.0,101.0,33.0,50.0,276.0
RPS24,54.0,20.0,52.0,14.0,67.0,215.0
RPS25,26.0,29.0,42.0,31.0,62.0,204.0
RPS27,45.0,13.0,55.0,19.0,76.0,216.0
RPS27A,54.0,16.0,37.0,18.0,64.0,213.0
RPS28,31.0,18.0,51.0,55.0,59.0,227.0
RPS29,47.0,13.0,45.0,45.0,21.0,181.0
RPS4X,29.0,19.0,75.0,39.0,44.0,208.0
RPS5,93.0,26.0,75.0,39.0,44.0,279.0
RPS7,28.0,17.0,101.0,30.0,20.0,207.0
RPS9,54.0,31.0,58.0,40.0,26.0,214.0
RPSA,28.0,11.0,68.0,45.0,58.0,212.0
RPTOR,67.0,25.0,60.0,61.0,91.0,299.0
RPUSD3,49.0,14.0,14.0,13.0,86.0,173.0
RPUSD4,22.0,12.0,17.0,10.0,140.0,200.0
RRAGA,36.0,62.0,25.0,70.0,20.0,221.0
RRN3,37.0,59.0,56.0,46.0,23.0,214.0
RRP1,33.0,20.0,35.0,66.0,49.0,203.0
RRP12,134.0,32.0,167.0,64.0,121.0,518.0
RRP15,44.0,33.0,43.0,19.0,34.0,181.0
RRP36,119.0,33.0,110.0,16.0,104.0,391.0
RRP7A,61.0,31.0,162.0,42.0,91.0,395.0
RSL1D1,69.0,14.0,30.0,29.0,45.0,204.0
RSL24D1,31.0,26.0,34.0,99.0,27.0,231.0
RSPH3,36.0,30.0,19.0,74.0,31.0,206.0
RSPO3,72.0,56.0,14.0,82.0,12.0,233.0
RSU1,179.0,57.0,118.0,98.0,152.0,605.0
RTCB,83.0,20.0,41.0,21.0,29.0,193.0
RTEL1,43.0,31.0,53.0,33.0,35.0,194.0
RTF1,39.0,30.0,32.0,49.0,21.0,181.0
RTN4R,60.0,73.0,54.0,89.0,83.0,355.0
RXRB,58.0,19.0,32.0,53.0,35.0,204.0
S1PR1,45.0,23.0,38.0,49.0,16.0,181.0
SACM1L,54.0,48.0,67.0,23.0,30.0,232.0
SAE1,68.0,18.0,87.0,27.0,110.0,327.0
SAMD11,54.0,22.0,44.0,28.0,39.0,197.0
SAMM50,205.0,12.0,58.0,19.0,16.0,299.0
SAP130,33.0,13.0,127.0,27.0,24.0,228.0
SAP18,32.0,30.0,74.0,17.0,30.0,190.0
SAP30,25.0,11.0,28.0,20.0,83.0,171.0
SAP30BP,30.0,27.0,32.0,70.0,44.0,221.0
SARNP,45.0,11.0,46.0,46.0,17.0,171.0
SARS2,34.0,19.0,17.0,20.0,150.0,253.0
SART3,92.0,105.0,67.0,156.0,61.0,472.0
SBNO1,26.0,25.0,36.0,39.0,126.0,254.0
SBNO2,47.0,12.0,41.0,33.0,22.0,182.0
SCAMP5,39.0,18.0,51.0,53.0,22.0,183.0
SCAPER,73.0,68.0,32.0,42.0,18.0,228.0
SCARF2,36.0,22.0,27.0,51.0,24.0,171.0
SCGB2B2,34.0,57.0,20.0,84.0,19.0,216.0
SCN2A,39.0,27.0,60.0,31.0,43.0,206.0
SCO2,45.0,16.0,41.0,10.0,114.0,228.0
SCP2,30.0,42.0,25.0,67.0,24.0,181.0
SCRIB,38.0,18.0,27.0,20.0,48.0,166.0
SDAD1,55.0,23.0,18.0,39.0,21.0,168.0
SDCCAG3,57.0,20.0,21.0,65.0,26.0,199.0
SDHA,23.0,26.0,49.0,30.0,81.0,214.0
SDHB,62.0,29.0,105.0,41.0,87.0,318.0
SEC13,108.0,59.0,67.0,101.0,94.0,449.0
SEC16A,29.0,26.0,41.0,13.0,99.0,214.0
SEC61B,58.0,20.0,44.0,26.0,53.0,209.0
SEC61G,31.0,29.0,39.0,29.0,41.0,183.0
SEC63,83.0,17.0,79.0,49.0,101.0,340.0
SEL1L,98.0,24.0,77.0,54.0,34.0,282.0
SEM1,39.0,18.0,36.0,27.0,76.0,211.0
SEMA3C,54.0,35.0,25.0,42.0,33.0,190.0
SEMA4B,65.0,40.0,42.0,35.0,17.0,211.0
SENP3,26.0,35.0,24.0,88.0,23.0,195.0
SENP6,55.0,31.0,30.0,17.0,45.0,186.0
SENP7,22.0,55.0,17.0,93.0,15.0,220.0
SENP8,34.0,22.0,44.0,25.0,46.0,171.0
SEPHS1,25.0,16.0,24.0,15.0,130.0,217.0
SEPT7,158.0,59.0,116.0,65.0,44.0,479.0
SEPT8,46.0,34.0,25.0,31.0,33.0,175.0
SERBP1,31.0,22.0,44.0,61.0,19.0,186.0
SERINC3,45.0,67.0,27.0,89.0,19.0,250.0
SERPINA3,27.0,66.0,14.0,49.0,21.0,179.0
SERPINB1,43.0,20.0,24.0,53.0,44.0,188.0
SERTM1,73.0,56.0,24.0,102.0,13.0,274.0
SETD1A,35.0,28.0,91.0,71.0,28.0,257.0
SETD1B,66.0,62.0,115.0,43.0,51.0,347.0
SETD3,53.0,34.0,75.0,53.0,116.0,329.0
SETD7,33.0,11.0,71.0,13.0,36.0,169.0
SETDB1,29.0,35.0,29.0,100.0,18.0,218.0
SF3A3,118.0,95.0,62.0,97.0,35.0,400.0
SF3B2,65.0,86.0,31.0,74.0,91.0,342.0
SF3B4,40.0,33.0,63.0,18.0,31.0,188.0
SFPQ,40.0,14.0,64.0,24.0,42.0,187.0
SGCE,84.0,55.0,19.0,57.0,29.0,258.0
SGF29,50.0,31.0,111.0,57.0,91.0,341.0
SGK223,115.0,49.0,70.0,32.0,95.0,359.0
SH3BP5,98.0,77.0,41.0,59.0,21.0,301.0
SHOC2,61.0,12.0,64.0,12.0,16.0,173.0
SHQ1,42.0,61.0,76.0,99.0,23.0,300.0
SHROOM2,64.0,44.0,28.0,58.0,27.0,234.0
SIN3A,50.0,28.0,154.0,42.0,50.0,332.0
SIN3B,38.0,41.0,47.0,32.0,21.0,180.0
SIPA1,38.0,13.0,12.0,21.0,113.0,194.0
SIX2,36.0,38.0,24.0,43.0,34.0,171.0
SKA1,47.0,11.0,21.0,15.0,74.0,175.0
SKA2,69.0,51.0,77.0,54.0,82.0,330.0
SKIV2L2,55.0,27.0,40.0,36.0,59.0,232.0
SKP1,69.0,35.0,36.0,25.0,47.0,218.0
SKP2,46.0,39.0,20.0,74.0,41.0,221.0
SLAIN1,44.0,39.0,68.0,40.0,14.0,207.0
SLBP,61.0,18.0,95.0,29.0,53.0,254.0
SLC12A9,20.0,15.0,23.0,88.0,53.0,200.0
SLC16A11,31.0,8.0,27.0,89.0,15.0,173.0
SLC16A2,42.0,74.0,16.0,102.0,14.0,236.0
SLC17A7,33.0,23.0,74.0,22.0,47.0,206.0
SLC20A2,69.0,16.0,51.0,13.0,21.0,171.0
SLC25A14,30.0,31.0,24.0,60.0,46.0,182.0
SLC25A45,67.0,14.0,50.0,19.0,23.0,188.0
SLC25A51,43.0,17.0,35.0,54.0,14.0,181.0
SLC29A1,46.0,42.0,20.0,117.0,26.0,248.0
SLC2A1,53.0,64.0,25.0,39.0,75.0,259.0
SLC30A9,28.0,9.0,42.0,17.0,140.0,248.0
SLC31A1,54.0,33.0,88.0,30.0,88.0,302.0
SLC31A2,61.0,15.0,35.0,25.0,75.0,223.0
SLC33A1,63.0,40.0,26.0,32.0,19.0,184.0
SLC35A1,18.0,9.0,19.0,239.0,12.0,282.0
SLC35B1,75.0,26.0,98.0,66.0,73.0,343.0
SLC35C1,42.0,28.0,25.0,31.0,35.0,170.0
SLC38A1,44.0,23.0,44.0,12.0,102.0,223.0
SLC38A10,35.0,16.0,35.0,61.0,16.0,171.0
SLC39A1,145.0,39.0,78.0,77.0,91.0,430.0
SLC39A7,54.0,39.0,19.0,85.0,60.0,262.0
SLC3A2,53.0,23.0,48.0,32.0,163.0,316.0
SLC45A3,32.0,42.0,51.0,43.0,50.0,214.0
SLC4A1AP,76.0,40.0,23.0,16.0,16.0,172.0
SLC4A5,55.0,26.0,26.0,58.0,17.0,188.0
SLC6A19,56.0,23.0,24.0,37.0,22.0,166.0
SLC7A1,63.0,56.0,44.0,40.0,22.0,236.0
SLC7A5,41.0,9.0,21.0,23.0,144.0,241.0
SLC7A6OS,44.0,44.0,50.0,47.0,47.0,243.0
SLMAP,43.0,23.0,20.0,41.0,54.0,197.0
SLPI,26.0,34.0,19.0,80.0,17.0,177.0
SMARCA1,49.0,16.0,54.0,42.0,32.0,205.0
SMARCA4,36.0,23.0,102.0,35.0,48.0,247.0
SMARCA5,95.0,32.0,58.0,85.0,146.0,416.0
SMARCB1,41.0,48.0,85.0,21.0,30.0,223.0
SMARCD1,68.0,56.0,24.0,67.0,23.0,243.0
SMC1A,97.0,82.0,96.0,104.0,49.0,429.0
SMC2,44.0,20.0,51.0,27.0,54.0,209.0
SMC3,49.0,42.0,52.0,120.0,22.0,277.0
SMC4,28.0,27.0,36.0,31.0,56.0,174.0
SMC6,59.0,31.0,56.0,44.0,42.0,238.0
SMCO3,53.0,69.0,20.0,67.0,15.0,238.0
SMG1,53.0,30.0,28.0,71.0,48.0,248.0
SMG5,26.0,15.0,26.0,45.0,59.0,177.0
SMNDC1,43.0,27.0,75.0,30.0,19.0,209.0
SMPD1,46.0,38.0,42.0,26.0,27.0,178.0
SMPD3,29.0,14.0,42.0,31.0,74.0,216.0
SMS,35.0,38.0,30.0,44.0,18.0,174.0
SMURF2,46.0,31.0,12.0,64.0,28.0,185.0
SMYD3,73.0,16.0,23.0,46.0,21.0,178.0
SNAPC4,40.0,28.0,19.0,24.0,56.0,187.0
SNIP1,44.0,15.0,48.0,23.0,45.0,189.0
SNRNP200,98.0,37.0,39.0,112.0,71.0,383.0
SNRNP25,60.0,33.0,50.0,35.0,35.0,219.0
SNRNP35,28.0,26.0,64.0,23.0,21.0,172.0
SNRNP70,53.0,21.0,40.0,26.0,33.0,178.0
SNRPD3,43.0,25.0,24.0,22.0,40.0,169.0
SNUPN,59.0,41.0,111.0,34.0,30.0,276.0
SNURF,63.0,25.0,51.0,10.0,15.0,174.0
SNX13,40.0,24.0,47.0,92.0,52.0,253.0
SNX17,59.0,27.0,110.0,34.0,42.0,287.0
SNX27,21.0,22.0,38.0,48.0,32.0,175.0
SOCS2,34.0,19.0,30.0,41.0,40.0,175.0
SOCS3,60.0,15.0,34.0,30.0,84.0,231.0
SOD1,68.0,26.0,214.0,38.0,32.0,393.0
SON,24.0,20.0,74.0,24.0,25.0,178.0
SOX18,93.0,36.0,38.0,87.0,73.0,333.0
SP1,153.0,60.0,108.0,38.0,57.0,417.0
SP140L,27.0,35.0,90.0,33.0,40.0,238.0
SP2,42.0,12.0,39.0,32.0,31.0,170.0
SPAG9,38.0,28.0,40.0,116.0,31.0,261.0
SPATA5,45.0,41.0,30.0,94.0,24.0,225.0
SPATA5L1,35.0,16.0,38.0,48.0,48.0,180.0
SPDEF,31.0,14.0,18.0,53.0,56.0,174.0
SPDL1,22.0,16.0,74.0,15.0,44.0,186.0
SPDYE1,79.0,32.0,22.0,33.0,62.0,237.0
SPDYE16,34.0,13.0,26.0,17.0,71.0,173.0
SPDYE18,32.0,13.0,36.0,17.0,85.0,188.0
SPDYE3,36.0,11.0,35.0,22.0,80.0,191.0
SPECC1L,22.0,9.0,76.0,21.0,71.0,207.0
SPG7,35.0,32.0,28.0,62.0,25.0,184.0
SPINT1,42.0,30.0,67.0,103.0,15.0,246.0
SPOP,116.0,53.0,104.0,70.0,32.0,386.0
SPRED1,32.0,28.0,18.0,76.0,16.0,177.0
SPRYD4,29.0,19.0,64.0,24.0,24.0,177.0
SPSB3,49.0,42.0,21.0,89.0,36.0,247.0
SPSB4,39.0,72.0,31.0,50.0,24.0,210.0
SPTY2D1,112.0,88.0,122.0,58.0,71.0,447.0
SQSTM1,31.0,14.0,60.0,47.0,26.0,191.0
SRF,39.0,25.0,24.0,61.0,62.0,218.0
SRFBP1,37.0,22.0,61.0,15.0,73.0,210.0
SRM,32.0,15.0,73.0,24.0,16.0,167.0
SRP14,66.0,24.0,63.0,47.0,115.0,322.0
SRP19,59.0,29.0,41.0,15.0,94.0,244.0
SRP72,32.0,10.0,39.0,15.0,80.0,188.0
SRP9,69.0,56.0,95.0,65.0,146.0,422.0
SRPRB,58.0,37.0,28.0,32.0,28.0,181.0
SRRD,40.0,14.0,51.0,37.0,56.0,201.0
SRRT,39.0,26.0,73.0,33.0,73.0,253.0
SRSF11,38.0,25.0,31.0,34.0,42.0,177.0
SRSF2,63.0,26.0,62.0,22.0,18.0,207.0
SS18L2,56.0,25.0,72.0,67.0,86.0,305.0
SSBP1,26.0,26.0,20.0,62.0,96.0,239.0
SSH1,28.0,48.0,19.0,66.0,62.0,227.0
SSRP1,67.0,34.0,116.0,50.0,37.0,319.0
SSSCA1,26.0,18.0,38.0,34.0,102.0,225.0
SSU72,73.0,31.0,109.0,18.0,85.0,330.0
ST14,58.0,41.0,28.0,50.0,19.0,195.0
ST3GAL4,17.0,21.0,13.0,189.0,9.0,252.0
STAC3,65.0,53.0,26.0,49.0,17.0,225.0
STAG2,37.0,37.0,47.0,51.0,25.0,187.0
STAT3,49.0,26.0,58.0,29.0,60.0,223.0
STK16,40.0,16.0,51.0,36.0,16.0,169.0
STK39,83.0,48.0,19.0,106.0,26.0,279.0
STK40,56.0,13.0,19.0,12.0,67.0,174.0
STRAP,122.0,47.0,193.0,157.0,74.0,602.0
STUB1,22.0,12.0,56.0,28.0,93.0,218.0
STX1A,35.0,21.0,45.0,21.0,24.0,166.0
STX5,62.0,28.0,56.0,25.0,83.0,260.0
SUB1,26.0,17.0,96.0,41.0,27.0,208.0
SUCLG1,19.0,10.0,33.0,13.0,141.0,227.0
SUCO,73.0,24.0,91.0,33.0,78.0,298.0
SUGCT,34.0,43.0,38.0,61.0,38.0,229.0
SUGT1,40.0,41.0,79.0,46.0,73.0,297.0
SUPT16H,40.0,12.0,58.0,43.0,62.0,235.0
SUPT4H1,29.0,14.0,78.0,29.0,38.0,194.0
SUPT5H,45.0,20.0,31.0,37.0,39.0,186.0
SUPT6H,35.0,17.0,91.0,20.0,22.0,199.0
SUPV3L1,70.0,13.0,37.0,13.0,96.0,235.0
SVOP,73.0,47.0,28.0,19.0,28.0,208.0
SYNGR2,43.0,23.0,65.0,22.0,40.0,192.0
SYNGR4,25.0,5.0,13.0,17.0,104.0,167.0
SYS1,76.0,42.0,30.0,198.0,104.0,454.0
SYT13,33.0,19.0,16.0,34.0,85.0,189.0
SYT2,50.0,30.0,65.0,21.0,33.0,208.0
SYVN1,80.0,25.0,101.0,126.0,28.0,363.0
TACO1,24.0,20.0,24.0,13.0,92.0,180.0
TADA2B,23.0,9.0,28.0,6.0,122.0,200.0
TADA3,46.0,60.0,81.0,82.0,32.0,313.0
TAF13,29.0,18.0,62.0,23.0,29.0,172.0
TAF1A,19.0,23.0,62.0,55.0,88.0,247.0
TAF1B,64.0,18.0,57.0,30.0,37.0,208.0
TAF1C,34.0,21.0,163.0,49.0,20.0,289.0
TAF2,51.0,26.0,37.0,31.0,11.0,172.0
TAF4,25.0,16.0,26.0,40.0,59.0,182.0
TAF6,32.0,16.0,41.0,33.0,48.0,182.0
TAF6L,33.0,8.0,22.0,49.0,64.0,181.0
TAF7,122.0,59.0,83.0,80.0,41.0,389.0
TAF8,37.0,20.0,98.0,36.0,102.0,304.0
TAGLN2,73.0,48.0,37.0,17.0,31.0,208.0
TANGO6,48.0,38.0,118.0,38.0,72.0,336.0
TAOK2,122.0,41.0,88.0,62.0,50.0,358.0
TARBP2,68.0,28.0,36.0,18.0,48.0,202.0
TARDBP,45.0,38.0,105.0,85.0,26.0,296.0
TARS2,32.0,32.0,34.0,34.0,76.0,214.0
TBC1D10C,58.0,26.0,17.0,25.0,28.0,169.0
TBC1D14,80.0,20.0,19.0,29.0,14.0,174.0
TBCD,33.0,33.0,60.0,19.0,40.0,190.0
TBL3,147.0,52.0,195.0,72.0,108.0,594.0
TBP,40.0,15.0,49.0,25.0,46.0,190.0
TBX20,30.0,36.0,14.0,63.0,16.0,170.0
TBX6,44.0,21.0,33.0,32.0,21.0,166.0
TBXA2R,78.0,75.0,23.0,81.0,25.0,281.0
TCEAL8,76.0,39.0,28.0,33.0,21.0,192.0
TCERG1,43.0,25.0,31.0,36.0,58.0,199.0
TCF3,61.0,38.0,53.0,17.0,30.0,209.0
TCTA,40.0,27.0,46.0,20.0,21.0,166.0
TECR,53.0,20.0,51.0,15.0,29.0,172.0
TEFM,57.0,37.0,53.0,35.0,50.0,235.0
TELO2,71.0,53.0,107.0,108.0,85.0,425.0
TERF1,43.0,21.0,59.0,27.0,28.0,187.0
TEX35,39.0,18.0,41.0,20.0,62.0,184.0
TFAM,22.0,11.0,31.0,11.0,166.0,250.0
TFAP2A,58.0,20.0,26.0,19.0,92.0,217.0
TFB2M,32.0,31.0,88.0,27.0,94.0,278.0
TFDP1,48.0,22.0,101.0,28.0,14.0,223.0
TFDP2,48.0,26.0,33.0,31.0,24.0,167.0
TFRC,69.0,47.0,45.0,16.0,29.0,212.0
TGFB3,38.0,78.0,22.0,69.0,15.0,227.0
TGM2,45.0,32.0,14.0,53.0,30.0,187.0
THAP1,68.0,21.0,22.0,61.0,61.0,231.0
THAP10,36.0,27.0,52.0,48.0,40.0,185.0
THAP12,25.0,14.0,22.0,40.0,122.0,224.0
THOC2,38.0,12.0,44.0,34.0,40.0,181.0
THOC3,134.0,96.0,45.0,113.0,19.0,400.0
THOC6,100.0,30.0,59.0,52.0,48.0,281.0
TIAL1,42.0,12.0,34.0,27.0,51.0,165.0
TICAM1,74.0,25.0,22.0,65.0,83.0,275.0
TIMELESS,91.0,48.0,155.0,52.0,31.0,381.0
TIMM17A,31.0,15.0,16.0,15.0,125.0,202.0
TIMM21,21.0,9.0,23.0,14.0,95.0,165.0
TIMM23,34.0,42.0,14.0,31.0,55.0,181.0
TIMM44,65.0,19.0,102.0,28.0,60.0,282.0
TIPIN,34.0,28.0,53.0,42.0,28.0,189.0
TLE3,43.0,21.0,77.0,41.0,22.0,200.0
TLK2,39.0,15.0,61.0,24.0,106.0,251.0
TLN1,161.0,36.0,210.0,78.0,156.0,652.0
TMA16,39.0,37.0,25.0,93.0,23.0,224.0
TMCO6,84.0,89.0,40.0,81.0,19.0,326.0
TMED10,144.0,37.0,126.0,117.0,157.0,593.0
TMED2,114.0,28.0,157.0,130.0,147.0,598.0
TMEM106C,53.0,15.0,69.0,27.0,87.0,260.0
TMEM161A,51.0,51.0,33.0,39.0,15.0,195.0
TMEM189-UBE2V1,32.0,18.0,42.0,34.0,37.0,170.0
TMEM192,48.0,17.0,95.0,49.0,24.0,242.0
TMEM199,35.0,33.0,24.0,44.0,33.0,178.0
TMEM205,40.0,27.0,27.0,58.0,16.0,183.0
TMEM216,48.0,30.0,31.0,58.0,22.0,196.0
TMEM251,25.0,28.0,63.0,214.0,22.0,329.0
TMEM258,34.0,11.0,44.0,37.0,43.0,175.0
TMEM41B,38.0,19.0,67.0,67.0,20.0,214.0
TMEM43,52.0,27.0,21.0,68.0,29.0,203.0
TMIE,25.0,19.0,44.0,25.0,35.0,166.0
TMPRSS6,29.0,32.0,72.0,39.0,19.0,196.0
TMSB10,42.0,71.0,26.0,65.0,55.0,253.0
TNFRSF10A,80.0,23.0,41.0,24.0,20.0,199.0
TNFSF10,52.0,26.0,61.0,18.0,42.0,196.0
TNFSF12-TNFSF13,31.0,30.0,23.0,94.0,29.0,213.0
TNK1,31.0,17.0,33.0,63.0,23.0,187.0
TNPO1,124.0,18.0,29.0,79.0,134.0,397.0
TNS3,86.0,22.0,25.0,28.0,48.0,217.0
TNXB,65.0,32.0,28.0,67.0,16.0,213.0
TOMM20,212.0,19.0,42.0,22.0,20.0,323.0
TOMM22,202.0,13.0,28.0,23.0,22.0,274.0
TOMM34,50.0,28.0,26.0,57.0,24.0,176.0
TOMM40,146.0,21.0,39.0,52.0,67.0,318.0
TONSL,45.0,30.0,77.0,46.0,28.0,240.0
TOP1,29.0,15.0,59.0,35.0,38.0,180.0
TOP2A,64.0,17.0,49.0,28.0,22.0,196.0
TOP3A,86.0,32.0,87.0,49.0,34.0,305.0
TOPBP1,44.0,43.0,44.0,36.0,23.0,192.0
TOPORS,31.0,71.0,19.0,86.0,26.0,228.0
TOR4A,63.0,16.0,41.0,46.0,44.0,215.0
TOX4,70.0,46.0,42.0,64.0,42.0,263.0
TP53RK,139.0,50.0,62.0,93.0,81.0,421.0
TP53TG3D,43.0,39.0,108.0,30.0,28.0,260.0
TPD52L2,60.0,76.0,25.0,125.0,31.0,315.0
TPPP,23.0,16.0,23.0,52.0,63.0,194.0
TPR,35.0,22.0,25.0,50.0,63.0,204.0
TPRKB,40.0,7.0,27.0,6.0,83.0,170.0
TPST2,30.0,28.0,18.0,38.0,42.0,165.0
TPX2,49.0,36.0,33.0,34.0,19.0,190.0
TRAF3,56.0,24.0,48.0,11.0,37.0,187.0
TRAIP,43.0,21.0,46.0,13.0,29.0,165.0
TRAM2,40.0,11.0,27.0,27.0,56.0,166.0
TRAPPC1,87.0,87.0,166.0,236.0,43.0,604.0
TRAPPC11,56.0,35.0,31.0,27.0,47.0,198.0
TRAPPC2,26.0,14.0,23.0,70.0,32.0,169.0
TRAPPC3,62.0,45.0,70.0,114.0,32.0,324.0
TRAPPC4,77.0,34.0,150.0,167.0,45.0,482.0
TRAPPC5,50.0,38.0,67.0,165.0,18.0,332.0
TRIAP1,73.0,24.0,41.0,23.0,37.0,207.0
TRIM14,58.0,32.0,22.0,42.0,14.0,166.0
TRIM24,41.0,8.0,43.0,25.0,80.0,213.0
TRIM33,27.0,17.0,46.0,39.0,73.0,208.0
TRIM39-RPP21,39.0,15.0,11.0,64.0,38.0,169.0
TRIM45,37.0,36.0,41.0,105.0,22.0,241.0
TRIM46,55.0,26.0,25.0,61.0,33.0,207.0
TRIM66,51.0,73.0,19.0,63.0,20.0,218.0
TRIO,37.0,18.0,34.0,22.0,63.0,182.0
TRIP12,75.0,10.0,45.0,18.0,27.0,179.0
TRIP13,33.0,15.0,23.0,48.0,31.0,166.0
TRIP4,26.0,59.0,40.0,24.0,17.0,170.0
TRMT112,73.0,27.0,105.0,42.0,91.0,339.0
TRMT12,49.0,29.0,35.0,24.0,31.0,177.0
TRMT5,80.0,22.0,75.0,18.0,107.0,306.0
TROAP,31.0,22.0,88.0,34.0,25.0,210.0
TRPA1,50.0,25.0,55.0,22.0,17.0,175.0
TRPC4AP,33.0,26.0,75.0,16.0,25.0,177.0
TRRAP,129.0,109.0,175.0,128.0,33.0,588.0
TRUB2,33.0,12.0,21.0,10.0,120.0,201.0
TSC1,85.0,44.0,44.0,127.0,136.0,434.0
TSC2,42.0,21.0,26.0,56.0,70.0,238.0
TSC22D2,96.0,39.0,59.0,21.0,16.0,234.0
TSEN2,74.0,15.0,36.0,22.0,124.0,279.0
TSEN34,57.0,9.0,35.0,22.0,43.0,173.0
TSR2,56.0,11.0,79.0,23.0,54.0,212.0
TTC16,25.0,28.0,57.0,23.0,53.0,184.0
TTC22,32.0,46.0,70.0,30.0,26.0,198.0
TTC23L,43.0,32.0,38.0,88.0,24.0,227.0
TTC4,30.0,16.0,51.0,95.0,28.0,216.0
TTI1,73.0,44.0,63.0,73.0,22.0,289.0
TTI2,33.0,28.0,68.0,45.0,25.0,190.0
TTK,45.0,35.0,31.0,36.0,24.0,184.0
TTLL12,32.0,13.0,31.0,11.0,71.0,167.0
TTLL7,64.0,35.0,13.0,47.0,12.0,178.0
TTPAL,69.0,50.0,31.0,16.0,17.0,181.0
TTYH2,35.0,30.0,21.0,60.0,20.0,170.0
TUBA1B,34.0,12.0,50.0,32.0,86.0,234.0
TUBB,35.0,15.0,54.0,21.0,90.0,235.0
TUBB3,41.0,20.0,30.0,59.0,13.0,169.0
TUFM,63.0,29.0,77.0,34.0,136.0,348.0
TUT1,42.0,20.0,23.0,20.0,88.0,194.0
TVP23B,73.0,34.0,23.0,171.0,32.0,332.0
TVP23C,49.0,42.0,45.0,108.0,18.0,265.0
TVP23C-CDRT4,13.0,23.0,15.0,113.0,21.0,194.0
TWIST2,27.0,36.0,13.0,74.0,13.0,168.0
TXLNA,38.0,22.0,87.0,45.0,26.0,230.0
TXN,56.0,39.0,80.0,33.0,53.0,264.0
TXNL4A,37.0,17.0,77.0,24.0,21.0,188.0
TXNL4B,49.0,32.0,50.0,49.0,37.0,218.0
TYMS,75.0,34.0,127.0,75.0,34.0,324.0
TYSND1,41.0,32.0,10.0,70.0,23.0,182.0
U2AF1,66.0,28.0,52.0,20.0,28.0,218.0
UAP1,65.0,33.0,29.0,61.0,91.0,285.0
UBA1,57.0,19.0,68.0,39.0,30.0,230.0
UBA2,49.0,30.0,21.0,23.0,30.0,166.0
UBA3,109.0,36.0,58.0,81.0,29.0,319.0
UBA5,38.0,39.0,25.0,30.0,41.0,167.0
UBAP1,47.0,39.0,23.0,30.0,26.0,170.0
UBAP2L,68.0,28.0,88.0,30.0,42.0,265.0
UBE2G2,79.0,39.0,112.0,95.0,50.0,384.0
UBE2H,17.0,50.0,55.0,63.0,13.0,188.0
UBE2J1,130.0,61.0,205.0,130.0,66.0,604.0
UBE2N,54.0,26.0,57.0,38.0,84.0,258.0
UBE2S,70.0,20.0,47.0,36.0,30.0,229.0
UBE2V1,40.0,24.0,41.0,33.0,36.0,187.0
UBE3A,62.0,38.0,44.0,43.0,31.0,224.0
UBIAD1,50.0,64.0,16.0,27.0,13.0,170.0
UBL7,39.0,14.0,119.0,22.0,38.0,228.0
UBOX5,92.0,45.0,24.0,94.0,27.0,284.0
UBR7,21.0,33.0,56.0,54.0,18.0,197.0
UCN,19.0,31.0,23.0,63.0,22.0,169.0
UGP2,14.0,16.0,36.0,194.0,21.0,271.0
UHRF1,58.0,25.0,38.0,57.0,139.0,320.0
UMPS,53.0,23.0,129.0,61.0,93.0,348.0
UNC50,29.0,28.0,33.0,134.0,17.0,245.0
UNKL,50.0,23.0,45.0,13.0,75.0,217.0
UPF2,36.0,12.0,61.0,21.0,107.0,242.0
UPK3BL2,65.0,36.0,27.0,61.0,43.0,238.0
UPP1,31.0,24.0,65.0,18.0,15.0,167.0
UQCRC2,30.0,20.0,32.0,66.0,29.0,182.0
URB1,46.0,27.0,46.0,127.0,22.0,268.0
URB2,36.0,20.0,25.0,81.0,37.0,209.0
URI1,31.0,27.0,34.0,44.0,60.0,196.0
URM1,54.0,12.0,35.0,62.0,50.0,224.0
UROD,32.0,26.0,67.0,30.0,15.0,170.0
USO1,51.0,32.0,49.0,160.0,29.0,319.0
USP10,65.0,34.0,44.0,56.0,26.0,232.0
USP16,33.0,9.0,73.0,12.0,63.0,203.0
USP17L30,52.0,37.0,29.0,48.0,32.0,201.0
USP35,34.0,8.0,30.0,13.0,71.0,168.0
USP5,60.0,15.0,26.0,41.0,15.0,170.0
USP7,38.0,21.0,40.0,47.0,92.0,237.0
USP8,57.0,34.0,71.0,118.0,61.0,336.0
USP9X,44.0,14.0,15.0,27.0,65.0,179.0
USPL1,37.0,25.0,42.0,36.0,25.0,165.0
UTP11L,87.0,33.0,140.0,43.0,82.0,394.0
UTP14A,61.0,19.0,116.0,54.0,72.0,341.0
UTP15,82.0,26.0,94.0,53.0,42.0,306.0
UTP18,27.0,19.0,65.0,35.0,61.0,219.0
UTP20,73.0,38.0,28.0,52.0,39.0,230.0
UTP23,169.0,31.0,164.0,38.0,107.0,510.0
UTP3,54.0,20.0,46.0,37.0,25.0,204.0
UTP6,115.0,19.0,57.0,27.0,75.0,296.0
UVRAG,34.0,13.0,48.0,35.0,93.0,235.0
UXT,55.0,39.0,55.0,68.0,71.0,281.0
VAC14,33.0,25.0,46.0,64.0,44.0,218.0
VAMP3,42.0,37.0,27.0,28.0,32.0,171.0
VAPB,51.0,10.0,21.0,81.0,22.0,183.0
VARS,59.0,23.0,98.0,51.0,65.0,311.0
VARS2,42.0,16.0,47.0,19.0,126.0,257.0
VAT1,36.0,16.0,39.0,29.0,30.0,165.0
VCL,67.0,27.0,112.0,28.0,78.0,328.0
VCP,45.0,21.0,88.0,32.0,39.0,232.0
VDR,38.0,26.0,59.0,25.0,19.0,173.0
VHL,141.0,43.0,79.0,92.0,146.0,502.0
VMP1,134.0,32.0,25.0,44.0,19.0,253.0
VPS11,41.0,35.0,73.0,142.0,17.0,296.0
VPS13D,141.0,36.0,85.0,44.0,62.0,376.0
VPS16,27.0,26.0,32.0,67.0,25.0,185.0
VPS18,42.0,27.0,57.0,132.0,27.0,289.0
VPS25,41.0,30.0,44.0,72.0,12.0,188.0
VPS26A,43.0,27.0,52.0,111.0,42.0,260.0
VPS28,58.0,36.0,69.0,64.0,37.0,275.0
VPS29,78.0,100.0,74.0,220.0,143.0,604.0
VPS33A,69.0,22.0,19.0,30.0,19.0,174.0
VPS35,26.0,14.0,20.0,151.0,69.0,275.0
VPS37A,79.0,40.0,56.0,45.0,24.0,239.0
VPS37C,40.0,31.0,37.0,31.0,39.0,186.0
VPS37D,48.0,9.0,37.0,14.0,107.0,225.0
VPS4A,44.0,15.0,32.0,54.0,57.0,205.0
VPS52,83.0,79.0,55.0,55.0,43.0,321.0
VPS53,43.0,43.0,23.0,101.0,36.0,247.0
VPS72,47.0,19.0,71.0,83.0,23.0,239.0
WAPL,24.0,13.0,27.0,69.0,81.0,211.0
WDHD1,99.0,88.0,205.0,81.0,48.0,533.0
WDR1,48.0,20.0,36.0,25.0,127.0,276.0
WDR12,36.0,40.0,72.0,79.0,29.0,251.0
WDR18,79.0,70.0,27.0,134.0,40.0,345.0
WDR20,17.0,50.0,29.0,49.0,15.0,173.0
WDR24,51.0,33.0,33.0,44.0,12.0,194.0
WDR25,34.0,19.0,72.0,27.0,33.0,190.0
WDR3,53.0,15.0,31.0,21.0,48.0,184.0
WDR36,61.0,24.0,91.0,23.0,80.0,280.0
WDR43,88.0,29.0,92.0,52.0,97.0,358.0
WDR46,119.0,29.0,161.0,61.0,99.0,465.0
WDR5,50.0,27.0,130.0,44.0,44.0,289.0
WDR55,52.0,35.0,43.0,157.0,29.0,312.0
WDR60,35.0,16.0,28.0,65.0,44.0,196.0
WDR61,43.0,19.0,41.0,46.0,40.0,189.0
WDR7,50.0,27.0,42.0,157.0,42.0,309.0
WDR73,62.0,66.0,53.0,66.0,27.0,282.0
WDR74,43.0,21.0,54.0,103.0,36.0,267.0
WDR75,134.0,40.0,168.0,63.0,148.0,561.0
WDR77,35.0,38.0,64.0,41.0,24.0,208.0
WDR92,32.0,12.0,51.0,17.0,62.0,177.0
WDYHV1,54.0,26.0,24.0,30.0,48.0,193.0
WEE1,29.0,14.0,30.0,14.0,110.0,215.0
WFDC2,41.0,37.0,43.0,39.0,16.0,176.0
WNK1,45.0,63.0,30.0,43.0,13.0,197.0
WNT11,34.0,18.0,24.0,29.0,96.0,202.0
WRB,34.0,16.0,27.0,176.0,13.0,271.0
WTH3DI,70.0,38.0,33.0,100.0,53.0,294.0
WWTR1,71.0,14.0,28.0,44.0,27.0,174.0
XPNPEP3,31.0,21.0,30.0,11.0,102.0,201.0
XPO6,58.0,72.0,57.0,35.0,19.0,233.0
XRCC1,61.0,71.0,17.0,27.0,34.0,207.0
XRCC5,77.0,14.0,65.0,17.0,73.0,256.0
XRCC6,40.0,26.0,45.0,44.0,20.0,184.0
XRN1,70.0,31.0,49.0,60.0,100.0,304.0
XRN2,50.0,15.0,123.0,32.0,10.0,226.0
XYLB,23.0,23.0,21.0,47.0,52.0,166.0
XYLT2,30.0,20.0,159.0,52.0,21.0,286.0
YARS,147.0,22.0,58.0,71.0,125.0,432.0
YARS2,32.0,13.0,26.0,11.0,141.0,223.0
YEATS2,33.0,28.0,43.0,36.0,43.0,186.0
YEATS4,38.0,50.0,33.0,26.0,87.0,219.0
YIF1A,24.0,10.0,51.0,21.0,51.0,168.0
YKT6,46.0,74.0,35.0,66.0,54.0,272.0
YME1L1,93.0,19.0,33.0,20.0,95.0,266.0
YRDC,145.0,51.0,51.0,133.0,69.0,445.0
YTHDF2,57.0,16.0,25.0,48.0,15.0,171.0
YWHAE,45.0,21.0,16.0,81.0,29.0,193.0
ZBTB11,44.0,12.0,59.0,35.0,13.0,177.0
ZBTB20,32.0,13.0,16.0,78.0,23.0,167.0
ZBTB7A,37.0,20.0,31.0,29.0,34.0,166.0
ZBTB7B,45.0,14.0,28.0,16.0,85.0,194.0
ZBTB8OS,137.0,35.0,131.0,66.0,76.0,456.0
ZC3H13,37.0,27.0,29.0,45.0,31.0,169.0
ZC3H18,53.0,48.0,55.0,114.0,37.0,303.0
ZC3H3,33.0,16.0,23.0,81.0,75.0,225.0
ZCCHC17,62.0,52.0,27.0,52.0,16.0,212.0
ZCCHC9,37.0,37.0,118.0,50.0,61.0,296.0
ZCRB1,68.0,41.0,221.0,63.0,55.0,446.0
ZCWPW2,53.0,29.0,34.0,23.0,35.0,185.0
ZDHHC18,36.0,19.0,121.0,19.0,32.0,248.0
ZDHHC5,32.0,41.0,39.0,39.0,27.0,183.0
ZEB1,31.0,14.0,28.0,42.0,74.0,188.0
ZER1,134.0,74.0,167.0,85.0,73.0,540.0
ZFHX3,27.0,18.0,33.0,83.0,35.0,199.0
ZFP36L2,51.0,14.0,50.0,25.0,44.0,189.0
ZFP41,55.0,12.0,40.0,25.0,25.0,167.0
ZFP82,51.0,32.0,29.0,61.0,21.0,193.0
ZFR,54.0,15.0,55.0,51.0,51.0,239.0
ZFX,39.0,19.0,94.0,28.0,80.0,285.0
ZMIZ1,60.0,72.0,37.0,96.0,27.0,277.0
ZMYM4,78.0,33.0,119.0,35.0,19.0,291.0
ZNF148,67.0,36.0,60.0,87.0,42.0,285.0
ZNF155,28.0,22.0,32.0,28.0,64.0,175.0
ZNF17,65.0,13.0,21.0,37.0,41.0,190.0
ZNF185,49.0,33.0,25.0,103.0,32.0,239.0
ZNF226,38.0,48.0,14.0,70.0,39.0,220.0
ZNF227,25.0,28.0,42.0,44.0,37.0,180.0
ZNF236,176.0,44.0,224.0,48.0,94.0,592.0
ZNF282,29.0,52.0,44.0,26.0,23.0,180.0
ZNF311,25.0,19.0,37.0,65.0,23.0,172.0
ZNF318,36.0,29.0,42.0,46.0,31.0,190.0
ZNF407,40.0,24.0,15.0,50.0,27.0,165.0
ZNF449,57.0,37.0,37.0,43.0,34.0,211.0
ZNF45,22.0,10.0,84.0,18.0,39.0,188.0
ZNF470,44.0,46.0,32.0,60.0,16.0,188.0
ZNF605,29.0,14.0,26.0,16.0,64.0,167.0
ZNF609,17.0,19.0,22.0,93.0,18.0,167.0
ZNF610,73.0,39.0,19.0,94.0,39.0,260.0
ZNF668,31.0,19.0,49.0,42.0,22.0,166.0
ZNF7,51.0,30.0,28.0,36.0,18.0,167.0
ZNF75D,64.0,86.0,22.0,94.0,33.0,294.0
ZNF76,33.0,40.0,58.0,30.0,18.0,192.0
ZNF778,39.0,26.0,52.0,30.0,22.0,170.0
ZNF8,38.0,40.0,49.0,24.0,48.0,195.0
ZNF806,38.0,9.0,65.0,46.0,39.0,201.0
ZNF821,56.0,57.0,27.0,55.0,27.0,234.0
ZNF830,61.0,28.0,36.0,43.0,44.0,225.0
ZNF865,24.0,29.0,23.0,85.0,20.0,178.0
ZNF91,31.0,16.0,71.0,24.0,32.0,183.0
ZNF93,58.0,57.0,17.0,69.0,13.0,210.0
ZNHIT2,37.0,12.0,47.0,28.0,49.0,174.0
ZNHIT3,78.0,28.0,62.0,23.0,53.0,242.0
ZNRF3,41.0,8.0,56.0,35.0,49.0,196.0
ZP3,54.0,35.0,24.0,46.0,49.0,207.0
ZPR1,152.0,28.0,118.0,52.0,87.0,438.0
ZSWIM8,57.0,31.0,28.0,51.0,17.0,189.0
ZYX,26.0,16.0,25.0,53.0,47.0,178.0
ZZEF1,67.0,31.0,39.0,118.0,17.0,271.0
