gene,Mito,ConA,WGA,DAPI,Phalloidin,Sum,,
SFPQ,61,12,66,40,61,248,,
ITGB5,33,3,60,43,62,208,,
ELOB,50,12,25,64,23,178,,
C16orf72,44,25,34,40,17,164,,
TNPO1,27,8,66,27,36,162,,
PPP1R3E,44,40,56,9,13,160,,
NLE1,46,27,28,46,5,155,,
PSMD3,22,7,60,19,45,153,,
PRC1,38,29,23,50,9,150,,
NIPBL,25,9,48,25,49,149,,
DYNC1I2,41,38,33,26,11,146,,
ILK,20,4,54,49,20,143,,
LOC102724813,28,30,25,35,16,135,,
MCM7,30,12,46,30,16,134,,
FBL,18,11,50,42,11,132,,
NPIPA2,35,24,23,41,7,131,,
PSMA6,17,4,24,32,46,131,,
PSMA5,26,3,35,21,43,130,,
DCTN5,26,24,49,19,8,129,,
HSPE1,34,12,27,33,18,128,,
STIL,27,13,24,35,27,128,,
ATP6V0B,21,11,52,27,18,127,,
RAC1,22,7,47,36,24,127,,
SF3B3,17,2,55,13,41,126,,
KIF23,24,11,38,33,15,125,,
DAD1,18,21,49,12,20,124,,
RRM1,26,13,23,30,33,124,,
ATP6V1B2,8,8,79,15,20,123,,
EIF3G,21,4,49,12,31,122,,
TELO2,26,22,26,41,7,122,,
TUBGCP5,25,10,38,31,18,122,,
TLN1,16,3,43,40,20,121,,
CNOT2,21,2,51,21,27,120,,
ELP5,40,16,33,18,13,120,,
UTP6,10,16,34,35,21,120,,
PCBP2,28,14,25,43,5,119,,
RPSAP58,26,11,42,22,21,119,,
TUBB,21,16,24,41,15,119,,
CNOT3,28,10,22,28,30,118,,
EFTUD2,21,11,38,35,13,118,,
MED30,20,5,35,24,31,118,,
MRPL50,32,13,22,40,8,118,,
HUWE1,25,15,37,24,11,117,,
SETD1A,38,12,19,38,8,117,,
CENPW,19,11,44,26,15,115,,
CKAP5,42,40,9,17,4,115,,
UPK1A,31,9,35,29,8,115,,
ARPC4,7,4,53,30,22,114,,
POLE2,15,3,36,13,45,114,,
ISG20L2,26,7,41,20,19,113,,
ATP6V1A,9,3,62,11,25,112,,
SURF1,53,44,3,7,8,112,,
SDR42E2,17,11,34,24,21,111,,
STX12,21,30,34,17,5,111,,
ATP6V0C,18,9,64,17,7,110,,
CACNB1,25,11,32,27,11,110,,
DDX54,14,7,40,34,14,110,,
MT2A,28,9,15,47,7,110,,
SRRT,20,3,15,34,41,110,,
ARMC7,23,5,24,42,16,109,,
CDC45,33,18,22,17,14,109,,
GOLGA6C,29,22,26,20,15,109,,
HAUS5,29,9,33,24,11,109,,
RBM25,21,23,15,22,18,109,,
SDAD1,25,11,28,36,6,109,,
DUSP22,30,37,24,10,7,108,,
LOC101060588,19,11,40,18,14,108,,
SLC39A7,17,1,27,31,29,108,,
SMC4,12,8,49,30,8,108,,
KANSL1,15,5,49,19,19,107,,
KAT8,22,4,37,25,18,107,,
MRPL49,33,9,23,31,7,107,,
POMC,20,28,18,30,5,107,,
NCAPH2,32,6,15,35,15,106,,
PRMT5,23,12,19,47,6,106,,
RPS5,16,15,10,25,32,106,,
DDX10,25,6,35,22,14,105,,
RCL1,15,9,35,36,8,105,,
DDX6,17,4,37,32,13,104,,
FCHO2,19,1,34,33,18,104,,
HAUS8,27,11,22,24,19,104,,
HSPA9,34,32,22,18,6,104,,
WNK1,44,7,7,22,24,104,,
GOLGA6L9,35,43,11,13,4,103,,
MED1,33,9,26,28,3,103,,
POLE,19,18,15,38,7,103,,
EXOSC7,28,12,19,39,2,102,,
GRB2,27,17,27,27,5,102,,
GTPBP4,25,10,14,42,5,102,,
SMPD4,12,10,33,32,15,102,,
CDK9,23,10,12,30,19,101,,
MPHOSPH10,21,6,18,38,16,101,,
NOB1,19,10,29,29,12,101,,
RPS6KB1,32,14,14,31,8,101,,
CAPZB,16,4,31,8,33,100,,
FURIN,18,6,15,40,8,100,,
HMGCR,19,10,37,29,9,100,,
HPCAL1,25,12,18,36,10,100,,
RPL17,24,10,24,28,13,100,,
RPL18A,15,15,31,24,15,100,,
SF3B5,17,3,51,10,17,100,,
ARHGEF7,32,10,12,28,17,99,,
BTF3,31,21,15,24,14,99,,
CENPF,20,11,30,28,11,99,,
CHORDC1,22,10,20,31,8,99,,
ERH,18,19,21,38,5,99,,
FOXD4L1,26,16,17,27,13,99,,
LSM7,23,13,18,28,13,99,,
PES1,19,8,32,30,11,99,,
TUBGCP3,16,10,21,35,15,99,,
C12orf45,19,10,19,38,11,98,,
COG4,12,3,44,28,12,98,,
CST6,22,2,34,17,19,98,,
DIMT1,18,16,23,32,11,98,,
GOLGA8K,23,13,11,38,14,98,,
KRT16,23,11,17,39,5,98,,
OPA1,18,6,21,42,6,98,,
TAF1C,24,7,20,30,17,98,,
TMTC4,24,24,25,13,7,98,,
TOMM22,46,3,25,17,6,98,,
UBL5,27,12,15,28,9,98,,
ARHGAP42,35,33,4,11,9,97,,
CFP,22,18,41,12,4,97,,
KRT78,24,11,15,32,9,97,,
LOC112268003,23,4,30,12,28,97,,
MDM4,34,13,20,19,11,97,,
PAK1IP1,28,10,13,37,7,97,,
POLR2L,14,8,33,30,9,97,,
RPS6,7,7,34,11,41,97,,
CLTC,17,5,8,55,8,96,,
COPS4,21,4,28,22,19,96,,
ERVMER34-1,9,7,14,46,20,96,,
FAT1,40,6,8,31,12,96,,
LRRC37B,18,16,30,13,12,96,,
USP17L29,16,9,32,28,9,96,,
UTP11L,20,24,19,30,8,96,,
APTX,19,15,12,31,9,95,,
NARFL,34,13,19,26,4,95,,
SASS6,19,4,22,35,12,95,,
VAMP7,37,15,16,19,9,95,,
WDR3,26,22,20,20,5,95,,
WTIP,17,4,41,11,17,95,,
EIF3CL,13,7,13,20,41,94,,
FARP2,35,27,11,16,8,94,,
ITGAV,21,2,10,34,26,94,,
RAD21,16,9,12,27,30,94,,
DBR1,23,4,23,10,34,93,,
NARR,27,28,13,12,2,93,,
PIKFYVE,27,6,19,33,11,93,,
PRIM2,25,25,13,26,6,93,,
PWP2,16,5,37,26,5,93,,
RFC5,11,2,52,21,4,93,,
RSU1,19,7,37,11,14,93,,
SLC35E2B,30,32,14,11,8,93,,
SPAG5,33,10,14,30,7,93,,
VPS52,20,4,54,15,5,93,,
YWHAE,26,10,24,16,14,93,,
ATP5J2,24,16,20,17,10,92,,
ATP5O,15,10,12,42,9,92,,
CD63,13,9,12,48,5,92,,
DYNLL1,21,14,10,25,8,92,,
KIF5A,16,11,22,22,22,92,,
LSM6,19,13,22,34,4,92,,
NCL,19,8,25,30,5,92,,
PLK4,9,1,40,16,25,92,,
PSMD13,28,7,17,28,12,92,,
RABGEF1,8,3,39,9,39,92,,
RINL,12,5,35,15,26,92,,
RPL13A,8,3,31,21,27,92,,
TICAM1,8,5,33,18,24,92,,
VPS28,6,2,48,7,27,92,,
ZC3H10,35,10,25,19,6,92,,
ZCCHC6,13,2,40,7,30,92,,
C1orf56,23,10,9,39,4,91,,
CYTH2,17,5,18,31,16,91,,
RAB7A,8,8,41,33,4,91,,
SPDYE2B,18,4,31,18,19,91,,
CACNB3,18,18,18,30,10,90,,
DKC1,22,7,32,23,9,90,,
LOC100996414,9,4,27,17,31,90,,
LOC101929627,13,4,44,12,13,90,,
LOC107985798,10,15,34,20,13,90,,
NOL10,29,14,15,22,13,90,,
PSMA7,10,1,14,29,38,90,,
TATDN2,21,0,11,37,19,90,,
WDHD1,9,8,25,37,7,90,,
ZNF524,30,12,10,14,18,90,,
CDK17,20,9,21,30,10,89,,
DDX51,22,20,12,12,18,89,,
HOXC8,15,9,36,24,4,89,,
KANSL2,14,6,24,20,18,89,,
LRRC49,20,7,15,33,10,89,,
NELFA,21,7,11,30,17,89,,
NUS1,19,30,8,21,11,89,,
PRIM1,16,6,31,25,6,89,,
PRPF31,23,35,8,16,7,89,,
RPL10,9,1,28,32,20,89,,
TOMM40,26,6,22,14,21,89,,
UBE2C,24,4,18,38,4,89,,
WNT3,35,22,11,17,6,89,,
BRF1,19,2,10,30,28,88,,
CBWD5,23,6,28,17,13,88,,
NOP58,21,15,11,25,10,88,,
PTCD3,25,5,9,43,2,88,,
RAB8B,27,22,17,11,10,88,,
RPL27,11,8,29,26,9,88,,
RUVBL2,19,4,29,26,11,88,,
SMARCA2,10,8,39,8,22,88,,
TMEM258,11,9,49,8,5,88,,
BEST3,18,9,16,33,4,87,,
BNC2,15,4,42,15,11,87,,
CDC25B,31,12,17,21,5,87,,
CEBPZ,23,8,15,28,13,87,,
GOLGA8H,12,6,38,18,9,87,,
IRF3,15,6,43,7,17,87,,
PDCD2,21,32,12,11,10,87,,
POLA2,25,11,27,13,8,87,,
CLP1,23,3,17,24,17,86,,
EEF1G,36,23,10,13,5,86,,
EXOSC1,25,20,17,16,5,86,,
FFAR1,16,6,19,18,25,86,,
LOC101930047,9,4,24,15,30,86,,
POLR2G,14,8,33,14,11,86,,
RELB,19,6,13,40,9,86,,
RPL37,8,7,42,17,16,86,,
AP2M1,17,6,40,19,2,85,,
APRT,26,16,10,24,3,85,,
BRD2,16,0,4,40,20,85,,
DHX37,17,5,25,27,11,85,,
GLTP,27,8,15,26,5,85,,
GOLGA8O,21,15,14,23,9,85,,
MAT2A,24,8,14,25,4,85,,
NOP56,12,8,35,16,17,85,,
OVOL2,21,4,18,26,15,85,,
PSMC6,23,0,5,14,38,85,,
SPACA6,19,6,23,29,8,85,,
TP53TG3F,17,5,32,19,4,85,,
ARF1,13,5,54,10,7,84,,
ATP5D,12,5,28,27,8,84,,
C19orf53,13,13,22,27,8,84,,
DDX11,18,12,11,27,5,84,,
FAM117A,21,10,12,36,9,84,,
FOXD4L5,5,3,41,18,21,84,,
KMT2B,19,10,11,29,5,84,,
LOC100996911,16,9,22,30,7,84,,
LOC101927345,20,6,32,14,8,84,,
MED11,17,4,12,13,37,84,,
MRPS21,21,9,23,18,7,84,,
MTCL1,40,29,6,6,2,84,,
NFATC4,11,8,28,33,6,84,,
NOC4L,12,7,15,33,8,84,,
SHC1,22,10,17,15,15,84,,
TMPPE,24,8,17,24,8,84,,
ALG10,27,19,7,25,3,83,,
ATP6V1D,11,6,33,22,15,83,,
CAPN12,28,18,16,14,8,83,,
ELMO2,15,4,22,40,9,83,,
FAM72C,25,19,9,20,10,83,,
FAM98C,11,4,9,16,31,83,,
FOXD4L3,14,6,27,30,4,83,,
HAUS3,17,5,38,21,5,83,,
LSM2,34,10,15,16,7,83,,
MMAB,20,12,13,14,26,83,,
MTCH2,25,22,14,7,10,83,,
NFYA,24,26,11,12,4,83,,
PCSK6,23,5,14,30,7,83,,
PRKD3,36,9,9,22,4,83,,
RABGGTB,6,5,39,14,16,83,,
SOGA1,22,7,14,22,15,83,,
TBL3,19,5,23,31,10,83,,
TUBA1C,18,9,14,25,14,83,,
C7orf61,7,4,11,25,32,82,,
CASC1,24,7,9,22,17,82,,
CATSPER1,22,7,15,33,4,82,,
HAUS6,14,10,23,23,8,82,,
KRR1,12,8,19,34,8,82,,
PIGS,27,17,10,14,12,82,,
RNPEP,21,15,12,28,3,82,,
RRP1,18,6,22,24,12,82,,
SUPT16H,16,3,26,19,17,82,,
UBA1,16,4,9,19,29,82,,
UGT1A7,29,16,3,25,6,82,,
USP5,19,2,20,22,15,82,,
ACTB,14,7,25,15,21,81,,
ATP6V0D1,14,6,47,9,7,81,,
DDX23,30,15,9,17,13,81,,
FZD3,22,5,17,25,9,81,,
H3F3A,13,9,27,10,17,81,,
HMGN5,12,17,11,23,19,81,,
LOC107987067,18,5,24,20,11,81,,
LOC112267992,19,9,19,16,14,81,,
LSM5,20,5,15,31,5,81,,
STAT5B,26,1,16,27,6,81,,
ATP6V1H,5,1,46,10,7,80,,
BARD1,22,4,22,15,15,80,,
CHERP,8,2,32,14,26,80,,
EBNA1BP2,27,12,11,18,11,80,,
ERCC2,23,11,10,22,6,80,,
GALNT8,26,7,12,25,8,80,,
LOC107984139,31,17,14,16,4,80,,
MROH6,29,13,11,22,3,80,,
RIMBP3C,36,18,6,13,5,80,,
RPL35A,12,2,34,13,16,80,,
RPL7L1,14,4,22,18,16,80,,
SKA1,18,9,16,25,10,80,,
SMG5,26,13,7,25,2,80,,
TRIP13,18,9,12,28,9,80,,
WDR43,17,7,15,25,6,80,,
ARL4A,21,5,13,20,16,79,,
ASCC3,9,4,11,29,24,79,,
CAMKK2,30,7,6,32,4,79,,
EMP1,23,6,11,28,8,79,,
FGFBP3,18,2,23,14,20,79,,
FTSJ3,20,6,17,31,3,79,,
HSPD1,17,6,13,27,11,79,,
LOC105376714,21,28,11,4,10,79,,
LOC107984341,10,5,32,9,17,79,,
MYL6,18,5,12,28,11,79,,
NIP7,18,6,16,19,12,79,,
PROCR,19,9,12,39,0,79,,
RAD51,10,4,26,15,16,79,,
RBMS2,13,8,8,38,6,79,,
RPAP1,11,23,21,11,8,79,,
RPL18,25,10,11,24,3,79,,
RPP14,20,29,6,18,6,79,,
RPS9,6,4,18,21,26,79,,
SPDYE16,15,8,19,13,21,79,,
SYTL1,10,6,31,11,14,79,,
TCL1A,19,1,19,14,19,79,,
TMEM230,11,5,36,24,5,79,,
UBE2S,7,1,33,10,27,79,,
CYB561,22,12,11,30,4,78,,
DBI,24,10,20,19,6,78,,
EIF2B4,13,2,18,29,12,78,,
EXOSC8,31,5,18,22,6,78,,
FAU,18,8,11,9,29,78,,
HIST2H3D,23,2,26,18,5,78,,
HNRNPL,29,16,7,18,2,78,,
LDLRAD2,24,12,17,9,10,78,,
LOC105379443,20,8,13,28,7,78,,
LYRM4,27,12,12,20,10,78,,
METAP2,30,19,9,11,4,78,,
MTBP,16,10,16,20,18,78,,
NSA2,11,9,32,13,8,78,,
PCDHA1,11,8,24,28,5,78,,
PLRG1,13,10,17,26,8,78,,
POLD2,18,7,20,23,8,78,,
PPP1R1A,23,9,12,24,11,78,,
ROMO1,6,3,42,14,12,78,,
RPS10,24,10,13,29,5,78,,
SMARCC2,10,4,20,31,11,78,,
SRP72,7,0,31,22,18,78,,
STAT5A,24,5,10,26,4,78,,
THAP8,15,5,33,13,15,78,,
TIMM44,18,3,24,11,19,78,,
ZNF318,20,11,15,22,7,78,,
ZNF576,22,13,12,16,13,78,,
AHR,20,11,18,26,2,77,,
ATP5A1,12,9,16,34,5,77,,
DTL,12,5,26,18,16,77,,
ELMOD3,10,8,11,28,15,77,,
FEZ2,26,15,13,10,8,77,,
HEXB,8,5,48,13,6,77,,
LETMD1,19,8,24,20,5,77,,
NMD3,27,25,12,12,0,77,,
POP5,19,10,7,23,16,77,,
RPL12,18,17,16,18,12,77,,
RPL13,14,4,17,27,12,77,,
RPL15,14,3,13,33,12,77,,
RPL23A,19,6,7,30,14,77,,
RPL37A,21,20,13,17,6,77,,
SH3GL3,19,9,11,26,7,77,,
SPECC1L,24,26,9,20,1,77,,
TECR,7,17,10,33,7,77,,
WSB1,23,5,22,8,15,77,,
ZFAND2A,17,25,18,14,1,77,,
ABCB7,17,6,11,28,6,76,,
ABCF1,14,6,12,23,22,76,,
BMP7,22,13,9,19,12,76,,
CAMSAP3,30,20,9,13,3,76,,
COQ7,26,12,20,6,11,76,,
DDX3X,6,2,50,6,12,76,,
DHX9,14,3,23,26,9,76,,
GNL3,19,4,11,33,10,76,,
GRAPL,36,16,10,16,2,76,,
KIF11,16,5,19,23,4,76,,
LRR1,20,5,13,17,13,76,,
PSMD6,14,2,21,17,25,76,,
PSMG3,21,10,23,15,7,76,,
RPS7,14,5,25,20,10,76,,
SNRPA1,9,5,33,15,14,76,,
USP17L30,9,3,28,14,19,76,,
WDR77,16,7,21,21,8,76,,
ARFGAP2,13,2,32,18,8,75,,
ARHGEF25,24,6,8,33,3,75,,
CDK1,24,11,12,11,14,75,,
CINP,10,5,18,36,2,75,,
COPRS,18,4,5,35,7,75,,
CSE1L,10,9,15,13,24,75,,
DTWD2,21,8,16,20,5,75,,
EIF5,9,1,37,11,13,75,,
FAM72D,10,3,12,33,16,75,,
FBXL4,32,26,2,6,8,75,,
HERC1,13,2,29,10,21,75,,
MASTL,23,11,19,18,5,75,,
METTL7A,10,6,41,5,11,75,,
NCAPG,18,4,21,15,13,75,,
NHP2,7,4,12,33,18,75,,
PRPF3,12,11,8,36,2,75,,
PRPF4B,18,11,13,13,13,75,,
RASSF5,13,5,6,20,24,75,,
RDM1,21,10,10,27,4,75,,
RHPN2,15,3,25,14,13,75,,
RPL26,10,4,13,27,10,75,,
RPL9,15,15,17,25,1,75,,
SMC1A,15,4,22,21,13,75,,
TM7SF3,32,18,12,9,5,75,,
TPI1,22,14,10,11,17,75,,
TTK,21,10,9,21,11,75,,
AP1G2,14,4,21,15,16,74,,
ATP5G2,33,9,16,15,3,74,,
C9orf84,14,4,14,34,4,74,,
CA13,27,26,10,12,3,74,,
CFAP36,23,27,11,7,3,74,,
DHDDS,10,29,31,5,2,74,,
ELL,21,3,15,23,9,74,,
EVA1B,16,4,33,12,8,74,,
HDAC9,22,10,17,23,2,74,,
HNRNPA3,21,11,17,23,4,74,,
MCM6,18,6,17,21,9,74,,
MT1A,11,12,9,30,6,74,,
NOP2,24,10,14,13,8,74,,
PKDCC,6,4,37,19,6,74,,
POP1,17,6,15,21,9,74,,
PSMA1,15,7,31,9,10,74,,
RBM19,14,6,12,31,6,74,,
RNASE1,7,4,17,38,5,74,,
RNPS1,10,7,20,28,14,74,,
RPF2,19,4,13,15,13,74,,
RPS12,16,7,17,12,17,74,,
SF3A2,11,3,14,14,29,74,,
SIPA1L3,9,3,32,18,10,74,,
SMYD4,20,9,6,16,18,74,,
SRSF7,23,15,14,12,8,74,,
THOC6,18,4,21,25,6,74,,
TTN,32,20,14,3,3,74,,
TUT1,25,10,18,14,4,74,,
VIM,33,3,8,23,4,74,,
VPS18,13,1,46,14,3,74,,
ARRDC1,16,12,15,16,14,73,,
C2orf27A,11,7,11,37,4,73,,
CCT7,31,6,12,17,8,73,,
CDT1,22,7,19,20,8,73,,
CES3,20,9,14,14,9,73,,
EXD3,16,9,14,32,2,73,,
GABRG3,18,4,17,17,15,73,,
GSPT1,11,13,17,14,17,73,,
IL5,8,5,13,16,27,73,,
KPNA4,19,8,24,12,7,73,,
LOC100996318,9,4,22,15,16,73,,
LYNX1-SLURP2,11,5,9,32,11,73,,
MAST4,14,5,23,13,18,73,,
NDUFV2,8,4,26,29,5,73,,
RBBP8,8,3,16,30,10,73,,
RPL21,17,4,20,17,11,73,,
RPS23,18,5,21,24,7,73,,
7-Sep,9,9,25,18,8,73,,
TBCD,19,5,11,29,8,73,,
TMEM18,23,5,21,9,11,73,,
TSEN15,19,4,16,18,13,73,,
VAMP8,14,7,15,20,9,73,,
ZCRB1,11,16,15,15,11,73,,
ZNF34,19,6,24,16,8,73,,
ZNF778,25,6,8,26,5,73,,
AP3B1,24,5,11,30,1,72,,
ARMC5,12,8,5,31,12,72,,
ATP5E,24,12,10,20,3,72,,
C12orf56,25,6,4,20,15,72,,
CDC7,20,17,13,14,7,72,,
CRACR2B,21,6,10,20,6,72,,
D2HGDH,15,6,9,23,14,72,,
DGUOK,16,13,21,16,6,72,,
DNAJC8,18,6,9,25,14,72,,
EEF1B2,18,13,10,21,8,72,,
EML3,15,8,15,20,9,72,,
GPT,13,4,26,12,14,72,,
HAUS4,16,7,23,17,8,72,,
LDLRAD3,11,5,10,35,6,72,,
LRRC37A,20,11,10,21,10,72,,
MRPL42,28,26,8,6,1,72,,
MYC,17,9,16,20,13,72,,
NME1-NME2,11,7,14,34,3,72,,
NOP16,17,7,9,21,14,72,,
NUDT18,19,4,8,20,12,72,,
PAFAH1B1,20,18,18,9,4,72,,
PHB,23,12,16,12,10,72,,
PSMB7,14,4,22,15,14,72,,
SENP1,19,9,7,31,1,72,,
SLC25A25,11,1,47,6,7,72,,
SSSCA1,22,8,21,9,11,72,,
UBA3,17,2,20,16,22,72,,
WDR18,14,18,19,17,3,72,,
ZNF76,17,9,20,21,9,72,,
ZNF780A,20,3,14,26,9,72,,
B4GALNT2,8,5,7,37,10,71,,
CCDC125,16,7,12,22,10,71,,
DAZAP2,11,5,23,19,10,71,,
DDOST,15,11,27,13,4,71,,
DDX21,9,5,29,7,17,71,,
DIP2B,17,21,9,13,8,71,,
FBXO25,18,8,17,12,10,71,,
HNRNPH2,29,21,18,1,3,71,,
HSD17B7,10,4,24,11,22,71,,
IL9R,13,16,11,19,8,71,,
ING3,7,9,13,17,23,71,,
KIF18A,21,13,15,13,6,71,,
LGALS7,16,7,17,21,7,71,,
LOC730098,25,17,15,8,2,71,,
MRPS35,20,6,9,15,19,71,,
MYH9,23,6,8,17,18,71,,
NACA,12,4,23,16,16,71,,
OPTN,29,17,10,9,7,71,,
RAE1,24,10,12,15,7,71,,
RINT1,26,7,12,19,4,71,,
RIOK2,14,13,15,25,6,71,,
SKAP1,29,18,8,10,7,71,,
SKP2,10,4,18,32,10,71,,
SLC22A13,24,20,23,6,0,71,,
SMN2,15,8,8,27,10,71,,
SNIP1,13,5,18,13,19,71,,
TADA1,15,6,0,15,36,71,,
TERF1,16,3,11,19,20,71,,
TIMELESS,22,16,13,12,3,71,,
WDR1,2,0,9,11,43,71,,
APC2,8,1,26,4,26,70,,
ATP2C1,11,2,8,42,3,70,,
BCL6,17,8,30,12,3,70,,
CCDC103,26,5,12,20,6,70,,
CCND1,24,5,12,18,7,70,,
CDK5RAP1,22,14,15,13,5,70,,
DSEL,16,3,11,26,13,70,,
EP400,15,7,17,21,8,70,,
FANCG,29,21,7,6,6,70,,
FBXO46,10,6,15,26,4,70,,
FDX1L,12,7,22,24,4,70,,
GATA2,14,7,17,22,6,70,,
GJB3,24,9,17,13,7,70,,
LAMTOR3,25,13,12,11,5,70,,
LOC100132202,5,7,19,27,10,70,,
LOC730268,26,4,12,17,4,70,,
MRPS17,15,21,14,9,9,70,,
PCDHB8,19,7,8,25,6,70,,
POLR2H,10,5,11,23,18,70,,
PPP1R14B,23,3,7,32,2,70,,
PRPF40B,9,5,14,31,11,70,,
PSMD12,10,7,12,17,22,70,,
PTPRR,25,21,6,2,13,70,,
RALGDS,11,6,18,13,18,70,,
RFC3,9,11,13,20,9,70,,
RRS1,14,9,14,12,18,70,,
RUFY2,24,14,4,15,9,70,,
SRSF1,19,8,8,20,11,70,,
XPOT,14,7,12,22,10,70,,
ABCA10,11,4,32,20,6,69,,
ARIH1,8,0,25,9,22,69,,
ATAD3A,33,7,10,8,4,69,,
ATP1B3,24,10,8,12,9,69,,
ATP5J,21,7,12,15,7,69,,
BCKDHA,12,5,18,17,10,69,,
BUB3,14,4,26,19,2,69,,
EDIL3,14,1,29,4,16,69,,
ESPL1,8,5,22,16,11,69,,
EXOSC10,13,2,18,19,15,69,,
FAM231D,10,5,28,18,4,69,,
LOC100996643,24,6,14,20,7,69,,
LOC112268284,9,4,22,24,10,69,,
LOC389831,19,11,22,13,8,69,,
MAGEL2,9,4,29,17,10,69,,
MTMR14,28,15,9,9,6,69,,
NEURL4,16,17,20,12,4,69,,
NPIPB12,17,4,16,19,10,69,,
POLR1B,20,5,18,15,11,69,,
PRKAB1,22,7,14,16,8,69,,
PSMB5,13,2,23,14,14,69,,
RHOC,19,4,25,14,10,69,,
RIF1,10,6,16,34,3,69,,
SEC61B,5,1,17,16,28,69,,
SMU1,18,4,13,21,14,69,,
TJP2,16,8,12,22,3,69,,
TMSB10,22,4,14,30,6,69,,
TMTC3,24,22,5,13,6,69,,
UQCRHL,13,4,12,25,4,69,,
UTP23,17,8,15,17,7,69,,
VPS33A,26,17,4,15,5,69,,
ACTR2,7,4,23,15,19,68,,
ARL10,18,6,17,18,9,68,,
ATP6V1C1,13,5,36,10,4,68,,
CA5B,10,4,8,29,13,68,,
CCDC155,9,6,10,31,12,68,,
CCNI2,10,6,12,16,25,68,,
CHAF1B,17,9,15,15,4,68,,
CPSF1,8,3,22,15,14,68,,
DNTTIP2,19,3,21,9,10,68,,
EBLN1,22,18,12,18,0,68,,
FADS6,15,18,12,23,2,68,,
GJD3,22,16,8,8,14,68,,
GPR155,21,17,11,13,4,68,,
HDAC11,6,6,12,33,14,68,,
KLF3,12,9,35,11,4,68,,
KRT222,24,8,14,16,3,68,,
LOC107987388,14,7,13,28,7,68,,
LSM4,8,2,9,21,21,68,,
MMS22L,19,10,18,9,12,68,,
NDUFV1,17,10,14,24,3,68,,
PNO1,18,2,35,12,3,68,,
POLR2I,18,4,13,20,13,68,,
PPP4C,6,11,20,21,9,68,,
RPS4X,13,4,17,15,15,68,,
SETD3,6,3,10,12,32,68,,
SLC38A1,19,7,21,13,7,68,,
TANGO6,10,4,28,11,9,68,,
TGIF1,11,7,17,14,24,68,,
TM9SF4,23,15,7,15,5,68,,
UBB,17,10,21,9,10,68,,
UBFD1,12,5,15,27,7,68,,
VTN,17,6,9,23,11,68,,
ZDHHC12,12,1,20,10,25,68,,
ZNF490,22,20,12,6,9,68,,
ACOT8,22,20,17,7,1,67,,
ALG11,13,37,16,4,0,67,,
BCAT2,9,1,21,19,10,67,,
BRAP,20,11,10,18,10,67,,
CCDC71L,14,7,11,12,16,67,,
CENPK,8,7,32,12,7,67,,
COX14,19,8,13,14,13,67,,
CPOX,29,16,10,7,3,67,,
CYB5D1,12,0,13,33,5,67,,
DEXI,22,7,13,22,0,67,,
DNAJC22,16,3,5,32,8,67,,
DPYSL5,17,6,11,25,6,67,,
EIF4G2,14,2,24,14,10,67,,
EXOSC9,17,4,13,17,12,67,,
FNTB,13,3,11,30,4,67,,
GALK1,18,8,15,15,6,67,,
GOLGA6L10,8,3,28,18,11,67,,
GTF2H3,15,14,14,18,6,67,,
LOC102723623,8,2,36,9,9,67,,
LOC112268237,12,5,19,12,17,67,,
MAP1LC3A,17,14,20,10,6,67,,
MCM5,29,7,12,21,3,67,,
MOB4,20,23,14,3,5,67,,
NIFK,17,3,16,22,7,67,,
NXPH4,15,3,9,24,12,67,,
P2RX1,15,18,13,10,8,67,,
PCED1B,12,6,11,30,9,67,,
POTEH,14,3,23,8,17,67,,
RAP1GAP2,24,15,18,8,2,67,,
RBBP6,22,12,7,22,4,67,,
RPS27,8,6,21,16,13,67,,
SIGIRR,21,13,15,9,8,67,,
SKA2,25,8,18,7,6,67,,
SNRNP200,8,5,18,22,9,67,,
SOHLH1,21,9,10,14,8,67,,
SPAG9,6,8,33,5,12,67,,
TMEM184A,23,12,12,15,4,67,,
TSFM,13,8,13,18,13,67,,
ADAM10,19,4,16,20,6,66,,
ADCY5,20,8,19,11,2,66,,
ALG12,21,13,16,11,3,66,,
ANAPC4,5,1,27,21,7,66,,
AP1M1,22,18,10,9,10,66,,
BPNT1,22,11,12,6,7,66,,
CDH23,10,6,18,9,20,66,,
EDA2R,16,27,11,2,6,66,,
EXOSC6,9,6,15,24,9,66,,
FAM186B,25,7,10,23,5,66,,
GFER,26,14,4,12,4,66,,
GFI1B,14,2,11,17,16,66,,
GMPPB,18,22,16,4,5,66,,
GPN2,12,5,13,16,17,66,,
HIST2H3C,16,30,6,11,4,66,,
KCNH6,16,9,15,18,1,66,,
KCNJ1,18,14,13,5,13,66,,
L1TD1,14,11,13,14,9,66,,
LOC105373750,24,10,24,6,1,66,,
LUC7L3,16,5,26,12,2,66,,
MAGEA2,11,8,18,23,7,66,,
MARS,16,15,8,17,4,66,,
MFAP1,12,4,18,21,9,66,,
MME,13,23,21,7,3,66,,
MTOR,19,17,23,10,1,66,,
NAA10,13,3,2,32,11,66,,
NUP107,14,4,7,34,2,66,,
OSBPL9,4,0,48,4,7,66,,
PHB2,22,3,12,17,7,66,,
PSMC4,6,0,28,13,16,66,,
RPAP3,26,5,14,8,13,66,,
RPL36A-HNRNPH2,21,24,5,8,6,66,,
SF3B4,16,5,9,10,29,66,,
SFXN1,20,13,19,6,6,66,,
SNRPB,14,9,12,12,15,66,,
SS18L2,25,4,16,13,7,66,,
STAC3,19,7,10,17,11,66,,
STAT2,10,8,8,25,11,66,,
TCFL5,12,14,12,12,14,66,,
TENM2,16,8,24,13,3,66,,
TRIM48,15,4,14,25,6,66,,
TRRAP,8,10,18,17,4,66,,
USP25,10,3,14,35,2,66,,
VOPP1,14,1,15,15,16,66,,
ZNF786,29,9,3,13,13,66,,
ALDOA,11,8,17,16,10,65,,
AP2S1,13,6,11,28,6,65,,
APEX2,13,5,14,20,10,65,,
AQR,16,10,11,24,2,65,,
C17orf49,14,2,11,33,5,65,,
CCDC127,10,5,22,20,8,65,,
CCDC88C,22,16,6,12,7,65,,
CEACAM20,24,4,12,14,10,65,,
DNAH17,11,6,10,31,11,65,,
DNAH3,25,5,16,15,6,65,,
FAM106A,14,5,11,28,8,65,,
GADD45G,7,3,31,14,5,65,,
GTF2H1,12,3,13,24,8,65,,
HOXB2,24,9,8,19,4,65,,
INHBE,4,3,7,40,10,65,,
INTS14,12,6,14,10,22,65,,
KCNH3,22,10,10,17,7,65,,
KLK6,16,9,11,17,7,65,,
KRT86,18,3,25,5,8,65,,
LOC100996379,5,1,34,15,11,65,,
MED26,18,2,9,10,20,65,,
MRPL13,26,15,6,13,2,65,,
NCOA1,24,17,6,14,4,65,,
PARP10,20,15,4,14,9,65,,
PLSCR4,8,11,14,11,14,65,,
PMPCB,20,13,15,15,9,65,,
RNF139,12,6,16,21,6,65,,
RPL31,8,5,18,10,13,65,,
RPS13,9,3,21,13,16,65,,
SCNM1,11,7,10,22,9,65,,
SEC24C,17,4,18,16,6,65,,
SLAMF6,18,9,13,17,7,65,,
SLC35A1,2,3,59,4,0,65,,
WASF2,13,1,19,5,26,65,,
WWP2,17,2,7,20,12,65,,
ZSCAN2,12,8,6,36,2,65,,
AIP,14,5,19,25,5,64,,
ALPI,18,10,8,25,2,64,,
C19orf12,12,5,21,17,8,64,,
C3orf35,22,5,5,24,8,64,,
CCDC148,11,6,14,25,2,64,,
CD101,19,14,6,21,4,64,,
CD247,4,9,29,12,7,64,,
CTSH,19,4,12,13,9,64,,
DDX27,14,8,8,13,16,64,,
DHRS7B,18,2,11,21,8,64,,
EIF2B1,7,2,16,16,15,64,,
EIF3B,14,7,5,23,8,64,,
FAM122A,10,6,12,11,15,64,,
FBXL22,13,8,20,10,6,64,,
FMOD,30,2,9,12,9,64,,
FXYD5,13,8,17,10,7,64,,
GRIN1,19,6,10,13,5,64,,
GRIN2C,10,6,19,20,7,64,,
GSC,13,7,12,26,4,64,,
HMGB1,14,8,21,11,8,64,,
HRH4,20,18,16,7,4,64,,
IDI1,12,8,10,23,8,64,,
ING5,19,9,21,14,3,64,,
KIAA1958,25,18,8,5,4,64,,
MAL,12,4,9,16,20,64,,
MOSPD3,5,0,17,3,38,64,,
MPG,7,2,17,11,24,64,,
NBPF8,26,6,17,10,2,64,,
NDC80,13,3,14,23,5,64,,
NEDD8,12,2,11,15,15,64,,
NR1I2,10,5,15,17,18,64,,
POGZ,9,5,21,6,22,64,,
POLD4,17,10,9,23,7,64,,
PRPF38B,9,6,11,23,9,64,,
PRR13,16,2,33,8,4,64,,
PRR15L,7,1,7,33,6,64,,
RRN3,18,3,20,9,9,64,,
SMNDC1,11,6,16,17,15,64,,
TP53TG3D,13,5,17,25,3,64,,
TRNAU1AP,21,11,18,8,7,64,,
VARS2,22,26,7,6,1,64,,
VAT1,21,11,10,20,5,64,,
ARHGEF11,22,10,4,18,5,63,,
CHAD,17,14,11,14,8,63,,
CHML,8,13,13,14,9,63,,
CYB5R4,9,1,19,15,20,63,,
DNA2,11,8,10,20,11,63,,
ECH1,20,7,11,9,12,63,,
EIF3F,18,22,13,7,5,63,,
EXOSC4,17,11,13,14,6,63,,
FOPNL,8,3,13,32,3,63,,
GPS1,16,2,11,31,5,63,,
HIPK4,11,5,11,23,15,63,,
HIST1H2AG,9,5,36,4,7,63,,
HNRNPD,10,4,33,7,7,63,,
IFNA13,13,7,19,11,10,63,,
KAT5,13,6,8,10,28,63,,
LAS1L,16,7,16,22,1,63,,
LOC102724642,20,9,12,15,8,63,,
LOC105376525,14,4,21,10,10,63,,
LOC107985381,20,4,12,23,4,63,,
LOC107987389,20,4,13,20,7,63,,
LOC112267939,21,7,15,15,4,63,,
LPCAT3,20,6,6,20,9,63,,
LRP4,16,4,8,22,9,63,,
LSM11,21,6,4,28,3,63,,
MACROD1,12,2,37,7,3,63,,
MAPK8IP3,23,9,14,14,10,63,,
MESDC1,7,2,41,5,7,63,,
MRPL38,18,6,13,15,6,63,,
NASP,13,10,7,14,11,63,,
NDN,13,3,11,30,6,63,,
NDUFB9,17,3,22,23,1,63,,
NPIPB4,13,3,9,21,15,63,,
NUAK1,21,2,9,19,7,63,,
NUBP2,14,9,8,20,10,63,,
PDE4DIP,16,6,31,10,3,63,,
PIANP,21,9,6,25,6,63,,
PRDX2,21,4,18,13,3,63,,
PRR14,21,9,8,16,6,63,,
PSMD2,7,1,1,7,37,63,,
PTPRA,16,6,15,15,6,63,,
RGPD1,11,6,14,16,11,63,,
RPL27A,11,6,20,18,10,63,,
RPS27A,14,3,22,17,7,63,,
SLC8A2,19,4,17,9,4,63,,
SP7,17,3,7,26,9,63,,
ST3GAL4,4,5,51,3,1,63,,
STT3A,12,2,28,9,5,63,,
TIGD5,14,5,17,14,8,63,,
TNS2,14,10,12,12,9,63,,
TRMT10C,12,5,19,12,5,63,,
UNC119,2,5,28,12,15,63,,
YRDC,15,10,21,9,3,63,,
ZNF547,20,6,10,25,2,63,,
AQP5,10,2,19,15,9,62,,
ARID2,13,8,23,13,4,62,,
CCNA2,14,7,8,16,14,62,,
CCT3,18,4,7,24,7,62,,
CCT5,12,3,14,25,10,62,,
CDC27,15,11,14,14,6,62,,
CFLAR,13,11,5,14,12,62,,
CHRNB2,11,5,12,26,6,62,,
CIC,13,5,19,11,13,62,,
CNPY2,18,3,7,14,14,62,,
COX10,18,11,12,11,3,62,,
DDIT3,16,5,15,15,8,62,,
DIEXF,7,5,32,11,9,62,,
DRICH1,9,0,29,4,17,62,,
FAM151B,22,10,8,12,8,62,,
FZR1,13,2,9,26,8,62,,
GOLGA8F,17,7,18,14,4,62,,
GPR75-ASB3,25,17,6,11,2,62,,
HYOU1,7,5,18,17,14,62,,
LLPH,19,7,9,17,7,62,,
LOC100144595,14,18,15,9,5,62,,
LOC728026,17,7,7,21,5,62,,
MRPS22,20,10,6,16,10,62,,
MRPS34,10,2,22,10,19,62,,
MYL2,28,11,12,7,2,62,,
NDUFA13,15,18,4,19,8,62,,
NEK5,13,0,5,20,18,62,,
NFYC,28,8,12,8,3,62,,
PHC1,26,9,6,19,3,62,,
PKLR,16,9,10,8,11,62,,
PPP1R14A,15,0,12,23,7,62,,
PTGES3L-AARSD1,16,8,12,3,18,62,,
PTPRJ,8,6,28,10,7,62,,
RBL1,16,4,17,14,7,62,,
RPS19BP1,23,15,3,15,6,62,,
SERTM1,11,3,6,20,15,62,,
SIGMAR1,18,9,11,15,9,62,,
SLC25A46,19,6,12,16,7,62,,
SNRPD3,16,3,9,23,9,62,,
SNX15,16,21,10,10,4,62,,
SPIN4,13,11,27,7,4,62,,
TARDBP,16,8,12,17,6,62,,
TICRR,20,10,10,12,6,62,,
TMEM54,18,13,14,10,6,62,,
TMEM91,10,5,9,18,11,62,,
TPX2,19,7,9,20,7,62,,
TRPV4,10,3,15,23,6,62,,
TSHZ3,21,3,11,16,5,62,,
UBA52,13,6,19,17,6,62,,
URB1,10,13,9,20,4,62,,
WDR44,12,10,17,7,15,62,,
XRN2,20,9,11,16,3,62,,
ZG16B,7,9,11,29,2,62,,
ZNF382,16,4,14,16,8,62,,
ALDH1A3,7,7,10,29,3,61,,
ALMS1,16,3,5,18,14,61,,
BCAR1,10,3,22,12,12,61,,
C12orf66,14,6,7,15,9,61,,
CCDC22,9,2,35,11,11,61,,
CEP89,8,6,16,15,8,61,,
CHRDL2,12,0,11,21,12,61,,
CYLD,16,8,12,13,13,61,,
CYTH4,15,8,7,14,12,61,,
ESR2,8,5,6,32,9,61,,
FBLN5,18,6,14,10,11,61,,
GATA5,17,5,19,13,4,61,,
H2AFB2,7,3,12,18,13,61,,
HIST1H1A,14,22,5,5,8,61,,
HIST2H2AA3,19,8,8,14,6,61,,
HIVEP2,9,7,20,17,7,61,,
HSPA5,9,4,16,16,19,61,,
INTS9,12,13,4,21,6,61,,
KCNC1,8,10,19,22,3,61,,
LARP4B,24,3,14,11,5,61,,
MIPEP,19,19,9,2,8,61,,
MRPS30,10,3,22,14,11,61,,
NDUFS1,16,17,11,6,15,61,,
NEIL1,11,1,20,14,8,61,,
NR2C1,19,16,13,10,4,61,,
NRL,12,3,14,27,5,61,,
NSMF,11,8,14,20,3,61,,
ORC6,16,16,6,11,8,61,,
PLA2G10,14,6,10,24,4,61,,
PLEK,4,0,29,13,15,61,,
POLR2F,10,17,16,9,10,61,,
PRADC1,17,6,15,5,9,61,,
PRPF8,7,0,14,14,25,61,,
PSMC3,6,1,18,13,22,61,,
PTPN5,16,7,13,15,7,61,,
RAB2A,3,2,38,3,11,61,,
RAB31,9,7,16,21,5,61,,
RAB36,14,8,15,15,10,61,,
RBX1,6,3,13,12,23,61,,
RNF130,12,9,15,25,2,61,,
RPL36,10,12,13,18,6,61,,
SNW1,17,10,15,11,2,61,,
SPTAN1,19,9,2,21,5,61,,
SURF6,14,4,20,19,3,61,,
TGFB3,12,15,6,18,7,61,,
TIMM50,17,13,12,8,10,61,,
TMEM178A,10,9,2,7,32,61,,
TOMM20,37,1,4,7,9,61,,
TUBGCP2,15,3,12,20,9,61,,
ULK4,10,6,18,25,1,61,,
ZBED4,24,15,5,8,8,61,,
ZNF207,9,4,16,23,9,61,,
ZNF839,6,7,13,25,9,61,,
ZSCAN21,11,2,16,23,8,61,,
ABCB9,15,5,9,25,6,60,,
ADM5,14,5,12,14,15,60,,
APLP1,6,3,29,6,14,60,,
ATP8,13,8,13,15,8,60,,
ATXN7L3,25,11,7,6,3,60,,
AURKC,13,5,19,15,8,60,,
BHMT2,11,2,5,27,9,60,,
C17orf67,18,8,15,14,6,60,,
C1orf27,19,16,7,13,3,60,,
CCNI,15,5,8,23,8,60,,
CELF6,6,4,22,10,15,60,,
CHRNE,7,8,13,25,1,60,,
CNOT1,15,6,10,10,13,60,,
COLGALT1,9,4,13,15,14,60,,
CSNK2B,13,5,7,24,11,60,,
DCUN1D4,11,3,6,18,19,60,,
DDA1,16,11,10,9,11,60,,
DHDH,19,1,7,15,15,60,,
EIF4B,10,2,17,24,3,60,,
ENDOG,12,12,14,14,4,60,,
FAM20A,20,1,8,21,7,60,,
FAM89A,9,1,10,24,16,60,,
GON4L,19,7,10,12,10,60,,
HDAC6,11,6,17,15,5,60,,
HSD17B14,9,8,6,20,13,60,,
LOC100652777,17,9,12,9,7,60,,
LOC100996720,9,2,12,9,28,60,,
LOC112268137,11,4,33,15,4,60,,
LOC112268271,13,35,5,5,4,60,,
NLRC4,14,6,16,17,7,60,,
NOL6,16,4,17,16,10,60,,
NOXO1,23,20,8,9,5,60,,
PDHB,9,14,23,12,3,60,,
PPP1R3C,24,3,21,4,5,60,,
PTGES3,19,6,11,22,3,60,,
RANGAP1,9,2,23,9,13,60,,
RHOQ,14,10,11,12,6,60,,
RNMT,18,5,7,17,10,60,,
RPL8,13,16,6,17,1,60,,
RRP7A,17,8,9,16,3,60,,
SAMD14,21,8,10,9,5,60,,
SF3B2,16,10,7,29,7,60,,
SHC4,11,1,17,11,17,60,,
SLTM,8,1,26,3,16,60,,
SMAD6,16,9,8,13,12,60,,
STAG2,10,1,8,26,14,60,,
TAF5L,8,1,11,8,36,60,,
THAP6,11,14,23,4,3,60,,
TRAIP,11,5,17,11,9,60,,
TSR1,11,9,12,19,10,60,,
TTI1,9,5,15,18,1,60,,
UBE2I,17,6,23,12,5,60,,
UBE2Q2L,15,4,9,18,13,60,,
YKT6,11,5,9,29,5,60,,
ZFHX3,15,2,24,5,13,60,,
ZKSCAN1,16,9,17,15,2,60,,
ZMYND19,16,25,9,3,6,60,,
AAAS,11,4,18,15,9,59,,
ACO2,18,10,11,12,4,59,,
ADAMTS18,19,16,12,3,7,59,,
ARHGEF33,23,13,9,10,4,59,,
ATP6V1G1,3,2,37,15,3,59,,
BTNL9,9,3,12,17,13,59,,
C5AR1,5,3,3,34,13,59,,
C8orf31,10,1,17,22,8,59,,
CAMKK1,15,7,7,14,7,59,,
CASP1,15,10,18,14,5,59,,
CCDC9,9,7,11,22,5,59,,
CSNK1A1,13,6,20,16,4,59,,
DAGLB,9,4,11,8,23,59,,
DLX6,10,3,10,22,11,59,,
DYNC1LI2,14,5,7,18,8,59,,
EFHD1,8,3,36,6,3,59,,
EIF2S1,12,2,15,14,13,59,,
FRS3,16,19,6,9,9,59,,
GJC3,16,6,12,15,6,59,,
GMCL2,1,5,31,7,14,59,,
HCK,11,7,17,18,2,59,,
HES2,20,8,11,12,9,59,,
KLHL41,8,2,19,13,16,59,,
LOC107984638,15,13,18,9,6,59,,
LOC112268145,15,6,7,11,20,59,,
LOC112268168,19,10,13,13,3,59,,
MRPL34,20,7,8,17,3,59,,
NCAPH,6,2,17,25,3,59,,
NCKAP5L,18,4,12,18,5,59,,
NFASC,19,5,16,14,5,59,,
NFYB,7,3,7,31,2,59,,
OGDH,21,21,7,5,5,59,,
OTX2,13,5,12,20,5,59,,
PDCD10,11,0,14,6,30,59,,
PLAC9,13,2,11,30,3,59,,
PPIH,10,8,24,11,6,59,,
PPP1CB,8,7,4,12,23,59,,
PPP1R11,11,3,20,18,7,59,,
PRDM10,20,5,10,11,11,59,,
PRELID3B,11,5,27,9,5,59,,
PSMC2,11,2,24,10,7,59,,
PTK7,20,2,13,12,8,59,,
RBBP5,22,2,6,16,15,59,,
RPS29,9,8,16,10,12,59,,
RTN1,18,8,7,20,7,59,,
SAMM50,30,7,7,5,9,59,,
SIRT3,9,4,13,6,27,59,,
SLC33A1,17,12,10,13,3,59,,
SNED1,17,4,9,10,18,59,,
SPAG6,16,20,12,11,3,59,,
SRP19,14,1,11,20,10,59,,
SVIL,13,5,10,11,16,59,,
TDG,12,7,14,21,5,59,,
TUBB8P12,17,4,13,11,5,59,,
TXNL4A,15,4,11,13,14,59,,
UAP1,16,5,9,13,12,59,,
XPO1,17,9,13,9,5,59,,
ZNHIT6,16,7,7,18,4,59,,
AAMP,5,3,10,10,27,58,,
ABCA1,17,6,19,6,8,58,,
ABCB1,20,8,10,10,7,58,,
APOLD1,21,9,6,18,4,58,,
ASCL3,8,8,12,22,3,58,,
ASIC1,8,3,10,20,13,58,,
BHLHA15,7,4,15,9,25,58,,
CDC26,14,8,13,13,6,58,,
CENPBD1,9,2,33,11,5,58,,
CGB5,14,3,11,9,14,58,,
CHMP6,14,2,15,15,8,58,,
CXorf23,20,32,1,6,0,58,,
DDX18,14,2,15,15,9,58,,
DNAJC14,12,9,11,16,5,58,,
DOCK6,17,14,10,3,13,58,,
DUSP13,15,10,13,12,3,58,,
ECT2,15,4,6,25,7,58,,
FAM173A,20,8,7,19,4,58,,
FAM222A,15,8,6,21,1,58,,
FAS,19,18,7,6,7,58,,
FDXR,9,5,11,25,5,58,,
FOXN1,15,11,3,20,6,58,,
GAGE1,14,18,8,11,7,58,,
HMGN1,9,6,6,24,11,58,,
ITM2B,11,7,12,18,5,58,,
KCTD14,12,4,4,21,6,58,,
LOC100130705,9,3,7,21,18,58,,
LOC101929322,13,4,9,12,17,58,,
LOC112267859,9,8,17,8,12,58,,
LOC112268409,13,6,20,9,12,58,,
MAP3K10,10,4,25,6,9,58,,
MCU,22,12,4,9,6,58,,
MED27,15,1,11,18,12,58,,
MICALL2,6,9,9,23,11,58,,
MIER1,17,7,9,20,3,58,,
MRPL41,10,3,18,21,2,58,,
MRPS23,17,10,9,16,8,58,,
NARS,24,3,9,12,3,58,,
NBDY,15,13,6,15,6,58,,
NDUFA9,19,7,10,23,1,58,,
NFKB1,10,4,12,25,8,58,,
OR4C6,17,6,11,20,4,58,,
PDPK1,20,3,13,9,8,58,,
PROM2,16,7,8,19,4,58,,
PRR23D1,9,11,19,11,6,58,,
PSMB4,19,6,10,10,5,58,,
RAB10,11,3,4,24,9,58,,
RAB3D,5,1,14,8,30,58,,
RBM48,15,10,11,11,9,58,,
RPS26,20,8,9,15,6,58,,
SCRIB,14,6,7,12,21,58,,
SGCG,9,4,7,35,2,58,,
SLC25A5,11,5,17,12,13,58,,
SS18,9,2,8,20,17,58,,
STK35,4,6,23,9,9,58,,
TACC3,20,4,12,13,5,58,,
TM9SF3,4,4,28,16,4,58,,
TSHZ1,15,7,28,6,4,58,,
WDR46,12,3,11,25,2,58,,
AHCY,15,8,15,10,6,57,,
AIMP1,9,1,13,24,8,57,,
AKIRIN1,15,6,16,10,4,57,,
ARHGAP33,6,2,7,24,12,57,,
ARNT2,22,7,11,13,3,57,,
BIRC5,13,3,5,25,4,57,,
BRK1,9,5,26,6,12,57,,
C17orf82,12,4,11,17,6,57,,
CD177,10,6,12,18,8,57,,
CHMP1B,10,8,26,4,6,57,,
CHRFAM7A,12,7,18,12,5,57,,
CHTF18,13,4,6,18,13,57,,
COLEC12,17,9,8,17,6,57,,
CTDSP2,9,5,10,19,10,57,,
DIRAS1,21,6,8,11,6,57,,
DMAP1,5,1,13,12,27,57,,
DNAJB2,7,4,15,18,6,57,,
DNAJC21,8,5,22,12,7,57,,
EIF2B2,23,12,6,7,7,57,,
ERF,8,6,37,4,4,57,,
FBN3,22,8,9,10,5,57,,
FBXL8,20,20,4,4,6,57,,
FCHSD1,7,0,15,13,22,57,,
GARS,27,6,7,12,7,57,,
GLIPR1L2,10,6,10,22,8,57,,
GPR82,24,6,10,10,3,57,,
HNRNPUL1,9,3,10,22,12,57,,
HUS1,20,6,1,23,2,57,,
IFT74,24,5,2,7,15,57,,
IL12A,18,4,16,8,11,57,,
ISY1,12,14,6,12,6,57,,
LHX4,14,6,19,13,2,57,,
LSR,10,3,23,7,10,57,,
MFSD5,14,4,9,8,16,57,,
NEUROD2,7,4,10,23,8,57,,
NGLY1,16,5,7,17,6,57,,
NPW,16,7,12,18,3,57,,
NUP88,19,9,7,10,5,57,,
PALB2,19,3,19,6,8,57,,
PCNA,17,4,14,18,5,57,,
PLEKHG4,11,4,15,14,6,57,,
POLR2D,6,1,19,7,18,57,,
PUM2,19,5,6,17,9,57,,
RFK,15,6,11,18,7,57,,
RGPD8,21,5,9,13,6,57,,
RIOX2,9,7,30,2,6,57,,
RPS8,10,3,20,12,10,57,,
SAYSD1,11,6,10,18,6,57,,
SBNO1,10,2,9,7,30,57,,
SCTR,12,17,14,17,8,57,,
SLX4IP,10,6,18,5,11,57,,
SNRPE,14,5,12,15,8,57,,
SP3,11,6,19,13,2,57,,
STARD8,16,7,15,9,6,57,,
TERF2,16,8,7,24,6,57,,
TEX14,24,8,6,12,8,57,,
TRABD2A,16,5,9,18,6,57,,
WDR25,8,1,16,7,25,57,,
WDR82,6,2,17,9,17,57,,
XPO6,17,9,9,6,11,57,,
YIPF6,19,9,6,15,4,57,,
ZNF584,5,4,34,9,6,57,,
ZYX,12,10,6,10,18,57,,
APBB1IP,14,1,6,21,8,56,,
ATAD5,7,4,19,19,6,56,,
C17orf80,13,4,6,26,4,56,,
C19orf54,15,7,12,11,5,56,,
CALCOCO1,12,3,21,9,9,56,,
CDK2AP1,13,3,16,14,9,56,,
CENPJ,8,3,17,18,7,56,,
CEP131,8,10,19,16,6,56,,
CHCHD3,25,6,5,15,2,56,,
CLPTM1L,7,5,7,23,5,56,,
COPB2,6,7,4,16,22,56,,
CYP4F22,12,5,12,15,11,56,,
DGAT1,16,6,9,23,1,56,,
DNASE2,14,5,9,7,16,56,,
ESRP2,7,3,24,12,6,56,,
FANCI,15,4,8,21,5,56,,
FOSB,11,6,18,11,8,56,,
GALE,11,14,10,11,2,56,,
HOXC11,7,3,9,26,4,56,,
IFITM3,11,4,8,24,8,56,,
IL4R,11,7,17,15,14,56,,
INTS11,15,20,11,6,3,56,,
ISCA2,17,8,13,9,2,56,,
KIAA1257,11,1,16,6,20,56,,
KLHL21,5,1,7,6,36,56,,
KNTC1,14,11,6,17,6,56,,
KRT80,16,2,14,19,2,56,,
LAMA1,14,13,14,5,8,56,,
LMBR1L,13,4,14,17,6,56,,
LOC101927503,12,7,8,16,8,56,,
LOC101928095,4,0,8,20,19,56,,
LOC101929599,21,14,5,11,3,56,,
LOC107983990,16,9,5,15,13,56,,
LOC107986800,19,6,10,15,5,56,,
LYNX1,6,2,19,5,23,56,,
MAK16,13,3,10,21,5,56,,
MAP2K5,6,7,8,18,12,56,,
MRGPRF,18,5,12,13,5,56,,
MRPL57,18,6,13,12,1,56,,
NDUFA2,11,3,13,10,22,56,,
NOL9,9,3,14,16,7,56,,
OGT,19,7,11,10,11,56,,
OSCAR,19,13,4,12,4,56,,
PAF1,6,0,11,11,26,56,,
PARM1,13,6,16,10,7,56,,
PLK1,19,3,11,14,8,56,,
PNMA3,11,3,4,24,11,56,,
PPHLN1,3,3,5,25,15,56,,
PPIB,18,7,16,10,6,56,,
PRMT1,21,5,7,6,17,56,,
RBM17,20,3,13,10,11,56,,
RET,11,7,7,16,13,56,,
RPP30,12,7,10,14,9,56,,
RPS3A,9,7,12,18,7,56,,
RSRP1,12,7,3,22,5,56,,
SAE1,12,3,18,6,12,56,,
SCARF1,17,4,8,4,16,56,,
SEC23B,14,7,14,11,7,56,,
SEC62,10,3,11,16,10,56,,
SETSIP,12,3,19,10,10,56,,
SLC6A19,11,4,5,22,8,56,,
SNRPD1,19,7,8,8,7,56,,
SUPV3L1,24,3,11,14,15,56,,
TBCC,13,4,11,18,4,56,,
TBX19,15,7,9,8,14,56,,
TFRC,12,4,12,24,2,56,,
THAP12,23,7,6,10,8,56,,
TLE3,7,2,30,11,6,56,,
TOR4A,13,4,6,14,15,56,,
TSSK4,10,6,16,15,5,56,,
TXN,6,6,15,19,7,56,,
UBE2D3,16,15,9,8,7,56,,
VNN2,8,5,13,6,18,56,,
WDPCP,9,5,8,24,5,56,,
WDR73,21,9,10,13,2,56,,
WRAP53,9,6,10,24,5,56,,
XRCC6,10,7,13,16,9,56,,
ZNF101,11,6,7,18,9,56,,
ZNF174,22,9,10,10,2,56,,
ZNF224,8,7,15,20,7,56,,
ZNF473,11,3,19,12,0,56,,
ABHD4,8,2,3,27,9,55,,
ALG1L,18,15,8,10,3,55,,
ALPPL2,21,14,4,4,12,55,,
ASS1,11,4,7,23,8,55,,
ATP13A1,8,1,11,16,17,55,,
BAK1,5,2,11,6,29,55,,
BDKRB2,22,4,6,7,9,55,,
BRCA2,20,10,11,11,1,55,,
BRINP2,19,13,8,8,6,55,,
BRIX1,11,3,19,7,5,55,,
C4orf26,13,6,10,20,2,55,,
CCNL1,15,2,17,9,12,55,,
CCT2,15,3,12,9,11,55,,
CGB8,7,3,20,16,3,55,,
DIO1,12,4,23,8,3,55,,
DNAH6,11,6,7,25,7,55,,
DNASE1,12,11,9,13,8,55,,
DPM1,10,33,3,6,2,55,,
EID2,18,2,9,21,8,55,,
EIF1,8,12,14,17,3,55,,
EIF3K,11,5,16,13,5,55,,
EIF4A3,17,8,10,15,3,55,,
EPC2,12,4,6,10,19,55,,
FAH,10,5,10,20,11,55,,
FAM83B,10,13,13,18,3,55,,
FLG,3,2,42,5,2,55,,
GAGE2D,4,4,13,13,23,55,,
GINS3,7,6,19,18,7,55,,
GPATCH11,8,9,16,12,7,55,,
GRIN3A,9,2,9,17,13,55,,
HINFP,10,6,12,13,8,55,,
ICE2,14,7,11,11,5,55,,
KIF14,12,4,24,12,4,55,,
KREMEN1,14,7,10,16,5,55,,
LOC101929805,11,6,10,18,4,55,,
LOC105369914,8,7,20,13,3,55,,
LOC105375787,12,6,19,13,10,55,,
LOC107983983,10,5,22,9,8,55,,
LOC107986755,8,1,8,27,6,55,,
LOC107987397,21,6,13,9,4,55,,
MED22,6,2,17,11,18,55,,
MEGF8,10,7,21,14,3,55,,
MGAM,23,9,11,12,1,55,,
MYL12B,7,5,19,17,4,55,,
NBPF19,10,1,16,15,8,55,,
NRXN2,9,4,14,18,10,55,,
NTN1,6,5,11,15,15,55,,
NUP155,11,6,8,13,14,55,,
NUTM2A,17,2,10,15,5,55,,
PGGT1B,16,9,10,12,7,55,,
PIDD1,9,3,12,15,9,55,,
POU2F2,9,3,19,8,11,55,,
PSMA3,10,5,14,10,12,55,,
PUS7L,28,4,6,12,3,55,,
RASSF4,8,2,9,9,26,55,,
RBPJ,25,6,5,10,8,55,,
RCC2,18,3,21,10,5,55,,
RHBDD3,22,2,16,12,3,55,,
RPL24,16,18,3,11,3,55,,
SCNN1A,10,4,9,16,13,55,,
SDHAF1,14,2,6,23,5,55,,
SEC31B,26,6,6,11,6,55,,
SEMA5B,15,7,9,9,3,55,,
SHKBP1,13,3,21,9,7,55,,
SNRNP35,11,3,10,15,15,55,,
SORBS1,9,5,10,25,4,55,,
SPATA32,19,6,5,14,9,55,,
SPATA5,10,3,9,27,3,55,,
SPRED3,8,1,15,5,26,55,,
SRF,8,1,22,11,11,55,,
SRP54,16,4,6,15,18,55,,
STARD7,7,2,17,9,11,55,,
TGM2,18,13,6,7,3,55,,
TMEM2,13,4,11,21,7,55,,
TSNAX,22,2,15,9,2,55,,
TSPO,16,10,7,11,8,55,,
TTC31,22,6,2,14,9,55,,
UTY,8,5,17,9,14,55,,
VHL,14,4,10,16,5,55,,
WBP2,18,9,12,5,7,55,,
WWP1,11,4,13,18,7,55,,
ABCC3,13,4,11,18,5,54,,
ACBD3,9,4,11,23,8,54,,
ACTL6B,6,1,25,7,13,54,,
AJUBA,9,4,12,11,14,54,,
AK6,9,3,9,17,15,54,,
BAX,13,11,4,14,5,54,,
BIVM,16,3,3,21,3,54,,
CDC16,4,0,16,21,13,54,,
CDKN1A,12,3,8,31,1,54,,
CHAC1,12,4,7,22,7,54,,
CHID1,12,10,6,20,4,54,,
COMMD4,11,6,21,14,1,54,,
CWC15,13,8,13,14,2,54,,
CYB5R1,20,8,11,5,6,54,,
DCTN6,10,5,23,14,3,54,,
DDX19B,13,4,6,26,3,54,,
DTD1,12,6,5,25,2,54,,
EMG1,9,5,14,11,13,54,,
ENC1,16,6,12,11,3,54,,
ERBB3,6,4,7,5,28,54,,
ETS2,21,10,10,5,6,54,,
FAM133A,8,5,8,21,8,54,,
FAM157B,7,1,11,13,16,54,,
FIBCD1,10,2,11,20,8,54,,
FKBP6,14,8,7,14,6,54,,
FKTN,24,3,2,23,2,54,,
FOLR3,14,4,4,24,2,54,,
FZD5,18,8,11,12,2,54,,
FZD9,26,10,3,7,3,54,,
GABPB2,11,4,2,18,15,54,,
GATA3,16,7,6,6,17,54,,
GEMIN5,14,6,8,23,2,54,,
GOLGA8B,6,3,16,20,12,54,,
GOT2,6,1,8,12,21,54,,
GPR20,6,8,6,23,3,54,,
GYS1,4,0,13,19,15,54,,
HAUS2,8,4,19,12,16,54,,
HIST2H3A,7,9,13,4,21,54,,
HNRNPU,11,2,8,10,20,54,,
HOXA3,17,11,5,14,3,54,,
KREMEN2,18,4,6,17,7,54,,
LOC101929692,8,2,22,13,8,54,,
LOC105371191,8,1,26,13,8,54,,
LOC105373289,12,5,11,19,8,54,,
LOC105373395,15,14,7,9,6,54,,
LOC107985911,16,4,9,14,10,54,,
MDC1,8,4,7,7,23,54,,
MED12,9,2,25,12,7,54,,
MPV17L2,15,8,11,12,6,54,,
MT1H,10,8,7,19,8,54,,
NAF1,13,4,17,12,11,54,,
NOS3,8,14,12,8,9,54,,
NUDT8,7,6,17,19,3,54,,
OR2AG2,9,13,7,25,4,54,,
PDCD11,6,2,15,18,9,54,,
PGM5,15,4,9,20,4,54,,
PIAS2,26,9,3,8,6,54,,
PICALM,13,14,9,13,5,54,,
POLR2A,10,3,12,26,8,54,,
POLR2J3,6,2,21,5,19,54,,
PPP1R12A,16,5,9,14,6,54,,
PPP1R1B,9,4,13,21,8,54,,
PRH2,18,14,9,5,5,54,,
RBM38,12,15,10,8,4,54,,
RBP3,16,4,10,6,13,54,,
RCN1,10,6,10,20,5,54,,
REEP3,11,5,5,20,8,54,,
RNF138,19,5,5,14,10,54,,
SCAF1,10,0,25,9,7,54,,
SEMA4A,16,1,20,8,6,54,,
SGF29,10,2,2,24,9,54,,
SH3BP4,11,4,13,20,5,54,,
SHBG,11,5,7,21,6,54,,
SKIV2L2,16,2,9,19,6,54,,
SLC19A3,21,5,8,14,3,54,,
SLC22A15,13,7,10,17,5,54,,
SLX1A,15,3,6,25,3,54,,
SMAD1,16,5,10,13,7,54,,
SMN1,7,0,11,4,25,54,,
SPANXA1,10,5,9,17,5,54,,
TAF7,6,1,23,3,16,54,,
TMCC2,15,17,8,5,9,54,,
TSR3,11,2,21,14,0,54,,
TUBA1B,17,10,7,13,3,54,,
TWISTNB,9,8,4,7,21,54,,
USF2,12,2,6,12,20,54,,
WDR81,7,4,18,13,10,54,,
YTHDC1,19,6,11,13,4,54,,
ZNF627,10,8,9,20,3,54,,
ZNF658,9,4,12,13,14,54,,
ZNHIT3,24,6,6,9,5,54,,
ZSWIM3,7,2,4,20,12,54,,
ALLC,12,8,6,25,1,53,,
ALS2CL,11,5,6,20,5,53,,
ASH2L,5,0,23,8,14,53,,
BCCIP,15,6,7,21,3,53,,
BEST1,14,10,13,16,3,53,,
BTAF1,16,6,5,15,4,53,,
C12orf71,12,2,13,17,6,53,,
C20orf96,13,2,6,26,4,53,,
CCNE1,14,4,9,23,0,53,,
CCT8,6,6,12,11,15,53,,
CD300LG,15,2,12,19,6,53,,
CHKA,20,7,6,7,13,53,,
CKLF,14,8,7,9,5,53,,
CLDN12,6,3,20,21,5,53,,
CLIP3,10,5,7,17,11,53,,
CPSF3,9,8,10,13,10,53,,
CTSA,4,2,29,12,7,53,,
CYP2C18,8,2,20,5,11,53,,
DCST2,8,4,14,9,16,53,,
DCTN2,11,3,15,11,11,53,,
DHRS1,9,7,16,8,9,53,,
DIS3,5,2,19,22,6,53,,
DNMT3A,9,8,10,14,12,53,,
DOCK5,19,4,11,13,3,53,,
DR1,16,12,11,7,7,53,,
DYNLRB1,7,15,20,8,4,53,,
EDAR,11,2,15,7,12,53,,
EEF1A1,17,10,7,11,8,53,,
EIF3J,3,1,15,10,17,53,,
EME1,21,9,2,12,6,53,,
EML6,15,2,15,16,2,53,,
EOMES,14,8,11,9,7,53,,
FAM49B,16,5,5,12,11,53,,
GLT8D2,10,3,13,18,5,53,,
GRHL2,8,0,6,33,3,53,,
GTF2E1,16,1,20,7,3,53,,
HIST1H4K,10,7,8,18,3,53,,
HNRNPK,8,4,18,2,17,53,,
IMMT,18,3,5,25,2,53,,
KCTD17,12,4,6,17,11,53,,
KLK12,16,3,13,14,4,53,,
LIMS1,5,3,18,26,3,53,,
LRP6,19,3,7,16,7,53,,
MAD2L1BP,11,5,2,22,0,53,,
MAPK1,28,5,1,13,5,53,,
MED23,14,6,14,14,4,53,,
MICAL3,8,4,8,18,13,53,,
MTCH1,18,4,9,11,8,53,,
MXRA7,12,8,7,9,14,53,,
NAA20,3,3,10,17,17,53,,
NDUFA11,24,8,4,6,9,53,,
NDUFA8,14,11,14,10,9,53,,
NDUFAB1,19,8,5,19,3,53,,
NOL12,18,5,7,13,4,53,,
NPIPA3,11,8,10,15,7,53,,
NTN5,12,6,5,19,7,53,,
NVL,16,5,10,16,4,53,,
ORC1,14,11,10,6,8,53,,
OSGIN2,17,5,7,13,7,53,,
PCGF1,6,7,18,13,8,53,,
PHKB,17,13,5,15,4,53,,
POLR1A,8,8,22,8,6,53,,
POLR2C,8,5,17,16,6,53,,
POP7,11,3,8,24,7,53,,
PSMB2,10,3,11,9,15,53,,
PSMB3,15,5,14,11,5,53,,
RIC8B,11,6,6,7,24,53,,
RNF32,11,4,16,17,0,53,,
ROCK2,2,1,6,4,31,53,,
ROR2,8,2,12,26,3,53,,
RTN4IP1,8,3,18,12,12,53,,
SERTAD2,5,3,15,18,10,53,,
SH2D6,9,3,7,24,4,53,,
SRBD1,16,4,13,10,9,53,,
TGFBR2,14,4,3,5,25,53,,
TIMM10,18,2,1,26,4,53,,
TLX2,11,14,4,19,2,53,,
TMEM255A,4,2,9,11,21,53,,
TRIM56,7,1,5,7,25,53,,
TTC9C,10,5,10,6,19,53,,
UPF2,6,4,16,14,11,53,,
YWHAG,9,1,23,9,8,53,,
ZFAND5,7,1,9,19,12,53,,
ZNF618,18,4,3,17,8,53,,
ACAT1,12,2,7,22,8,52,,
ACTR1A,12,4,19,11,1,52,,
ACTR3,10,5,19,16,5,52,,
ACVRL1,16,4,17,7,4,52,,
AFG3L2,17,5,22,6,3,52,,
AGPAT5,6,3,5,26,9,52,,
AHCYL1,11,21,5,13,4,52,,
AKAP1,14,3,8,20,2,52,,
ALDH3B2,16,8,8,13,6,52,,
ANKLE2,11,3,7,14,24,52,,
ANXA11,18,12,4,11,5,52,,
ANXA7,19,9,5,12,3,52,,
APBA2,22,6,9,12,1,52,,
ARCN1,13,9,7,13,4,52,,
ASAP2,14,14,4,9,6,52,,
ATF5,20,11,10,3,4,52,,
C17orf113,24,9,8,6,3,52,,
C19orf18,15,9,10,6,4,52,,
C3orf18,12,9,7,21,2,52,,
CALCRL,22,5,10,10,2,52,,
CAMK1,10,2,22,10,4,52,,
CAPG,16,4,7,8,5,52,,
CARNS1,4,1,23,5,18,52,,
CBY1,10,12,3,15,5,52,,
CCDC34,10,13,8,11,8,52,,
CCDC65,11,3,18,11,5,52,,
CDC37,15,7,10,17,4,52,,
CERS2,20,7,9,6,12,52,,
CIR1,6,4,16,13,13,52,,
CLDN9,10,6,14,18,4,52,,
CRABP2,6,2,31,8,3,52,,
CUL2,20,7,7,11,4,52,,
DNAJC9,5,1,21,7,18,52,,
DUSP28,10,5,26,7,5,52,,
EED,16,2,3,18,10,52,,
EFNA4,21,9,9,7,6,52,,
EIF3I,8,11,4,9,19,52,,
EPS8L1,7,3,9,23,3,52,,
GAR1,11,3,17,5,15,52,,
GOLGA8N,11,4,16,15,6,52,,
GOLGB1,8,8,14,8,10,52,,
GPRC5C,7,2,7,25,6,52,,
GPS2,20,4,6,13,5,52,,
H1FOO,4,3,24,7,11,52,,
IGF1R,14,1,11,10,13,52,,
IL1R2,13,9,16,5,4,52,,
INTS6,3,1,26,10,11,52,,
ITGA3,9,8,11,14,7,52,,
KCNIP3,13,6,9,17,5,52,,
LCAT,12,1,15,16,6,52,,
LOC100507462,16,8,12,7,3,52,,
LOC100996365,5,2,12,15,17,52,,
LOC100996842,12,4,5,19,5,52,,
LOC105379554,8,5,21,14,5,52,,
LOC107985416,19,4,7,11,13,52,,
LOC112267959,8,13,4,22,6,52,,
LRMDA,18,0,7,5,13,52,,
LRRC32,7,4,17,5,14,52,,
MARVELD3,11,4,21,7,5,52,,
MED8,14,3,14,12,5,52,,
MLF2,13,3,13,17,8,52,,
MSL1,17,5,4,17,6,52,,
MSL3,14,3,5,10,20,52,,
MZT1,22,5,9,9,5,52,,
MZT2A,22,3,12,12,4,52,,
NCAPD2,20,7,7,10,6,52,,
ND2,10,3,15,7,14,52,,
NECAP1,8,6,16,17,5,52,,
NOL11,12,6,9,23,3,52,,
NPHS1,14,4,10,25,1,52,,
NPIPB13,14,3,11,18,7,52,,
NRBP1,25,3,8,10,7,52,,
OAZ2,8,3,17,15,7,52,,
OSBPL7,17,0,8,10,6,52,,
PALM,10,3,17,8,7,52,,
PANO1,16,6,5,13,8,52,,
PDAP1,14,10,11,11,7,52,,
PDGFD,11,28,2,10,2,52,,
PIGH,17,2,7,18,5,52,,
PIP5KL1,8,4,19,12,7,52,,
PLSCR1,12,11,3,9,10,52,,
PNKD,17,17,2,6,7,52,,
PPP1R10,12,3,16,7,13,52,,
PROCA1,10,3,13,3,18,52,,
PRR29,17,2,7,11,11,52,,
RPL32,11,4,10,21,4,52,,
RPL36AL,13,3,9,12,14,52,,
RPS15,9,2,13,7,19,52,,
RRP12,17,9,14,6,3,52,,
SCG2,8,4,6,20,14,52,,
SLC16A2,10,4,10,21,3,52,,
SPAG1,18,10,9,9,5,52,,
SPATA7,13,6,5,16,13,52,,
SUCLG2,7,3,14,17,9,52,,
TAL2,10,24,9,10,2,52,,
TBC1D15,15,8,12,9,3,52,,
TBXA2R,13,3,7,20,6,52,,
TIPIN,7,4,19,6,14,52,,
TRAF3,7,10,20,16,3,52,,
TTC7B,14,7,11,17,0,52,,
UQCR10,17,2,2,11,10,52,,
USP7,16,2,3,21,5,52,,
VEGFA,11,2,7,23,6,52,,
WAC,8,8,16,11,10,52,,
ZNF232,6,3,22,19,1,52,,
ZNF540,17,8,12,6,6,52,,
ZSCAN5C,7,6,15,19,4,52,,
ADAM11,10,2,3,26,7,51,,
ADGRB1,16,8,10,10,5,51,,
ADNP,6,1,8,29,2,51,,
ADSL,7,0,13,10,17,51,,
ARL8B,5,1,15,12,18,51,,
ATP5J2-PTCD1,17,3,11,12,3,51,,
ATP6V0A1,18,7,11,10,2,51,,
ATRIP,9,2,14,15,6,51,,
BAHCC1,18,5,10,15,2,51,,
BDH2,10,5,19,14,3,51,,
BLOC1S6,25,11,8,6,2,51,,
C1D,2,5,14,17,16,51,,
C8orf33,9,1,13,10,15,51,,
CCAR1,3,0,1,8,37,51,,
CD160,15,5,6,17,4,51,,
CDK2,18,6,14,7,4,51,,
CNIH4,16,7,6,16,8,51,,
DDIT4,6,4,4,8,25,51,,
DLK2,11,3,11,20,8,51,,
DNM2,12,20,10,9,3,51,,
DPAGT1,8,7,21,9,4,51,,
DTX1,10,5,9,17,3,51,,
EIF4A1,9,4,10,18,12,51,,
FBXO41,6,5,22,12,6,51,,
FGD3,13,3,18,10,3,51,,
FHOD1,15,6,6,18,2,51,,
FKBP1A,23,3,7,9,7,51,,
FMNL2,10,4,24,6,9,51,,
FRRS1,10,5,6,15,12,51,,
GABRB3,10,7,9,3,14,51,,
GPATCH1,3,2,34,7,3,51,,
GPR83,16,10,14,4,4,51,,
HSBP1,19,2,9,12,4,51,,
ITM2C,7,3,10,18,10,51,,
KARS,21,2,8,5,13,51,,
KLF16,15,4,9,22,5,51,,
KPNB1,6,2,10,11,20,51,,
KRIT1,9,0,19,7,11,51,,
KRT12,21,9,6,10,3,51,,
LOC105377752,18,13,12,3,2,51,,
LOC107986113,6,5,29,10,2,51,,
LOC107987372,7,4,6,24,12,51,,
LRIG3,12,3,11,25,2,51,,
LRRC37A2,11,9,11,13,3,51,,
MANSC4,15,4,6,11,13,51,,
MAP3K14,19,4,7,12,2,51,,
MCMBP,16,6,8,8,6,51,,
MED4,9,5,15,14,4,51,,
MUC20,16,5,9,16,8,51,,
MYO9A,9,4,13,10,18,51,,
NAA30,8,0,18,12,16,51,,
NAT8,7,2,6,23,6,51,,
NCAPD3,12,5,18,9,4,51,,
NGDN,10,5,20,3,8,51,,
PAPD4,16,5,11,15,4,51,,
PHAX,8,7,12,20,5,51,,
POU6F1,10,5,14,16,3,51,,
PROX1,15,4,17,11,4,51,,
PRPF6,13,4,8,20,8,51,,
PRRX1,5,5,21,14,3,51,,
PTGDR2,14,17,4,7,8,51,,
R3HDML,18,7,9,10,6,51,,
RIMKLB,6,4,21,14,6,51,,
RIPK1,10,2,2,14,21,51,,
RNF8,9,6,6,19,4,51,,
RPL3,9,3,9,16,14,51,,
RPN1,8,2,13,4,22,51,,
RPS11,3,4,23,12,4,51,,
RPTOR,22,2,6,13,2,51,,
SAP18,11,1,23,12,6,51,,
SOX15,10,3,16,14,7,51,,
SPDYE3,8,5,12,9,17,51,,
SPRYD4,8,1,8,18,9,51,,
SPX,4,2,21,7,12,51,,
STARD3,12,3,2,22,8,51,,
STARD5,14,4,10,17,2,51,,
SUSD4,15,12,8,14,4,51,,
SWSAP1,12,3,10,23,4,51,,
TACR1,16,8,8,9,6,51,,
TADA2B,10,0,14,7,10,51,,
TEX2,15,8,6,15,8,51,,
TLDC1,15,5,19,3,6,51,,
TOP1,5,3,22,12,9,51,,
TRIM49,10,1,18,11,9,51,,
TRIM55,4,2,24,13,9,51,,
TTC32,14,4,7,19,2,51,,
UBTF,6,5,8,24,9,51,,
UCKL1,18,8,9,13,3,51,,
USB1,9,2,10,6,24,51,,
USP42,5,1,17,9,16,51,,
ZMYM4,11,17,10,8,3,51,,
ZNF236,7,2,13,15,13,51,,
ABCC12,17,5,5,5,8,50,,
ACAD10,12,4,8,21,2,50,,
ACHE,7,3,15,18,3,50,,
ACTN4,15,1,7,7,20,50,,
ACVR1B,10,11,7,17,3,50,,
AFF3,26,6,7,11,2,50,,
ARPC5,6,3,18,4,14,50,,
BLOC1S2,6,1,12,18,8,50,,
BTBD11,13,3,6,20,4,50,,
C20orf202,4,1,18,20,5,50,,
C5orf47,11,3,12,8,15,50,,
C9orf131,12,6,9,19,5,50,,
CCL24,16,6,8,14,3,50,,
CCNH,17,8,7,10,3,50,,
CHD7,20,3,7,11,7,50,,
CHST13,8,4,9,9,17,50,,
CITED4,12,2,19,7,8,50,,
COL11A2,12,4,24,2,6,50,,
CUEDC1,16,2,6,18,7,50,,
CYP1A1,9,2,8,24,4,50,,
DARS2,17,12,8,6,7,50,,
DDX50,17,5,1,20,6,50,,
DMRT1,13,11,3,15,5,50,,
DYRK4,8,1,5,19,7,50,,
EPOR,8,3,5,16,12,50,,
ERI2,11,18,6,10,2,50,,
FCF1,14,8,5,15,11,50,,
FETUB,7,5,5,22,3,50,,
GABPB1,15,12,11,10,5,50,,
GNPTG,5,4,7,22,10,50,,
GRIP1,21,11,7,10,1,50,,
GRPEL1,18,4,10,11,4,50,,
GTF2F1,7,6,20,11,7,50,,
HIST1H2AI,9,2,8,18,9,50,,
HK2,6,5,10,22,3,50,,
HNF4A,18,4,8,3,11,50,,
IDH2,8,3,18,8,6,50,,
IPO7,7,12,9,15,4,50,,
IREB2,17,4,4,12,10,50,,
IRF7,6,3,18,14,8,50,,
KIAA0391,9,10,14,8,6,50,,
KIF9,11,15,8,14,3,50,,
LIN52,9,3,7,19,11,50,,
LMLN2,6,3,12,6,27,50,,
LOC102724159,13,3,8,20,4,50,,
LOC105371844,13,2,17,16,4,50,,
LOC107984014,17,3,3,18,3,50,,
LOC107987070,9,1,8,27,4,50,,
LOC107987364,12,2,14,12,8,50,,
LOC388436,21,6,10,8,2,50,,
LRRC4,11,17,11,10,4,50,,
MAEA,11,1,10,17,11,50,,
MANBA,17,11,9,8,4,50,,
MST1,13,0,19,13,3,50,,
NDUFA12,9,5,8,11,12,50,,
NFE2L2,16,8,7,13,7,50,,
NXF1,11,4,3,16,15,50,,
PANK3,13,2,8,21,6,50,,
PARD6B,15,8,9,12,3,50,,
PCBP3,5,1,2,21,20,50,,
PON1,16,10,5,10,5,50,,
PPM1L,6,3,11,9,16,50,,
PRELID1,17,4,14,9,1,50,,
PRKCQ,11,2,18,12,8,50,,
PSPN,5,3,4,29,5,50,,
RASIP1,4,4,25,8,4,50,,
RIMS1,8,3,8,4,26,50,,
RPEL1,4,2,11,11,18,50,,
RPL39,6,4,23,11,5,50,,
RPL4,17,6,16,6,6,50,,
RSL24D1,9,2,17,8,13,50,,
RSPH1,9,2,15,9,10,50,,
RSRC2,8,5,16,16,3,50,,
SARNP,14,7,15,11,5,50,,
SART1,16,1,6,8,18,50,,
SART3,8,4,10,23,4,50,,
SBDS,8,3,22,7,6,50,,
SHE,17,8,8,10,6,50,,
SLC4A10,18,10,8,3,10,50,,
SLFN14,14,8,9,12,4,50,,
SNRNP27,14,3,3,19,4,50,,
SNRNP70,9,2,5,13,21,50,,
SNUPN,9,1,11,22,8,50,,
SOCS5,13,9,9,8,6,50,,
SRPX2,23,5,4,5,9,50,,
SUPT6H,4,2,17,23,5,50,,
TEAD1,7,4,5,14,18,50,,
TTC1,17,8,10,8,5,50,,
UBE2E1,11,14,11,7,6,50,,
USP21,11,2,5,5,24,50,,
YPEL1,12,5,9,11,12,50,,
ZNF221,7,6,14,6,13,50,,
ZNF322,14,4,6,20,3,50,,
ALKBH6,10,2,17,9,4,49,,
ARC,13,2,13,9,12,49,,
ATMIN,25,5,9,2,3,49,,
B3GALT5,18,9,5,10,3,49,,
BAIAP2L1,7,1,12,13,12,49,,
BOLA2-SMG1P6,13,7,6,22,2,49,,
C21orf58,6,2,13,17,9,49,,
CAPN2,23,9,7,7,4,49,,
CDK8,9,3,3,10,15,49,,
CELF4,18,4,1,15,5,49,,
CHD4,7,3,16,7,10,49,,
CKS1B,15,2,5,18,3,49,,
COLQ,8,2,1,27,4,49,,
CORO1C,9,3,4,11,27,49,,
COX11,12,2,1,21,8,49,,
CPSF2,16,5,13,9,9,49,,
CXCL12,6,3,10,10,16,49,,
CYP4F2,19,6,7,10,6,49,,
DDX5,5,6,17,13,8,49,,
DNAJA4,19,7,5,7,8,49,,
DSCAML1,2,3,5,29,9,49,,
DTX3,19,4,5,10,5,49,,
EGLN2,7,2,20,19,2,49,,
EMP2,7,1,17,7,11,49,,
EPC1,5,1,9,3,25,49,,
ESRRG,16,4,8,9,6,49,,
EVA1A,16,2,7,21,3,49,,
FAM220A,8,3,9,17,10,49,,
FCGR1B,15,8,8,9,10,49,,
FLCN,20,15,6,4,4,49,,
FOLH1,9,5,14,15,5,49,,
GNB2L1,8,4,24,10,7,49,,
GOLGA6L4,12,1,12,15,12,49,,
HACD3,13,0,4,12,13,49,,
HAUS1,2,9,13,18,4,49,,
HIBADH,9,1,6,5,21,49,,
HIST1H2BD,10,12,5,10,8,49,,
HIST1H2BF,10,8,13,9,8,49,,
IKZF5,18,11,3,11,6,49,,
KIAA1522,13,9,9,8,10,49,,
KLF4,5,3,15,12,12,49,,
LINC01638,9,6,12,6,13,49,,
LOC102723722,6,3,17,12,12,49,,
LOC107984314,7,2,16,6,16,49,,
LOC107985931,7,15,14,13,1,49,,
LOC107987377,6,5,18,11,5,49,,
LRRC20,13,3,15,13,3,49,,
MAX,25,6,9,5,5,49,,
MGARP,7,8,9,22,4,49,,
MRPL2,11,4,10,17,9,49,,
MRPL21,6,2,31,9,2,49,,
MTG1,9,3,8,18,4,49,,
MUC2,9,2,15,10,10,49,,
MXI1,3,3,10,10,15,49,,
NAT1,7,16,9,5,8,49,,
NIPSNAP3A,14,7,17,9,2,49,,
NUDCD3,14,9,10,10,5,49,,
OSBPL5,21,11,4,9,2,49,,
PAXBP1,8,0,11,9,22,49,,
PDGFB,15,11,7,12,4,49,,
PICK1,23,6,7,12,1,49,,
PLXNA2,9,2,15,17,5,49,,
PPP2R1A,13,14,7,6,7,49,,
PSMD4,10,3,10,25,4,49,,
PSMD8,7,4,8,19,6,49,,
PTDSS1,27,3,5,13,1,49,,
PTPN7,10,4,14,12,5,49,,
RPRML,16,3,7,17,2,49,,
RPS16,12,1,10,5,17,49,,
RRM2,11,3,9,21,6,49,,
SERPIND1,14,9,8,8,5,49,,
SF1,16,10,9,9,1,49,,
SLC35F6,6,2,6,21,11,49,,
SPRTN,23,2,8,11,7,49,,
SUPT5H,2,1,9,5,31,49,,
SYT8,12,5,5,21,6,49,,
TASP1,12,3,8,10,15,49,,
TAX1BP3,7,9,7,20,2,49,,
TEK,16,3,11,13,1,49,,
TIMM22,21,6,3,6,10,49,,
TIMM23B,2,1,18,6,20,49,,
TLCD2,8,1,19,10,11,49,,
TMEM185B,8,1,7,5,25,49,,
TMEM19,27,5,5,4,8,49,,
TSPAN1,17,7,7,9,7,49,,
TTF1,6,2,7,25,6,49,,
UPK3B,13,2,14,8,8,49,,
UTP3,11,1,12,19,4,49,,
VPS13D,10,5,8,5,18,49,,
WDR33,16,7,4,7,13,49,,
WDR70,3,2,11,8,17,49,,
WDR83,20,12,7,7,3,49,,
XDH,15,9,6,10,5,49,,
ZDHHC11B,7,9,11,15,8,49,,
ZER1,8,3,4,21,10,49,,
ZNF219,29,6,1,4,4,49,,
ALDH1B1,8,2,14,13,9,48,,
ANK1,14,15,7,5,0,48,,
ANLN,11,5,8,9,15,48,,
ARMC10,20,12,3,9,4,48,,
B4GALT1,7,7,29,6,2,48,,
BABAM1,6,3,2,25,9,48,,
BAGE2,10,5,11,17,6,48,,
BCL6B,11,9,7,12,6,48,,
C11orf95,19,5,9,10,3,48,,
C9orf24,13,13,5,5,10,48,,
CAPN10,12,6,4,18,4,48,,
CDC5L,7,1,14,11,13,48,,
CEP192,9,5,15,16,2,48,,
CGB7,8,2,8,24,4,48,,
CHMP2A,16,6,13,7,2,48,,
CHRNA3,11,12,7,13,3,48,,
COPE,9,4,20,7,8,48,,
CTU2,19,4,5,11,3,48,,
CYP2A6,6,1,10,8,20,48,,
DIO2,23,6,5,10,5,48,,
EGR3,17,12,7,5,2,48,,
EIF3D,6,5,6,19,12,48,,
ELOVL7,13,7,2,18,8,48,,
FECH,22,14,3,3,2,48,,
FOXH1,14,0,13,5,13,48,,
GALNT16,11,3,9,21,1,48,,
GINS2,17,6,3,11,8,48,,
GTF2A2,16,9,11,11,1,48,,
HCN3,15,2,8,19,3,48,,
HERPUD2,21,3,12,7,3,48,,
HSD17B10,6,1,24,14,4,48,,
HSD17B13,16,12,9,10,5,48,,
HVCN1,10,6,4,17,8,48,,
IMP4,10,1,10,10,19,48,,
KANK2,6,11,8,19,4,48,,
KATNB1,6,2,4,22,13,48,,
KCNJ10,16,6,2,17,5,48,,
KRT82,20,11,7,7,4,48,,
LOC101927322,8,6,15,7,8,48,,
LRRC3C,10,10,15,10,4,48,,
LYRM9,16,5,6,15,6,48,,
MAML1,10,8,8,9,7,48,,
MED10,9,4,18,9,7,48,,
MED13L,23,6,4,3,5,48,,
MRPL46,9,4,18,9,5,48,,
MUM1,17,6,6,11,5,48,,
MYLK,10,20,4,9,3,48,,
MYO18A,10,5,7,21,3,48,,
MARCHF7,13,8,3,24,1,48,,
NDUFB10,20,12,6,8,5,48,,
NEK2,17,4,6,16,3,48,,
NHLRC4,22,2,6,8,8,48,,
NOP14,16,4,13,10,6,48,,
NRBP2,16,6,7,11,6,48,,
NUP93,7,3,10,8,13,48,,
ORAOV1,10,4,8,9,12,48,,
PCDHGA6,3,0,22,7,13,48,,
PDHX,12,4,6,18,2,48,,
PPIL2,6,4,14,18,4,48,,
PPM1A,7,14,5,10,9,48,,
PPM1G,6,3,29,6,5,48,,
PRR12,7,2,6,20,12,48,,
PRR25,16,3,9,10,7,48,,
PRRC2C,11,2,20,13,1,48,,
PSIP1,11,4,7,19,4,48,,
PSMA2,4,0,6,13,18,48,,
PTGS2,7,4,7,12,19,48,,
PTPN11,9,4,3,24,9,48,,
PTPRH,19,13,5,3,7,48,,
RASL12,10,4,22,4,4,48,,
RFPL4AL1,9,1,7,17,8,48,,
RGS2,9,5,8,9,13,48,,
RPL28,16,7,8,10,6,48,,
RPL35,10,0,13,12,14,48,,
RPS24,8,5,7,12,14,48,,
RSL1D1,15,0,7,21,4,48,,
SAXO2,4,1,5,18,11,48,,
SLC12A6,6,4,15,12,8,48,,
SLFN11,22,6,5,10,5,48,,
ST6GALNAC3,18,9,6,4,8,48,,
TAF1B,18,3,5,15,3,48,,
TBL2,14,16,4,8,5,48,,
TCP1,12,2,23,2,3,48,,
THRSP,14,9,9,8,7,48,,
UCK1,17,5,11,3,4,48,,
UEVLD,22,1,17,5,1,48,,
USP8,8,2,27,8,2,48,,
UTP15,18,2,14,8,3,48,,
VCPKMT,6,6,12,12,12,48,,
WDR7,6,4,26,4,5,48,,
WRN,7,4,14,9,4,48,,
XRCC1,14,0,10,18,6,48,,
ZMYND10,18,5,8,10,7,48,,
ZNF2,10,2,6,22,3,48,,
ZNF426,6,6,7,25,3,48,,
ZNF518A,8,2,15,12,9,48,,
ZNF688,18,4,8,12,4,48,,
ZNF805,21,11,6,5,3,48,,
ZNF891,23,8,6,7,3,48,,
ABT1,11,0,21,12,7,47,,
ADAM12,4,2,2,12,27,47,,
AKR1B15,8,5,14,10,3,47,,
ATXN1L,9,11,6,13,1,47,,
BIRC2,7,13,12,12,4,47,,
BRSK1,9,2,12,17,4,47,,
C17orf100,3,4,15,6,20,47,,
CCT6B,4,2,5,16,17,47,,
CHEK1,14,9,7,11,2,47,,
CITED2,4,16,10,3,5,47,,
COPB1,14,5,10,3,12,47,,
CRYGS,13,21,6,5,1,47,,
CYC1,13,5,7,9,12,47,,
DUSP3,23,2,11,6,4,47,,
EMB,14,5,16,8,4,47,,
EPOP,9,7,7,17,3,47,,
FAM110B,13,11,6,12,2,47,,
FAM196A,9,5,6,17,3,47,,
FAM71E1,19,8,6,9,3,47,,
FBXO4,8,2,8,6,13,47,,
FBXO47,14,8,10,10,7,47,,
FRG2,5,2,3,11,21,47,,
GID4,17,5,11,13,3,47,,
GLYCTK,7,0,21,8,9,47,,
GOLGA8T,15,4,14,7,4,47,,
GPC2,5,5,23,9,4,47,,
HFM1,16,12,10,5,3,47,,
HOXA5,6,1,4,23,8,47,,
HSPBAP1,18,5,9,5,10,47,,
ICA1,15,3,14,8,0,47,,
ISM2,6,1,6,19,17,47,,
ITPKC,7,3,22,11,2,47,,
KIF4A,19,7,2,12,3,47,,
KRAS,18,4,10,10,5,47,,
LAMA4,10,15,7,3,6,47,,
LHX1,17,5,5,15,4,47,,
LOC100996701,7,1,18,5,6,47,,
LOC100996741,8,3,15,6,12,47,,
LOC101929479,9,1,20,5,7,47,,
LOC107984110,19,3,2,14,3,47,,
LOC107986801,6,1,15,10,13,47,,
LOXL3,4,4,16,11,7,47,,
MKRN3,8,4,14,7,12,47,,
MYO1H,8,3,15,15,5,47,,
NAPSA,15,8,7,8,6,47,,
NEK8,8,5,8,9,14,47,,
NFKBIB,7,1,13,6,21,47,,
NUTM2G,14,13,7,6,6,47,,
OIP5,12,3,6,18,6,47,,
OPA3,12,8,8,6,9,47,,
PABPN1,6,2,20,6,14,47,,
PCDH10,16,5,10,2,12,47,,
PCDHB12,9,1,5,11,17,47,,
PI3,7,3,8,11,17,47,,
PIM2,13,0,6,21,6,47,,
PIP4K2C,7,1,7,21,7,47,,
PLEKHG6,16,7,10,6,1,47,,
PPAPDC2,14,8,16,5,1,47,,
PPBP,15,7,18,6,6,47,,
PPM1F,2,2,10,28,4,47,,
PPM1J,7,3,7,23,5,47,,
PPP2R5C,8,3,18,14,5,47,,
PRG4,10,3,12,7,12,47,,
PRKAG2,12,3,5,17,13,47,,
PSEN2,20,5,7,13,5,47,,
PTPRB,11,2,5,20,7,47,,
RAB6A,10,3,14,7,3,47,,
RAPGEF6,18,10,6,14,4,47,,
RNF14,6,4,21,6,3,47,,
RPS17,5,2,8,19,9,47,,
SCCPDH,8,4,18,4,12,47,,
SCYL3,10,4,16,4,10,47,,
SDR42E1,3,0,26,8,8,47,,
SEC61A1,11,2,2,11,17,47,,
SLC25A19,8,7,14,8,10,47,,
SLC45A2,18,4,13,6,2,47,,
SP1,18,6,5,7,8,47,,
SPDYE6,12,2,5,8,13,47,,
SPOCD1,7,5,5,24,4,47,,
SSB,10,0,7,18,5,47,,
SSU72,12,4,4,24,4,47,,
ST6GALNAC6,5,0,3,20,13,47,,
STAG1,10,3,6,10,13,47,,
STMN4,6,3,13,22,3,47,,
TARBP2,6,1,10,10,14,47,,
TBX2,2,3,3,24,5,47,,
THEMIS,6,4,19,4,7,47,,
TIGD1,14,1,7,19,2,47,,
TMEM126B,13,1,7,8,12,47,,
TSPAN14,6,3,15,16,3,47,,
TTLL3,8,5,15,8,4,47,,
UHRF1BP1,15,12,4,8,8,47,,
WDR5,17,10,4,6,7,47,,
ZBTB5,8,2,8,21,6,47,,
ZFC3H1,12,0,28,6,5,47,,
ABLIM3,8,2,5,22,5,46,,
ADAMTS13,8,2,17,10,8,46,,
ADCY6,16,5,8,12,5,46,,
ADPRH,6,3,7,20,9,46,,
ALK,25,4,5,9,3,46,,
ARL16,23,9,6,7,1,46,,
ARMCX5,11,0,8,21,2,46,,
ARPC2,5,2,13,12,15,46,,
ASAH2B,17,8,5,12,5,46,,
BICD1,17,5,9,10,3,46,,
BMPR2,12,14,5,3,5,46,,
BOP1,2,2,18,8,7,46,,
BRCA1,16,5,10,8,5,46,,
C15orf38-AP3S2,4,0,2,16,17,46,,
C16orf62,20,3,7,11,2,46,,
C5orf51,16,6,11,9,3,46,,
CACNG7,9,4,20,12,4,46,,
CCDC93,6,4,17,5,7,46,,
CHRNA10,11,2,12,4,13,46,,
CLEC18C,8,7,19,12,2,46,,
COPS7B,14,8,11,6,3,46,,
COX6B1,4,1,18,15,7,46,,
DAPP1,8,7,15,7,6,46,,
DDX41,7,17,7,5,3,46,,
DEFB106B,19,11,3,6,6,46,,
DUXA,23,6,3,8,4,46,,
EMILIN3,24,4,7,9,3,46,,
ENGASE,16,3,8,14,6,46,,
ENKD1,12,2,7,20,4,46,,
F13B,14,9,4,8,5,46,,
FAM96B,11,5,14,12,4,46,,
FASN,6,3,8,26,5,46,,
FBXO33,14,8,4,16,6,46,,
FRG2B,10,4,2,20,3,46,,
GOLPH3L,24,4,1,7,5,46,,
GOSR2,9,0,1,17,24,46,,
GZMM,16,2,13,4,5,46,,
HARS,5,7,16,11,6,46,,
HIST1H2BH,8,4,10,17,5,46,,
HMGB2,12,7,10,3,12,46,,
HMOX2,17,8,5,12,3,46,,
HNRNPA0,9,3,17,11,3,46,,
HOXB9,11,8,6,7,9,46,,
KCTD2,15,9,10,6,3,46,,
KIF5B,18,4,9,11,3,46,,
KLHL26,19,3,6,17,4,46,,
LACTB2,15,11,6,11,3,46,,
LOC101060017,12,9,5,8,6,46,,
LOC107985946,7,0,6,20,7,46,,
LOC644215,4,6,4,14,17,46,,
MAP6D1,10,8,5,10,7,46,,
MED20,5,4,7,21,4,46,,
MFN2,8,5,15,7,8,46,,
MPST,9,5,2,8,16,46,,
MRPL9,7,8,9,10,8,46,,
MSTO1,13,3,5,9,13,46,,
MYOF,7,9,8,6,15,46,,
MYSM1,16,10,6,7,8,46,,
NAA25,9,3,24,4,4,46,,
NAPG,9,14,8,6,7,46,,
NECAP2,6,8,13,9,3,46,,
NGFR,9,1,17,14,8,46,,
NLRP11,7,3,8,7,25,46,,
NOP53,8,8,11,12,4,46,,
NPIPB2,16,3,9,11,3,46,,
PAFAH1B2,22,4,5,7,4,46,,
PDZD4,12,10,8,12,2,46,,
PHLDB3,5,13,1,13,7,46,,
PITRM1,18,7,10,6,5,46,,
PLAC8,7,3,4,12,15,46,,
PLET1,19,6,8,13,0,46,,
PYDC5,14,9,6,9,4,46,,
QARS,4,1,23,6,11,46,,
RC3H1,17,4,8,10,4,46,,
SAMD4B,6,8,11,13,9,46,,
SERTAD3,9,6,2,20,3,46,,
SIRT5,8,0,10,5,17,46,,
SLC35A2,4,0,33,6,1,46,,
SNX21,11,8,4,15,1,46,,
SPOP,6,5,6,19,4,46,,
STT3B,10,9,22,2,1,46,,
STX18,6,1,6,11,15,46,,
TAF10,10,1,15,8,8,46,,
TBC1D17,14,6,10,18,1,46,,
TEKT2,17,14,12,5,1,46,,
TLE1,12,2,8,9,16,46,,
TM9SF1,7,7,12,17,2,46,,
TNFRSF6B,9,2,7,12,17,46,,
TRIM50,8,2,30,4,3,46,,
TRIM71,10,3,14,7,6,46,,
TROVE2,7,4,13,4,18,46,,
TUBGCP4,8,3,12,21,4,46,,
TXLNG,5,1,20,12,7,46,,
U2AF1,12,5,8,17,8,46,,
ULK1,21,10,2,11,4,46,,
UNC50,8,9,19,8,3,46,,
UPK3BL2,8,3,14,7,5,46,,
UQCRQ,10,3,16,10,3,46,,
XRCC5,19,11,5,7,5,46,,
YBX3,12,3,15,13,10,46,,
ZCCHC23,23,13,7,1,2,46,,
ZEB1,4,5,20,9,6,46,,
ZFP14,7,5,22,9,2,46,,
ZFYVE9,4,2,11,18,11,46,,
ZNF512B,8,1,10,20,6,46,,
ZNF710,7,2,2,19,12,46,,
ZNF765-ZNF761,11,3,7,17,11,46,,
ZSCAN22,10,1,18,15,1,46,,
AADAT,12,8,8,12,2,45,,
ACTR1B,12,8,5,8,4,45,,
ADAP2,9,1,5,23,7,45,,
AKR1C1,16,6,3,13,7,45,,
AMBRA1,4,2,4,17,12,45,,
ANO1,11,3,7,8,14,45,,
ARHGAP11A,18,8,6,5,5,45,,
C1orf228,7,15,6,10,5,45,,
CAP1,10,4,4,22,3,45,,
CDCA5,19,4,2,10,6,45,,
CEACAM7,12,1,14,14,3,45,,
CEND1,7,5,17,7,5,45,,
CHSY1,8,8,10,12,2,45,,
COPG1,3,6,16,11,7,45,,
CPD,6,6,8,5,13,45,,
CRNKL1,10,6,6,9,13,45,,
CRYL1,3,4,9,19,7,45,,
CSDE1,5,1,1,16,18,45,,
DENND4A,13,6,6,20,1,45,,
DOCK3,7,1,7,6,15,45,,
EFCAB5,9,4,7,20,2,45,,
EPSTI1,10,3,8,3,20,45,,
ETFB,6,4,22,6,6,45,,
EZH2,19,2,7,6,7,45,,
FBXL14,13,8,8,12,4,45,,
FCGR1A,13,1,7,8,14,45,,
FOXA2,5,0,16,11,4,45,,
FUBP1,3,8,12,8,15,45,,
GLDC,11,8,19,7,3,45,,
GPR137B,14,1,3,17,8,45,,
HIST2H2AA4,11,0,15,13,6,45,,
HNRNPAB,4,1,17,9,8,45,,
IGSF3,11,6,15,6,4,45,,
INTS5,9,1,15,16,2,45,,
KIF16B,5,5,14,19,4,45,,
KIT,15,15,4,4,3,45,,
LHB,12,15,5,9,3,45,,
LOC100128108,16,1,2,6,20,45,,
LOC101927506,12,2,3,20,9,45,,
LOC112268321,10,7,15,7,2,45,,
LTBP1,19,6,3,1,12,45,,
MAFA,16,2,8,8,12,45,,
MAP4K1,9,7,7,19,2,45,,
MASP2,4,2,21,4,4,45,,
MEMO1,3,2,18,14,4,45,,
MRPL28,16,8,6,11,6,45,,
MRPL32,17,3,5,8,7,45,,
NDUFS4,18,11,7,6,0,45,,
NOD1,10,6,16,4,8,45,,
NOL8,10,8,8,11,8,45,,
NOXA1,4,5,5,20,7,45,,
OR2AT4,19,8,0,5,9,45,,
OTUB1,13,13,7,8,4,45,,
PCBP1,15,4,16,5,1,45,,
PCNT,11,4,7,17,5,45,,
PHF5A,5,4,9,16,12,45,,
PIGO,18,4,6,11,4,45,,
PLEKHH3,17,2,7,10,10,45,,
POLR3A,4,10,4,11,10,45,,
PPP2CB,14,11,5,8,5,45,,
PPTC7,22,7,6,8,0,45,,
PRKAG1,18,6,4,11,4,45,,
PTMS,11,3,8,17,2,45,,
RAP1A,15,15,9,4,3,45,,
RASA4,10,1,10,9,16,45,,
RASSF10,11,9,6,10,5,45,,
RBBP8NL,7,4,16,10,3,45,,
RGPD4,17,7,4,11,6,45,,
RGS19,6,3,4,18,12,45,,
SDHC,11,4,3,18,4,45,,
SLC4A3,9,8,11,7,9,45,,
SLC4A8,5,5,5,19,7,45,,
SLC9A8,12,2,3,19,11,45,,
SPATA4,17,9,6,9,1,45,,
SPDYE2,8,1,3,5,26,45,,
SPEF1,10,4,3,8,15,45,,
ST8SIA1,16,4,7,6,10,45,,
TOMM6,5,5,11,10,17,45,,
TPPP3,14,5,15,9,2,45,,
TRAF2,17,3,11,4,6,45,,
TRIM24,6,6,8,19,5,45,,
TXNDC11,16,1,5,16,2,45,,
UGT1A10,7,4,18,11,6,45,,
UTP14A,14,4,6,5,13,45,,
WDR12,19,2,17,5,1,45,,
WWC3,6,10,13,11,4,45,,
YAP1,9,24,3,2,1,45,,
YY2,11,3,13,17,0,45,,
ZBTB39,17,4,4,12,4,45,,
ZNF114,13,9,8,10,3,45,,
ZNF746,9,22,5,3,7,45,,
ACOT13,17,7,4,10,8,44,,
ADCYAP1,12,2,5,3,15,44,,
ADGRE5,11,13,2,5,5,44,,
AGFG1,11,1,9,21,3,44,,
AKIRIN2,16,1,7,12,6,44,,
AKR7L,16,6,5,12,1,44,,
ANKFY1,16,4,7,12,4,44,,
AOC3,7,2,17,10,5,44,,
AQP1,11,8,13,7,1,44,,
ARHGAP8,5,2,4,20,9,44,,
ASL,7,1,2,10,20,44,,
ATF7,9,4,2,20,6,44,,
ATP2A2,15,14,5,5,2,44,,
BASP1,4,2,16,12,6,44,,
BLOC1S1,11,5,5,17,3,44,,
BTBD3,4,0,17,5,17,44,,
C10orf32,3,3,6,18,5,44,,
CALCA,3,0,18,10,16,44,,
CDC14B,10,15,8,7,5,44,,
CENPT,8,2,6,19,4,44,,
CIB4,9,4,8,17,1,44,,
COL4A4,13,3,4,17,7,44,,
CRLS1,9,2,11,2,15,44,,
CUL3,2,1,23,4,14,44,,
CYP20A1,4,9,4,16,8,44,,
DDHD2,22,3,3,8,2,44,,
DHX33,9,2,5,5,24,44,,
DNAH11,5,2,4,24,3,44,,
DPP9,5,2,7,22,1,44,,
DUSP5,4,2,23,4,5,44,,
E2F5,9,1,6,13,13,44,,
ELOF1,6,0,1,9,22,44,,
EXTL3,8,4,9,4,15,44,,
FAM187A,16,5,4,10,8,44,,
FAM196B,4,4,6,1,25,44,,
FAM25G,9,3,9,9,13,44,,
FBXO21,7,1,9,21,4,44,,
GINS1,11,4,14,8,5,44,,
GSK3A,4,1,9,13,14,44,,
GUSB,11,5,3,17,7,44,,
HHLA2,6,3,11,20,6,44,,
HINT1,11,6,5,17,2,44,,
IPPK,21,8,5,7,2,44,,
IRF2BP2,7,4,14,10,5,44,,
KCNV2,8,13,8,4,2,44,,
KIF17,9,4,4,14,14,44,,
KRT8,11,11,3,17,1,44,,
KTN1,14,12,4,7,5,44,,
LOC101927789,21,8,5,6,4,44,,
MATN4,4,0,1,30,7,44,,
MICAL2,17,5,11,6,4,44,,
MLXIP,10,4,16,7,7,44,,
MRPL54,7,3,19,7,5,44,,
NUFIP1,11,2,7,18,6,44,,
P2RY14,6,1,8,26,1,44,,
P3H4,21,3,3,8,3,44,,
PCBD1,5,4,16,11,3,44,,
PLGLB1,11,1,15,12,3,44,,
PPP1R3F,20,9,3,6,4,44,,
PTH2R,9,4,20,6,1,44,,
PXN,17,2,2,5,9,44,,
PYROXD2,10,9,14,6,4,44,,
QPRT,12,3,4,19,6,44,,
RECQL4,16,2,2,18,3,44,,
RIPK2,11,9,10,10,3,44,,
RP1,19,6,6,5,3,44,,
RRAGA,11,2,1,5,21,44,,
SEM1,3,6,15,8,6,44,,
SETBP1,20,6,2,9,5,44,,
SLC22A4,20,11,4,6,1,44,,
SMOC2,14,11,8,7,4,44,,
SNRPD2,5,3,13,9,15,44,,
STUB1,8,4,4,4,23,44,,
THOC3,8,9,7,9,9,44,,
TINF2,6,7,6,17,6,44,,
TMEM63C,20,4,5,10,5,44,,
TMEM92,7,1,7,19,8,44,,
TYSND1,10,4,7,19,2,44,,
UGP2,20,6,6,9,4,44,,
UTS2B,10,4,12,17,4,44,,
YPEL4,16,2,3,11,6,44,,
ZC3H12A,18,3,3,9,11,44,,
ZC3HAV1L,5,1,8,8,19,44,,
ZFYVE1,12,12,8,9,3,44,,
ZNF337,9,3,15,8,9,44,,
ZNF79,6,2,26,9,3,44,,
ZNF827,18,5,5,9,4,44,,
ZNF850,8,1,4,21,7,44,,
ZP1,10,2,6,21,3,44,,
ZSWIM1,4,4,12,17,2,44,,
ADAM32,8,1,14,9,9,43,,
ADAMTS10,5,6,19,6,4,43,,
ALOX5AP,3,3,7,20,7,43,,
ANP32C,19,7,5,9,2,43,,
ARHGAP32,5,7,4,21,4,43,,
ARID3A,8,1,8,8,16,43,,
ARL3,17,4,7,9,2,43,,
B4GALT3,16,3,5,15,3,43,,
BHLHE40,16,13,3,8,4,43,,
C14orf159,8,2,7,5,16,43,,
CD68,14,4,3,3,16,43,,
CDK12,5,0,18,12,5,43,,
CDK6,7,6,6,18,2,43,,
CES4A,27,3,5,2,4,43,,
CIB2,8,1,7,18,8,43,,
COL4A3,9,21,7,3,1,43,,
CSNK2A1,12,2,8,7,12,43,,
CTDNEP1,2,2,14,19,5,43,,
DHX36,13,10,8,11,6,43,,
DKKL1,13,1,14,10,4,43,,
DLG5,4,5,17,4,9,43,,
DNAJC25-GNG10,10,1,2,20,7,43,,
EFCC1,6,2,21,8,6,43,,
FAM89B,10,3,4,11,16,43,,
FBLN7,3,2,13,5,15,43,,
FLOT1,6,5,18,9,3,43,,
FOXD3,19,2,13,4,6,43,,
GEMIN4,9,2,3,19,9,43,,
GLRX5,20,9,5,5,3,43,,
GMFG,4,0,10,21,6,43,,
GPX7,7,3,14,12,2,43,,
GTF2H4,8,3,5,9,22,43,,
HIGD1A,8,5,8,21,1,43,,
ICAM4,4,2,15,16,5,43,,
ITGA5,15,10,4,7,4,43,,
KIAA0895L,17,4,7,8,3,43,,
KIF18B,19,6,7,14,1,43,,
LAMB1,8,4,16,14,3,43,,
LOC100507221,9,5,6,17,5,43,,
LOC102724971,4,1,7,20,8,43,,
LOC105372704,13,11,5,11,3,43,,
LOC730183,16,2,8,7,4,43,,
LRRC14,17,7,6,7,4,43,,
MCRS1,19,4,8,6,7,43,,
MMD,19,4,4,8,3,43,,
MRPL20,16,5,2,11,3,43,,
MTCP1,5,2,14,13,3,43,,
MUC1,8,3,4,11,13,43,,
MXD4,8,5,19,1,2,43,,
MYO7B,14,9,7,5,3,43,,
NBPF26,17,3,7,10,2,43,,
NCOA3,7,8,5,10,13,43,,
NDUFA3,5,0,8,1,24,43,,
NIN,9,21,2,1,11,43,,
NOMO1,8,9,4,16,1,43,,
NPIPA1,7,4,6,22,4,43,,
NUDT4,6,4,14,17,3,43,,
OAZ3,5,1,28,4,3,43,,
OR1J2,12,2,6,19,3,43,,
OSBPL8,11,3,17,4,4,43,,
P2RY1,8,2,17,4,10,43,,
PBX2,6,1,7,11,13,43,,
PCGF2,16,3,17,3,4,43,,
PIGW,7,1,15,13,4,43,,
PIK3R4,6,1,25,5,4,43,,
PMEL,8,2,6,11,16,43,,
PPARA,14,19,2,1,4,43,,
PRKACA,10,1,7,19,5,43,,
PSMB1,9,1,20,8,2,43,,
PSMC5,6,1,8,10,15,43,,
RER1,5,3,3,6,19,43,,
RHOH,10,4,19,12,3,43,,
RNF185,8,8,9,11,5,43,,
RNF222,8,3,5,24,2,43,,
RPA1,6,3,8,20,5,43,,
RPL7,7,2,15,9,9,43,,
SACM1L,12,6,15,6,3,43,,
SAMD15,17,6,7,9,4,43,,
SCG5,12,4,7,18,5,43,,
SEC63,6,3,17,8,2,43,,
SERPINE3,4,9,9,6,10,43,,
SIAH2,20,4,11,3,3,43,,
SLC39A11,6,0,10,3,22,43,,
SOS2,17,6,11,5,4,43,,
SPDYE5,9,3,7,22,3,43,,
STRIP1,6,10,3,13,5,43,,
STX11,20,6,4,7,5,43,,
SULT1A3,8,14,4,8,6,43,,
SYT12,10,2,17,7,6,43,,
TAMM41,6,1,14,7,9,43,,
TBL1XR1,10,6,0,13,12,43,,
TESPA1,6,1,3,20,6,43,,
THOC1,11,4,15,12,2,43,,
TK2,13,3,5,5,13,43,,
TMEM45A,9,3,16,6,6,43,,
TPSG1,17,3,11,13,0,43,,
TSEN54,22,3,4,10,2,43,,
TYK2,18,5,4,7,12,43,,
UMPS,10,11,9,9,4,43,,
ZBTB8OS,7,5,14,12,0,43,,
ZNF512,16,2,4,13,5,43,,
ZNF91,16,4,6,5,7,43,,
AARS,3,1,19,10,6,42,,
ACAT2,8,6,8,4,12,42,,
ACIN1,16,10,6,11,1,42,,
ALG1,12,10,4,7,1,42,,
ALG10B,9,1,4,19,4,42,,
ANKMY1,6,3,3,24,4,42,,
ANKRD53,9,4,14,7,1,42,,
AP5B1,6,5,6,8,17,42,,
ARX,7,1,11,5,13,42,,
ATXN1,16,0,0,16,6,42,,
BGN,16,5,10,7,1,42,,
C18orf8,17,7,6,8,2,42,,
C9orf135,5,1,3,10,16,42,,
CAPRIN2,5,1,15,12,5,42,,
CBL,10,3,19,9,1,42,,
CDC37L1,12,8,3,6,10,42,,
CDCA2,5,6,8,6,15,42,,
CDKN2A,9,8,4,10,4,42,,
CEBPG,16,3,6,11,6,42,,
CITED1,17,3,6,10,3,42,,
CLDN6,6,5,3,19,5,42,,
CSTF2,18,4,11,4,2,42,,
CTRB2,3,0,13,12,14,42,,
CYP2F1,4,2,16,10,3,42,,
DGCR8,6,4,7,19,1,42,,
DHRS4,5,5,10,1,17,42,,
DNAJB11,17,4,9,3,6,42,,
ENTPD5,8,10,3,8,8,42,,
FAXDC2,8,1,1,19,5,42,,
FBXO22,6,2,15,11,7,42,,
FIP1L1,9,8,14,10,1,42,,
FLJ45513,4,0,6,19,11,42,,
FOXE1,8,1,6,19,4,42,,
GABARAP,24,12,2,3,1,42,,
GCN1,8,6,7,20,0,42,,
GNB3,15,9,4,10,1,42,,
HIST2H2BF,3,4,6,7,21,42,,
HS6ST1,6,4,5,25,2,42,,
HYPK,7,3,8,5,17,42,,
IFNLR1,7,4,6,17,4,42,,
IGSF23,11,1,4,18,3,42,,
IP6K1,11,3,3,18,3,42,,
IRF4,3,5,5,10,13,42,,
ISM1,3,0,3,25,7,42,,
KSR1,7,3,5,23,3,42,,
LIN54,19,5,5,7,4,42,,
LMO3,4,3,4,20,2,42,,
LOC101060022,9,9,4,9,5,42,,
LOC107986810,13,9,9,6,2,42,,
LOC112268076,4,2,13,5,16,42,,
LYL1,7,3,1,11,13,42,,
MLST8,10,3,18,8,1,42,,
MRPL23,10,9,4,8,7,42,,
MYO1E,6,2,4,3,25,42,,
MYO9B,7,2,8,5,22,42,,
MYZAP,4,0,18,6,8,42,,
NCKAP1,4,1,20,11,2,42,,
NEDD1,6,4,7,20,2,42,,
NT5C,11,13,5,7,3,42,,
OVGP1,17,2,2,12,4,42,,
PACS1,6,1,18,3,3,42,,
PDZK1,5,1,5,7,14,42,,
PGBD4,9,19,2,6,0,42,,
PIGQ,12,17,2,5,4,42,,
PIH1D3,6,1,1,4,26,42,,
PIK3CB,1,0,19,9,8,42,,
PITPNA,5,4,8,17,9,42,,
PLBD2,16,5,5,5,9,42,,
PLEKHA2,12,8,9,6,7,42,,
PML,7,4,6,5,17,42,,
PNMA2,9,5,9,5,14,42,,
PREPL,3,1,23,8,4,42,,
PYCR2,8,7,5,17,3,42,,
RAB3B,10,2,16,6,4,42,,
RAD51C,17,6,4,6,7,42,,
RBFOX2,7,6,17,6,5,42,,
RFX3,10,3,16,8,2,42,,
RGS11,18,3,7,6,6,42,,
RPL23,6,2,11,4,13,42,,
RPRM,9,3,2,10,14,42,,
RPSA,8,1,5,18,4,42,,
SCD5,9,0,5,4,20,42,,
SLC9B1,8,2,10,19,5,42,,
SMG1,15,4,5,17,5,42,,
SNAPC4,10,4,4,18,3,42,,
SPECC1,4,1,13,5,12,42,,
ST3GAL5,4,2,6,23,3,42,,
STXBP6,7,2,24,3,1,42,,
SUMO1,3,2,13,5,18,42,,
TAF1,3,4,1,25,10,42,,
TBX20,14,8,3,11,5,42,,
TFF3,11,3,14,10,3,42,,
TLN2,10,3,19,5,3,42,,
TM2D1,19,5,4,9,8,42,,
TMEM251,15,10,2,5,4,42,,
TMEM255B,6,0,27,5,4,42,,
TNIP3,20,7,8,5,2,42,,
TRAM2,7,1,13,6,17,42,,
TRIM37,6,2,24,7,2,42,,
TRIM7,11,8,6,8,3,42,,
VMAC,14,11,4,5,6,42,,
WAS,11,10,8,9,2,42,,
WIPI1,4,2,18,9,4,42,,
ZC3H3,7,0,14,9,9,42,,
ZNF273,12,12,5,7,3,42,,
ZNF384,20,1,9,6,3,42,,
ZNF404,10,2,4,18,4,42,,
ZNF461,6,3,8,8,12,42,,
ZNF587,16,2,14,5,6,42,,
AKT1S1,13,0,1,20,5,41,,
ANKRD23,11,8,5,12,3,41,,
ATG16L1,7,2,14,19,4,41,,
ATN1,3,4,4,21,5,41,,
BAIAP2,16,2,6,5,9,41,,
BNIP2,3,1,2,9,20,41,,
BOLA1,18,6,5,6,4,41,,
BUB1B,9,1,1,6,18,41,,
BUD31,6,4,6,14,13,41,,
C15orf48,5,2,5,8,18,41,,
C2orf66,11,4,5,18,2,41,,
CACNG4,10,3,19,2,4,41,,
CASTOR2,11,0,19,8,3,41,,
CCT6A,8,0,8,2,20,41,,
CD300H,19,4,2,9,4,41,,
CDYL2,5,0,12,7,14,41,,
CEACAM19,19,5,8,5,3,41,,
CPLX2,7,0,2,13,16,41,,
DDR2,9,8,1,10,6,41,,
DDX39A,6,1,6,7,18,41,,
DENND3,11,2,4,18,5,41,,
DLGAP5,5,4,6,20,3,41,,
DUSP19,14,3,5,17,2,41,,
ETV6,16,3,3,10,6,41,,
FCGR2A,16,8,7,8,3,41,,
FEZ1,16,4,5,7,7,41,,
GAL3ST1,7,5,7,17,1,41,,
GBGT1,13,14,4,8,1,41,,
GGA1,8,3,15,6,8,41,,
GLIPR1L1,8,2,4,17,7,41,,
GTF2A1,9,11,7,9,4,41,,
HESX1,11,6,2,19,1,41,,
HEXIM1,11,5,5,18,2,41,,
HSD3B7,16,4,3,10,4,41,,
HSPA1B,3,1,26,8,2,41,,
IRF2BPL,4,0,2,20,7,41,,
KHNYN,7,2,15,6,11,41,,
KPNA7,7,5,4,10,13,41,,
LOC100653133,5,3,14,4,11,41,,
LOC101060341,11,8,4,12,7,41,,
LOC101929950,13,8,8,13,5,41,,
LOC105378577,5,3,12,6,15,41,,
LOC105379417,5,3,16,8,8,41,,
LOC107984115,17,7,6,6,2,41,,
LRAT,22,4,1,8,2,41,,
LRRC59,16,2,13,4,4,41,,
MED14,6,3,16,6,11,41,,
MFSD11,12,4,6,17,1,41,,
NAPEPLD,9,14,6,10,1,41,,
NEK6,7,4,9,5,13,41,,
NFKBIL1,7,3,7,19,4,41,,
PNP,6,0,8,6,16,41,,
PPP1R2B,19,3,3,9,7,41,,
PSG1,10,3,18,7,6,41,,
PTPN3,3,0,4,10,17,41,,
PTPRM,6,3,4,18,5,41,,
RBM20,5,2,15,10,5,41,,
RFC1,18,2,4,8,6,41,,
RHNO1,10,1,15,9,2,41,,
RNASE4,18,11,3,2,2,41,,
RNF39,4,2,9,17,9,41,,
ROPN1L,16,5,3,7,5,41,,
RUVBL1,7,3,1,7,18,41,,
SEC24B,17,8,8,4,3,41,,
SGK223,9,5,5,18,5,41,,
SLC38A9,16,4,4,10,4,41,,
TGDS,5,4,8,9,13,41,,
TIGD6,9,4,5,18,4,41,,
TIMM13,4,2,16,8,8,41,,
TM4SF4,18,7,5,10,2,41,,
TNPO3,8,2,6,8,16,41,,
TOMM34,8,4,6,20,3,41,,
TP53I13,8,2,2,24,4,41,,
TP53TG3C,4,4,10,20,2,41,,
TREX2,7,0,17,4,8,41,,
TRIM73,10,1,8,4,16,41,,
TSSC1,16,2,8,12,2,41,,
TWF1,17,3,6,5,3,41,,
VARS,4,2,7,11,16,41,,
VPS51,3,1,25,12,1,41,,
WDR11,6,6,14,7,7,41,,
ZBTB14,9,0,4,9,12,41,,
ZFP42,18,6,2,10,2,41,,
ZNF286B,11,12,7,7,4,41,,
ZNF507,3,5,19,9,3,41,,
ZNF793,9,0,4,5,22,41,,
ALKBH5,21,5,7,0,5,40,,
ANXA1,6,8,19,2,4,40,,
AP1S2,18,4,5,9,3,40,,
APOL2,6,4,9,17,3,40,,
AVEN,3,2,19,14,2,40,,
BRINP1,15,12,5,4,4,40,,
CAB39,4,1,2,12,26,40,,
CARF,7,8,12,6,3,40,,
CASKIN1,6,3,11,7,12,40,,
CCDC180,15,14,6,3,4,40,,
CDCA8,2,3,9,8,16,40,,
CDHR5,8,1,2,1,23,40,,
CELA1,10,3,14,8,2,40,,
CHDH,7,1,2,19,7,40,,
CHURC1,8,6,3,7,12,40,,
CLCN3,13,4,0,6,12,40,,
CSRNP3,5,3,5,6,12,40,,
CXCR2,19,4,3,11,1,40,,
DBNDD2,3,4,8,1,21,40,,
DENND6A,12,3,14,7,4,40,,
DYRK2,20,2,9,6,7,40,,
ETV4,19,2,7,6,2,40,,
FAM228B,3,1,17,3,12,40,,
FBXO15,9,2,6,18,2,40,,
FLT3LG,7,7,7,13,14,40,,
FOXRED1,10,2,4,20,0,40,,
GAPDH,12,11,7,9,1,40,,
GEMIN2,2,1,7,27,1,40,,
GPER1,9,1,17,0,12,40,,
GPR146,4,2,11,6,14,40,,
GREB1,8,10,6,13,3,40,,
HIPK1,15,9,4,9,2,40,,
HOXC13,16,1,3,3,9,40,,
HRH1,17,2,9,2,8,40,,
JSRP1,8,1,13,4,12,40,,
KAT7,7,0,2,1,23,40,,
KCNMB4,17,7,8,6,1,40,,
LAMTOR5,14,0,6,18,4,40,,
LHFPL4,9,17,4,8,2,40,,
LIN7A,17,2,4,11,3,40,,
LOC107984841,12,0,16,6,6,40,,
LRP1,18,4,9,7,4,40,,
MAP4,18,5,2,5,4,40,,
MAPRE1,16,2,3,10,7,40,,
MDN1,11,1,5,4,12,40,,
MED9,11,21,3,2,2,40,,
MRPL27,8,1,20,7,7,40,,
MTHFS,8,3,2,6,15,40,,
MYL12A,7,0,11,6,17,40,,
MYL9,11,8,10,5,4,40,,
NOLC1,6,8,11,13,2,40,,
NPTXR,18,6,3,7,4,40,,
NUP133,7,2,11,3,14,40,,
P3H3,16,7,4,4,6,40,,
PAK6,14,1,4,6,16,40,,
PDIA2,19,5,4,5,7,40,,
PDLIM1,14,1,5,8,12,40,,
PELP1,4,1,20,7,3,40,,
PMCH,15,15,1,3,2,40,,
POLR2M,12,8,6,3,5,40,,
PPCDC,13,0,7,4,14,40,,
PPIL4,5,12,9,4,1,40,,
PPL,9,1,15,11,3,40,,
PPP2R3A,4,1,4,19,6,40,,
PTHLH,9,14,6,6,4,40,,
PTPN23,7,1,15,8,10,40,,
RAB13,16,4,6,8,6,40,,
RBBP7,8,0,5,10,17,40,,
RFTN2,8,2,18,7,3,40,,
RGL4,4,1,5,19,9,40,,
RNF150,4,2,2,17,14,40,,
RNF24,7,0,1,25,1,40,,
SEC16A,8,4,4,20,2,40,,
SELENBP1,15,8,5,5,9,40,,
SERTAD1,6,2,15,15,4,40,,
SLC25A2,8,3,3,22,2,40,,
SLC2A6,9,2,5,17,0,40,,
SMC6,21,2,4,5,5,40,,
SOAT2,16,1,7,8,2,40,,
SPTSSA,9,4,18,4,2,40,,
SRSF10,11,8,13,5,3,40,,
SUSD2,8,1,17,3,9,40,,
SYNGR2,9,4,8,20,1,40,,
TMBIM6,11,2,5,18,0,40,,
TMEM106C,9,0,4,22,1,40,,
TMEM145,3,5,7,16,12,40,,
TRMT112,8,8,7,9,3,40,,
TSGA10IP,6,1,9,22,2,40,,
UMAD1,6,1,14,6,12,40,,
UNC119B,12,10,3,12,3,40,,
WISP2,9,8,3,5,9,40,,
ZNF106,9,2,2,19,4,40,,
ZNF551,3,1,6,26,3,40,,
ZNF56,14,15,7,3,1,40,,
ZNHIT1,7,0,11,13,12,40,,
ZSCAN26,8,1,4,20,3,40,,
ACD,7,10,3,8,4,39,,
ANO10,8,11,4,5,7,39,,
APEX1,13,1,1,21,2,39,,
ATXN2,2,4,8,17,6,39,,
CARS,9,5,15,3,5,39,,
CDH1,5,2,17,3,4,39,,
CEBPZOS,7,2,7,20,1,39,,
CEP295,5,2,22,4,6,39,,
CNNM4,5,9,9,7,2,39,,
CTCF,17,1,4,10,7,39,,
CTSL,3,3,20,5,8,39,,
DEFB130,19,4,7,4,5,39,,
EIF4H,3,1,7,13,13,39,,
ENTPD6,4,4,11,2,18,39,,
ERICH6B,7,1,3,20,3,39,,
FAM166B,7,2,19,9,4,39,,
FAM185A,4,2,5,12,12,39,,
FAM217B,11,9,7,5,8,39,,
FAM86B2,16,1,8,5,10,39,,
FBRS,10,11,9,5,5,39,,
FCRL2,16,3,9,8,0,39,,
FNTA,9,4,18,3,6,39,,
FOXN4,7,1,8,1,14,39,,
GAL,5,3,17,10,3,39,,
GPR107,16,3,5,7,8,39,,
GRB10,4,4,2,11,13,39,,
GTF2H2C,17,10,4,2,2,39,,
GVQW3,6,2,15,11,7,39,,
HRG,4,2,8,6,13,39,,
HYDIN,7,5,14,7,8,39,,
IKBKB,7,10,1,5,9,39,,
KCNJ8,7,9,9,6,5,39,,
KCTD10,6,5,3,11,14,39,,
KXD1,8,3,15,5,7,39,,
LOC107984043,5,6,15,7,7,39,,
LRRC71,16,5,4,10,9,39,,
LRRTM2,6,1,9,5,19,39,,
MED16,4,0,8,17,7,39,,
MEIS3,9,4,2,17,5,39,,
MPP2,20,4,5,6,4,39,,
MRRF,16,1,2,11,3,39,,
MTG2,12,8,2,12,7,39,,
MYEOV,5,3,4,20,4,39,,
MYRFL,10,0,4,19,5,39,,
NIF3L1,16,8,3,5,5,39,,
NLRC5,11,8,1,10,7,39,,
NUB1,7,8,8,8,2,39,,
NUDT6,7,5,6,17,3,39,,
OLFML3,6,2,6,18,7,39,,
PCDH12,8,2,8,18,3,39,,
PCIF1,7,15,7,5,4,39,,
PDE4B,9,8,5,10,3,39,,
PHF8,7,0,16,12,6,39,,
PHTF2,6,4,7,12,13,39,,
PIP5K1A,9,1,14,2,13,39,,
POLD3,10,3,4,4,14,39,,
PPM1B,16,6,5,6,6,39,,
PSTK,3,5,7,17,7,39,,
PTK2,3,1,9,6,16,39,,
PWP1,6,1,8,17,5,39,,
RFTN1,5,0,7,8,18,39,,
RIOK3,22,5,3,2,5,39,,
RNF145,5,3,21,5,5,39,,
RPS19,9,4,15,11,2,39,,
RPUSD1,4,5,5,20,2,39,,
RRP36,5,2,14,7,5,39,,
SBK1,8,2,5,20,2,39,,
SH3BP5,17,11,7,2,1,39,,
SPANXD,5,3,14,8,6,39,,
SPEG,12,2,3,19,3,39,,
SRRD,8,0,0,4,23,39,,
STAU2,14,8,2,6,4,39,,
SYT6,7,9,8,3,11,39,,
TAS2R46,16,4,13,1,4,39,,
TFB1M,5,2,12,4,13,39,,
TRPM7,9,5,5,17,2,39,,
TTLL5,8,1,2,18,6,39,,
TUBB4B,9,8,17,0,2,39,,
UBE2J2,12,11,8,10,1,39,,
URM1,23,7,4,7,0,39,,
USP16,20,6,8,6,0,39,,
WWC2,6,4,18,3,4,39,,
XAGE1E,8,2,3,9,17,39,,
ZKSCAN3,1,2,3,7,22,39,,
ZNF211,18,3,8,7,4,39,,
ZNF256,14,8,6,5,5,39,,
ZNF385C,7,3,1,19,4,39,,
AAR2,6,9,6,8,7,38,,
ACTC1,16,6,6,9,2,38,,
ADAMTS15,6,0,4,4,25,38,,
AKAP9,18,0,3,5,5,38,,
ALKBH1,18,13,2,1,3,38,,
AMDHD2,8,16,3,6,2,38,,
ANGEL1,2,2,3,7,19,38,,
ARHGEF2,16,4,7,5,2,38,,
BRSK2,7,0,3,20,2,38,,
C10orf55,3,3,4,5,20,38,,
C22orf34,12,8,9,4,3,38,,
C9orf139,18,3,4,7,5,38,,
CA14,6,9,4,15,1,38,,
CENPE,12,10,3,4,6,38,,
CLDN4,19,3,2,6,2,38,,
CLN8,9,10,8,7,1,38,,
CNIH1,8,3,15,7,6,38,,
CNIH2,17,4,2,10,3,38,,
CP,18,4,0,10,5,38,,
CREBL2,10,16,3,9,2,38,,
CSNK2A2,8,0,6,20,2,38,,
CTXN1,9,2,9,7,13,38,,
DAAM2,8,8,13,2,4,38,,
DBNDD1,17,3,4,2,9,38,,
DIAPH3,6,14,4,6,4,38,,
EHMT2,2,4,5,19,6,38,,
ELK1,10,12,8,6,2,38,,
FAM155B,2,0,22,5,5,38,,
GADD45A,9,0,7,18,5,38,,
GALNT2,7,2,10,17,0,38,,
GCLM,16,3,4,12,2,38,,
GRIN3B,6,3,3,11,13,38,,
GRIP2,16,3,1,9,5,38,,
HDGF,7,1,2,3,16,38,,
HIST1H2AH,19,3,5,13,1,38,,
HMG20B,16,6,6,6,4,38,,
IGFBP5,5,5,4,12,12,38,,
IGSF8,8,11,5,10,4,38,,
ITSN2,17,2,3,11,3,38,,
JAG1,2,2,4,6,22,38,,
KDM4B,5,0,4,6,18,38,,
KIAA2012,8,4,1,4,15,38,,
KLF17,8,1,5,17,6,38,,
KRT27,6,8,12,8,3,38,,
LOC105370399,9,2,3,8,13,38,,
LOC105373759,6,0,5,9,16,38,,
LRRC70,2,2,5,19,7,38,,
LSG1,7,9,9,5,8,38,,
LSS,8,2,14,15,2,38,,
LTB4R,5,2,5,7,14,38,,
MAN1A2,3,1,21,5,2,38,,
MAP10,4,2,14,3,9,38,,
MAP4K4,7,2,4,18,3,38,,
MC1R,10,3,14,7,3,38,,
MDFIC,15,12,6,4,3,38,,
MFSD4,16,5,5,10,2,38,,
MGAT1,6,0,21,3,5,38,,
MITF,17,6,6,5,1,38,,
MREG,6,11,11,3,5,38,,
NCBP2,10,2,3,6,16,38,,
NNT,6,11,2,15,3,38,,
NTRK3,14,18,2,2,2,38,,
OBSL1,6,0,8,19,3,38,,
PCDH7,22,8,3,2,3,38,,
PIK3R6,15,12,5,3,1,38,,
PKD1,7,3,8,17,0,38,,
PLCH2,9,13,10,2,4,38,,
POLR2E,5,2,4,17,5,38,,
POMZP3,10,11,8,6,4,38,,
PPP1R35,8,1,9,7,13,38,,
PRAM1,11,4,5,5,12,38,,
PRCD,7,2,16,4,6,38,,
PRSS53,12,11,2,5,6,38,,
PSMF1,7,1,3,20,4,38,,
PTGDS,9,1,6,3,14,38,,
PYGL,11,10,4,5,4,38,,
RAB11FIP1,12,12,2,4,4,38,,
RAB44,11,2,9,2,12,38,,
RIOK1,1,2,15,9,11,38,,
RSPH10B2,7,0,9,5,16,38,,
SELL,10,8,4,4,8,38,,
SETX,5,2,14,15,2,38,,
SH3YL1,7,3,5,5,19,38,,
SNRPA,2,2,20,6,4,38,,
SPSB1,15,3,6,7,12,38,,
SRXN1,11,1,5,7,13,38,,
ST6GAL2,9,3,5,18,3,38,,
STRN4,15,8,7,1,2,38,,
SULT2B1,6,1,5,10,16,38,,
TAL1,8,3,16,4,5,38,,
TMEM189,16,5,4,4,4,38,,
TMSB15B,7,3,5,18,4,38,,
TPM2,9,3,9,17,0,38,,
TPR,4,0,1,16,13,38,,
TSC2,8,8,1,12,5,38,,
TTLL6,7,1,17,7,3,38,,
USP54,6,5,6,19,1,38,,
ZFP64,19,0,7,7,5,38,,
ZNF175,4,1,5,5,16,38,,
ZNF474,7,3,8,17,1,38,,
ANKRD20A3,8,2,7,6,12,37,,
AZGP1,5,2,3,11,17,37,,
BMP8A,5,2,15,6,7,37,,
BRPF1,9,10,8,11,1,37,,
C1orf234,17,4,8,6,1,37,,
C2CD4B,5,5,6,8,13,37,,
C8orf44-SGK3,6,3,19,3,6,37,,
CBLN2,13,2,5,4,13,37,,
CCNF,7,2,15,9,4,37,,
CCS,9,0,16,9,2,37,,
CNOT7,9,2,6,3,13,37,,
COPG2,4,8,6,15,2,37,,
CUL5,8,4,7,6,13,37,,
CXCL2,6,3,4,17,4,37,,
DGKH,4,3,9,17,4,37,,
DHRS7,6,10,8,7,4,37,,
DOK3,4,0,15,7,11,37,,
DPH7,6,1,3,3,16,37,,
ECI2,2,2,5,5,21,37,,
EIF3H,8,0,4,8,15,37,,
EMC1,12,9,3,6,3,37,,
EMSY,11,1,2,7,13,37,,
ENO3,11,9,7,8,0,37,,
ERICH1,9,3,8,6,13,37,,
FAM175A,11,1,4,6,13,37,,
FREM1,4,4,4,20,2,37,,
GALNT6,8,11,9,6,2,37,,
GDF5OS,19,7,3,3,2,37,,
GDF6,21,7,2,4,5,37,,
GNA15,7,8,2,12,6,37,,
GSTA4,8,2,5,17,2,37,,
GTPBP10,11,14,4,3,5,37,,
HAUS7,5,3,5,17,10,37,,
HLA-A,8,8,6,5,4,37,,
INCA1,10,8,4,7,5,37,,
KDM3A,5,4,4,21,4,37,,
LGALS3BP,6,8,9,6,5,37,,
LMTK2,4,3,15,7,8,37,,
LOC105371944,7,5,7,18,1,37,,
LOC105378105,4,2,4,18,8,37,,
LOC105379177,7,3,6,7,16,37,,
LRP5,11,8,5,3,6,37,,
LY6G5C,6,3,9,4,13,37,,
MEAF6,3,3,13,18,6,37,,
MTIF2,7,6,5,8,12,37,,
NONO,17,3,3,5,8,37,,
NUP205,9,4,4,7,13,37,,
NUP58,9,1,4,19,5,37,,
PCF11,16,6,6,5,5,37,,
PDXDC1,16,4,4,5,5,37,,
PHC2,6,3,14,5,6,37,,
PMFBP1,12,8,4,6,2,37,,
PQLC3,7,0,17,6,3,37,,
PTPN4,19,2,5,7,2,37,,
RAB7B,21,5,4,8,1,37,,
RASSF3,7,1,2,21,2,37,,
RELL2,8,1,14,6,8,37,,
REV3L,5,2,5,18,2,37,,
RPP25,6,1,3,21,2,37,,
SHISA2,15,10,6,6,0,37,,
SLC39A1,22,2,3,6,7,37,,
SPANXA2,7,2,7,17,8,37,,
SPRR2D,7,8,4,19,3,37,,
STX7,16,6,4,8,5,37,,
15-Sep,9,2,14,5,6,37,,
TANC1,20,3,0,2,4,37,,
TMEM151A,7,1,6,13,12,37,,Pathway genes
TMEM242,15,9,6,2,3,37,,
TRIM25,8,1,20,7,3,37,,
TRIM74,7,3,7,17,2,37,,
TUBG1,6,0,5,18,1,37,,
YBX1,8,3,7,2,16,37,,
ZKSCAN8,4,3,15,5,8,37,,
ZNF155,11,4,6,18,0,37,,
ZNF285,9,9,7,5,5,37,,
ZNF324,6,4,9,7,12,37,,
ZNF572,12,11,6,3,2,37,,
ZNF75A,4,3,1,21,7,37,,
ZRSR2,5,7,16,4,3,37,,
ARMC3,5,4,14,6,6,36,,
ASB1,8,2,16,10,3,36,,
ATRX,13,8,3,9,2,36,,
BHLHB9,7,1,5,2,16,36,,
C16orf71,15,8,6,4,3,36,,
C20orf196,6,2,15,4,6,36,,
C5orf34,4,1,1,9,12,36,,
C5orf38,20,3,3,8,2,36,,
CCDC14,7,10,7,4,4,36,,
CENPO,5,10,4,7,6,36,,
CHST6,9,3,4,17,2,36,,
COMMD3,4,0,27,6,3,36,,
DAG1,4,3,4,4,16,36,,
DDX60,7,2,19,5,2,36,,
DLEU7,7,8,6,8,3,36,,
DNAL1,10,8,4,7,3,36,,
ECHDC3,7,9,10,3,6,36,,
EGR4,18,4,4,2,7,36,,
EIF3M,10,9,4,2,3,36,,
ELOVL1,9,1,15,5,0,36,,
EMP3,16,1,6,8,3,36,,
ENOPH1,7,3,1,18,5,36,,
FBXW9,15,10,4,1,4,36,,
GAREML,5,0,2,17,8,36,,
GCNT1,12,8,6,3,6,36,,
GP1BB,5,2,6,7,12,36,,
GPBP1,3,1,5,23,2,36,,
GPR75,4,4,11,4,12,36,,
H1F0,9,9,5,7,6,36,,
HS3ST4,8,5,1,7,12,36,,
KCNA7,2,2,7,17,0,36,,
KCNK7,2,3,11,5,12,36,,
KCTD16,9,1,6,3,13,36,,
LOC401052,11,12,3,3,5,36,,
LOC646588,4,1,16,4,2,36,,
LSM14A,6,0,18,4,4,36,,
MPP3,3,2,2,11,14,36,,
MSH2,6,2,14,12,3,36,,
MTFMT,5,13,2,7,4,36,,
MTMR4,10,11,5,4,3,36,,
NAALAD2,4,3,0,10,14,36,,
NAB1,8,2,6,4,12,36,,
NACC1,10,8,6,7,7,36,,
POLG2,17,1,2,5,6,36,,
PRCP,6,1,18,5,5,36,,
PSENEN,6,3,1,7,17,36,,
PSG9,11,9,2,6,7,36,,
PTER,6,1,10,1,13,36,,
RAB6C,8,2,17,8,3,36,,
RALB,5,0,4,18,4,36,,
RHBDF1,9,1,5,8,12,36,,
RNF217,2,1,4,4,22,36,,
SDHAF2,10,1,3,17,1,36,,
SEMA7A,12,8,6,6,1,36,,
SLC31A2,8,1,14,9,3,36,,
SLC35G5,4,4,15,3,12,36,,
SLC4A7,18,0,3,6,6,36,,
SMCO3,22,7,1,3,1,36,,
SQLE,5,1,15,12,1,36,,
SUZ12,3,1,14,8,7,36,,
TMEM239,6,0,8,3,15,36,,
TRPA1,12,9,10,3,0,36,,
UBE2M,3,5,5,8,12,36,,
URGCP-MRPS24,11,12,6,2,3,36,,
VPS16,8,1,15,8,2,36,,
ZFP37,5,3,9,5,12,36,,
AGGF1,3,1,20,6,2,35,,
ARFGEF2,6,3,6,19,2,35,,
BLMH,2,4,4,8,13,35,,
BMPER,6,0,4,18,2,35,,
BTBD6,7,1,3,9,13,35,,
CCDC144A,5,3,15,5,3,35,,
CD151,4,2,19,6,1,35,,
CELF3,5,1,6,19,3,35,,
CLGN,10,10,3,6,1,35,,
CLLU1OS,6,12,5,10,2,35,,
CYCS,18,1,5,6,4,35,,
DDT,10,2,2,7,12,35,,
DDX49,6,0,5,4,16,35,,
DNAH5,8,8,6,10,0,35,,
DNAJC10,4,2,6,21,2,35,,
EDEM3,6,1,2,8,17,35,,
EFR3B,6,4,4,18,3,35,,
ELAC1,16,4,4,4,5,35,,
FAM231BP,4,4,3,20,7,35,,
FAT2,12,11,2,4,5,35,,
GEMIN7,5,1,3,9,13,35,,
GPR176,5,2,16,4,7,35,,
HCRTR1,8,8,17,0,1,35,,
HNRNPH1,17,2,1,6,6,35,,
HTR7,7,2,6,18,2,35,,
IL1RAP,5,5,5,8,12,35,,
KPTN,7,9,3,9,3,35,,
LDLRAP1,15,10,4,4,2,35,,
LGI1,6,0,6,17,2,35,,
LGR6,5,4,1,17,5,35,,
MOB3C,17,2,7,8,2,35,,
NDUFB4,9,10,5,11,2,35,,
NEFM,4,2,20,3,6,35,,
NR4A3,5,0,23,2,2,35,,
NUP188,7,0,5,4,13,35,,
P2RY11,16,2,3,8,5,35,,
POM121,5,1,3,22,2,35,,
RAB18,6,0,17,5,3,35,,
RAB41,7,1,5,20,1,35,,
RBM23,16,0,7,7,4,35,,
RCAN1,20,4,2,5,1,35,,
RCVRN,8,4,0,19,2,35,,
RIBC2,4,2,19,8,1,35,,
ROGDI,7,2,16,3,7,35,,
SLC16A13,4,0,16,10,4,35,,
SMTN,8,12,2,8,2,35,,
SUMF1,12,3,4,4,13,35,,
SUPT4H1,5,1,12,2,13,35,,
SYCP2,6,1,6,5,12,35,,
TP53,4,2,10,17,1,35,,
TXNDC15,3,2,14,11,5,35,,
TXNDC16,4,0,2,22,2,35,,
TXNL1,4,3,3,18,6,35,,
UNC13D,6,5,2,20,1,35,,
VCL,10,8,6,12,4,35,,
VPS37A,6,3,14,12,2,35,,
WTAP,6,1,3,11,12,35,,
ZNF526,3,3,4,7,12,35,,
ACER3,8,2,2,17,3,34,,
AGT,3,4,2,5,13,34,,
ALG5,6,8,6,10,1,34,,
ANKRD10,9,11,5,5,3,34,,
ARHGEF3,7,0,4,17,3,34,,
ATP6V1E1,9,0,18,7,4,34,,
AUNIP,6,1,15,9,2,34,,
C10orf107,9,8,7,10,2,34,,
C15orf59,9,8,5,5,5,34,,
C20orf27,9,0,6,2,12,34,,
C7orf50,6,2,16,2,5,34,,
CCDC84,3,2,16,11,6,34,,
CCDC92,7,3,17,3,3,34,,
COL15A1,5,4,4,8,12,34,,
DEAF1,3,2,14,5,3,34,,
DENND5B,3,2,2,11,14,34,,
DOHH,6,3,6,5,17,34,,
EMC3,9,2,2,8,12,34,,
EVA1C,4,3,16,6,5,34,,
EVPL,18,1,5,6,4,34,,
FAM102B,7,8,7,4,8,34,,
GALNT15,10,2,4,6,13,34,,
GALNTL6,10,8,4,3,9,34,,
GPBAR1,6,3,16,4,7,34,,
GPCPD1,9,12,7,4,5,34,,
GSDMC,3,2,16,5,5,34,,
HIST1H2AE,6,3,2,11,12,34,,
HIST1H2AL,4,1,6,9,15,34,,
HPS5,7,0,1,19,0,34,,
HSFX2,17,1,2,11,4,34,,
IPO11,4,1,19,7,5,34,,
IZUMO1R,3,1,3,11,13,34,,
JPH3,20,3,3,3,5,34,,
KIAA1429,11,10,3,8,4,34,,
KIF21A,5,0,15,3,6,34,,
LAT2,5,2,20,3,0,34,,
LGALS12,9,2,1,17,3,34,,
LOC100128242,7,1,3,5,12,34,,
LOC105370295,16,1,2,4,3,34,,
LOC645188,3,1,20,3,5,34,,
LOC653602,11,1,3,5,12,34,,
MIIP,8,4,7,3,13,34,,
MINOS1-NBL1,7,8,1,10,3,34,,
MRPL48,8,11,8,5,2,34,,
MTFP1,7,1,7,3,12,34,,
MYCBPAP,5,0,4,4,14,34,,
NBEA,14,9,1,7,2,34,,
NRP2,3,2,6,8,12,34,,
OSBPL10,7,0,1,18,4,34,,
OXSM,5,4,14,9,1,34,,
PAPOLG,19,2,7,4,3,34,,
PAQR8,3,5,3,6,12,34,,
PCID2,12,1,1,5,12,34,,
PHPT1,8,3,14,6,6,34,,
PHYHD1,9,9,6,3,4,34,,
PPEF1,16,4,8,2,1,34,,
PSMD1,3,2,2,8,18,34,,
PSMG1,12,10,4,6,3,34,,
PTGES2,4,2,14,7,8,34,,
PTPN14,5,1,7,6,12,34,,
SEMA4F,5,2,3,18,4,34,,
SERPINA6,5,4,1,18,5,34,,
SLC25A21,4,0,7,2,16,34,,
SLC35G6,6,0,6,10,12,34,,
SLC5A11,6,4,15,3,4,34,,
SMIM26,4,1,8,3,16,34,,
SPATA17,14,8,3,6,3,34,,
SPOPL,3,3,23,7,0,34,,
TMEM88,5,0,4,9,12,34,,
TPCN2,8,4,1,4,13,34,,
TRAPPC3,6,3,2,6,13,34,,
TUBE1,4,2,15,6,4,34,,
UBE2F,11,3,1,18,1,34,,
ZNF586,8,1,2,5,14,34,,
ADAT1,5,14,2,8,3,33,,
ANKRD7,9,8,8,6,1,33,,
AP2B1,20,3,3,8,1,33,,
ASB6,6,1,4,4,13,33,,
BCO2,10,3,3,17,3,33,,
BPTF,17,5,3,2,10,33,,
BST1,13,9,1,4,4,33,,
BTG1,8,9,1,10,4,33,,
C6orf203,4,3,16,4,6,33,,
CDKN1C,4,0,2,9,12,33,,
CHRNA9,9,8,2,10,6,33,,
CT62,6,9,6,5,5,33,,
DCBLD2,5,1,6,1,16,33,,
DPH3,16,0,2,8,5,33,,
DUSP26,2,3,7,17,4,33,,
E2F2,12,13,1,3,1,33,,
ELL3,4,1,3,9,13,33,,
FAM189B,6,3,5,2,14,33,,
FAM229A,1,2,5,5,19,33,,
GPAA1,4,0,5,2,16,33,,
GSDMD,8,0,14,4,3,33,,
HIST1H3J,10,1,5,4,13,33,,
HMGCS1,7,1,15,6,6,33,,
HS3ST1,5,0,8,6,13,33,,
IPO8,9,10,4,3,4,33,,
KDSR,9,8,5,7,2,33,,
KIF1B,16,1,8,3,3,33,,
KRBOX4,2,1,7,17,2,33,,
LCP2,21,1,2,6,1,33,,
LOC100286986,6,1,3,17,5,33,,
LOC100996274,10,1,4,6,12,33,,
LOC107984264,13,10,5,4,2,33,,
LOC644249,5,1,7,6,12,33,,
MFHAS1,2,1,3,21,2,33,,
MICALL1,16,4,1,5,2,33,,
MINDY1,1,1,15,8,6,33,,
MTM1,3,1,1,5,22,33,,
MYOT,10,1,1,7,12,33,,
NGRN,5,2,2,3,17,33,,
NMRAL1,3,2,14,10,5,33,,
ORC4,6,2,5,18,2,33,,
PARL,9,8,5,1,5,33,,
PDLIM4,3,2,5,7,13,33,,
PNPO,4,4,1,8,15,33,,
POLR1D,6,0,14,7,2,33,,
PPP2R2C,14,8,5,3,2,33,,
PPP4R1,1,0,6,19,3,33,,
RGS9BP,3,2,3,4,12,33,,
RPS6KA5,4,1,2,2,20,33,,
12-Sep,7,1,3,3,14,33,,
SH3BP1,21,4,4,3,1,33,,
SLC44A3,4,0,6,6,14,33,,
STK11IP,9,8,3,4,3,33,,
TAZ,17,6,4,3,0,33,,
TMEM240,11,8,4,8,0,33,,
TRAF3IP1,9,8,7,5,2,33,,
ZDHHC16,4,0,3,27,0,33,,
ZNF222,15,8,5,7,0,33,,
ACYP2,16,3,4,0,2,32,,
ANK3,11,8,7,3,4,32,,
ANKRD18B,3,1,9,17,1,32,,
ANTXRL,7,3,3,4,12,32,,
ASF1A,12,9,2,4,2,32,,
ATP2B1,5,0,15,7,2,32,,
BCL2L2-PABPN1,4,0,2,5,17,32,,
BRF2,4,3,17,7,1,32,,
C17orf58,4,2,2,17,3,32,,
CARS2,5,1,3,7,13,32,,
CCDC80,5,1,2,20,3,32,,
CD38,9,2,6,17,3,32,,
CELF1,10,2,1,18,3,32,,
CSDC2,16,1,3,6,1,32,,
CXXC1,2,13,2,6,3,32,,
ENY2,11,2,1,3,13,32,,
ESYT3,7,12,2,4,2,32,,
F8A2,6,1,15,5,1,32,,
FAM206A,6,0,4,18,4,32,,
FLAD1,17,2,1,7,3,32,,
FMNL3,7,3,1,6,14,32,,
FOXL2NB,9,9,8,3,2,32,,
GLCCI1,7,1,2,17,3,32,,
GLS2,16,2,3,6,5,32,,
GNG7,4,1,1,6,13,32,,
HFE,1,3,4,17,4,32,,
HR,4,4,4,7,12,32,,
LNP1,5,1,2,0,19,32,,
LOC101930307,2,0,7,5,12,32,,
LOC105370378,3,0,3,17,6,32,,
LOC107985103,3,3,14,8,1,32,,
LOC112268173,12,12,4,2,0,32,,
LRRC8C,4,1,3,8,13,32,,
MOCS3,3,0,4,21,2,32,,
MSH3,7,8,3,3,7,32,,
NKPD1,6,2,4,3,13,32,,
NRXN1,3,4,6,2,16,32,,
NSDHL,3,2,5,7,15,32,,
NT5DC2,5,2,4,2,12,32,,
OAS2,5,2,1,17,3,32,,
OPN3,5,4,3,9,13,32,,
PDE12,6,1,7,5,12,32,,
PJA2,3,1,3,17,3,32,,
PRICKLE1,5,1,2,8,17,32,,
PTPMT1,10,2,4,2,13,32,,
PTPRK,9,8,5,3,7,32,,
STXBP4,10,8,2,5,2,32,,
TCEA3,10,3,14,2,1,32,,
TMEM139,4,1,4,6,13,32,,
TNKS1BP1,8,2,6,17,3,32,,
TPBG,17,3,6,5,1,32,,
UBA5,7,4,1,4,13,32,,
USP34,7,9,9,1,0,32,,
USP43,6,0,7,1,15,32,,
YIF1A,11,12,2,6,0,32,,
ZXDA,1,1,8,5,13,32,,
ACSL6,4,1,3,7,15,31,,
ACTR10,3,4,17,5,2,31,,
ADAM22,10,8,5,4,4,31,,
ASB5,17,4,2,4,4,31,,
BPIFB1,9,11,7,4,4,31,,
C2orf83,2,1,2,9,17,31,,
CADM4,1,1,17,5,5,31,,
CCDC181,9,10,4,2,5,31,,
DYNC1H1,6,0,9,2,12,31,,
FA2H,9,11,3,5,5,31,,
GADD45GIP1,5,3,2,4,15,31,,
GPR35,4,2,15,3,6,31,,
HOXD12,14,8,7,1,2,31,,
IL19,3,2,2,8,12,31,,
KCNMB2,3,0,3,18,4,31,,
KDM4C,5,0,15,5,4,31,,
KRT3,10,9,1,8,3,31,,
LOC107985149,9,0,17,2,0,31,,
LOC112268041,2,1,4,18,4,31,,
MSRB1,5,4,3,3,13,31,,
NDOR1,4,2,3,4,14,31,,
NLRP4,17,2,6,7,1,31,,
NPIPB6,17,1,3,5,3,31,,
OTUD5,5,0,5,10,12,31,,
OXNAD1,17,2,0,2,10,31,,
PDE1C,4,1,2,3,15,31,,
PLA2G12A,3,0,14,8,3,31,,
PLCH1,7,0,6,4,12,31,,
PLEKHD1,14,9,3,2,2,31,,
PLXND1,10,9,4,2,5,31,,
PRH1,7,1,17,1,2,31,,
PRICKLE3,3,2,14,5,5,31,,
RIMS4,7,0,1,10,12,31,,
SGSM2,6,8,3,4,4,31,,
SLC37A3,5,6,14,5,3,31,,
SLC9A6,10,9,2,4,7,31,,
SNX10,17,4,5,2,2,31,,
TMEM80,16,1,3,6,3,31,,
TTC38,15,9,1,3,1,31,,
UFD1,8,0,2,4,13,31,,
VGLL3,6,9,5,5,4,31,,
XIRP1,4,4,2,18,2,31,,
ZBTB17,2,3,2,5,19,31,,
ANKRD36B,7,8,4,2,8,30,,
BAG2,7,8,9,2,2,30,,
BYSL,6,2,3,18,3,30,,
CAPN5,4,3,5,5,15,30,,
CDK11A,16,0,2,5,4,30,,
CDK20,5,2,14,2,5,30,,
CREB3L1,8,8,0,2,7,30,,
CTPS2,5,1,3,17,2,30,,
DEK,5,8,7,6,3,30,,
ERI1,16,3,4,2,5,30,,
FAM3C,7,2,14,7,0,30,,
FOXL1,7,2,14,3,0,30,,
GPN3,5,1,4,10,12,30,,
HRCT1,4,2,6,3,12,30,,
HSPA1L,3,1,7,2,14,30,,
KIAA1456,5,0,15,5,1,30,,
LARP1,6,0,6,7,12,30,,
LOC105372977,4,2,5,17,4,30,,
LOC107986192,7,2,4,3,13,30,,
LRRC10B,2,2,5,4,12,30,,
NELFB,6,2,4,6,13,30,,
PARPBP,7,3,2,5,12,30,,
PCM1,7,11,1,5,3,30,,
PCNX1,10,8,1,7,2,30,,
PRDM4,18,2,3,6,3,30,,
SCAF4,7,2,3,17,1,30,,
SMURF1,2,1,6,7,15,30,,
ST6GALNAC1,5,2,2,4,16,30,,
STX5,3,0,21,7,0,30,,
SYK,6,1,5,3,16,30,,
TBCE,1,0,1,13,12,30,,
TFAP2C,14,9,2,4,1,30,,
THAP11,16,7,0,4,1,30,,
TMEM126A,13,8,2,6,0,30,,
TMEM254,7,9,6,4,3,30,,
WBP1L,2,2,4,21,2,30,,
WDR60,5,1,3,3,15,30,,
AARS2,3,1,2,6,13,29,,
AKT3,6,3,3,5,13,29,,
C19orf44,4,2,2,3,12,29,,
CCNG2,8,9,2,4,4,29,,
CHGA,7,0,4,4,13,29,,
COL4A5,7,0,5,3,12,29,,
CYSTM1,16,3,2,2,3,29,,
DDTL,16,2,1,8,0,29,,
DLG3,6,2,3,6,13,29,,
EIF2S3B,6,2,14,7,2,29,,
ENG,6,10,5,4,2,29,,
FAM71D,7,10,2,3,6,29,,
FASTKD2,11,9,5,3,3,29,,
FBXL6,4,2,5,6,12,29,,
GPR39,16,4,2,7,1,29,,
HGD,3,6,3,4,12,29,,
LOC650293,3,10,1,5,5,29,,
NCALD,3,1,5,7,13,29,,
NDUFA6,4,0,14,4,5,29,,
PI4K2B,6,8,2,4,6,29,,
RNF7,9,2,3,6,12,29,,
ROBO1,11,10,7,3,0,29,,
SH2B2,7,12,6,2,4,29,,
SLC6A12,7,1,3,4,12,29,,
SRSF4,3,2,3,4,16,29,,
SRSF6,16,0,2,8,0,29,,
STK19,2,0,2,5,13,29,,
SULT1B1,0,3,3,6,16,29,,
TIMM8A,3,13,3,4,2,29,,
TMC5,3,0,14,6,0,29,,
UBE2V2,7,1,4,3,14,29,,
UHRF2,17,3,3,5,2,29,,
VWDE,5,2,2,17,1,29,,
ZCCHC8,7,0,6,0,13,29,,
ZNF319,5,4,14,1,2,29,,
ASNSD1,16,4,2,3,2,28,,
CAPZA2,3,0,0,5,16,28,,
CEP70,8,8,4,3,3,28,,
CSPG5,7,1,2,1,13,28,,
DSC3,1,5,14,2,5,28,,
FBLL1,2,2,2,5,14,28,,
FUT8,1,1,14,3,8,28,,
GRINA,8,1,2,5,13,28,,
HHIPL1,3,0,5,5,18,28,,
ITFG1,3,1,5,2,15,28,,
LAMC1,20,2,0,4,1,28,,
MACROD2,16,1,3,6,2,28,,
MAGEA10-MAGEA5,17,3,3,4,1,28,,
MAP1B,16,0,5,1,2,28,,
ME2,11,8,2,1,2,28,,
MED31,5,0,2,5,12,28,,
MPP4,8,9,4,3,3,28,,
NDUFA4,5,3,2,3,12,28,,
PPIL1,4,1,4,4,13,28,,
PSCA,4,0,4,4,16,28,,
RNF38,10,1,2,1,14,28,,
SDC3,7,8,5,4,4,28,,
SLC17A3,5,0,5,2,15,28,,
SPRY2,7,3,3,5,12,28,,
STK10,2,1,2,8,17,28,,
TAOK1,6,0,2,5,14,28,,
THRB,6,0,2,2,15,28,,
TLE6,4,3,2,2,12,28,,
AMBP,6,9,2,6,3,27,,
C2orf42,4,2,4,18,3,27,,
CBLN3,3,0,6,1,16,27,,
CC2D1A,3,0,15,4,5,27,,
CPEB4,7,1,2,4,13,27,,
DERL2,16,2,3,4,1,27,,
FAM219A,6,8,3,3,4,27,,
FAM78B,10,1,1,4,12,27,,
FOSL1,16,2,2,2,4,27,,
GSKIP,3,1,1,13,12,27,,
GUCA2B,4,0,14,7,3,27,,
LOC107984813,7,12,2,1,4,27,,
PCMTD2,7,9,1,5,4,27,,
PLXNC1,1,0,14,4,5,27,,
RLIM,5,2,5,2,12,27,,
XAGE1B,3,2,4,4,12,27,,
EVC2,4,0,4,3,12,26,,
FAM118B,2,10,4,2,4,26,,
IP6K2,4,4,1,2,13,26,,
LDB1,4,0,2,3,14,26,,
NLGN4X,0,4,4,5,13,26,,
PMS2,6,8,6,3,2,26,,
POLR3H,3,2,0,8,12,26,,
PPP3CC,1,1,2,18,4,26,,
SEZ6,8,2,0,4,12,26,,
SLC35B3,19,4,1,1,0,26,,
SULF2,2,1,1,3,14,26,,
TBC1D7,5,1,3,2,12,26,,
TCAF1,4,1,2,1,12,26,,
TREM2,5,1,2,3,13,26,,
USP6NL,1,0,14,3,5,26,,
C9orf50,8,9,2,6,0,25,,
DHRS13,2,2,3,4,12,25,,
DUS1L,5,3,1,7,12,25,,
EGFR,7,2,1,1,12,25,,
GATD3B,5,0,1,0,14,25,,
KIF19,7,8,3,6,2,25,,
LOC100652871,2,2,1,3,12,25,,
LRRC75A,6,2,1,2,14,25,,
MTNR1A,5,1,1,1,13,25,,
PAN3,5,1,3,0,12,25,,
S100PBP,3,2,14,8,0,25,,
TNC,16,0,2,3,1,25,,
ZCCHC7,4,1,14,6,0,25,,
B2M,10,8,1,2,2,24,,
IRAK1BP1,4,0,7,0,14,24,,
KIF3A,5,8,10,0,0,24,,
MUC6,3,0,0,5,13,24,,
NEK4,4,8,6,3,3,24,,
SLC11A2,4,3,0,3,12,24,,
SLC16A14,3,0,2,3,12,24,,
SUSD6,8,8,3,1,2,24,,
EHF,6,8,3,2,1,23,,
KLHL15,4,0,1,2,15,23,,
SLC4A5,5,8,2,3,5,23,,
SRP68,4,3,1,3,12,23,,
ATXN7,3,0,1,5,12,22,,
FBXO34,4,0,2,2,13,22,,
LOC105372798,4,0,2,4,14,22,,
MAP3K7CL,2,9,2,2,4,22,,
TFF2,7,8,1,4,1,22,,
TMEM37,6,12,0,4,0,22,,
LOC107987285,3,2,1,3,13,21,,
PKP4,4,9,2,2,0,21,,
SMARCA4,4,1,0,1,13,21,,
TMEM69,4,11,1,4,2,21,,
PAX5,3,8,4,4,2,20,,
TRIM38,3,1,1,1,13,20,,
DPM3,3,2,0,3,12,19,,
KLF13,4,8,1,3,2,19,,
FADS2,2,0,0,0,12,18,,
ALG9,3,8,1,4,3,17,,