,Mito,ConA,WGA,DAPI,Phalloidin,Sum
AARS,16.0,11.0,48.0,36.0,18.0,137.0
AARS2,11.0,12.0,14.0,36.0,44.0,126.0
ABCB1,42.0,25.0,29.0,29.0,20.0,154.0
ABCC12,37.0,22.0,19.0,26.0,23.0,145.0
ABCC6,25.0,24.0,10.0,11.0,15.0,98.0
ABHD17A,38.0,20.0,18.0,27.0,13.0,127.0
ABHD4,24.0,9.0,19.0,67.0,26.0,153.0
ABR,19.0,12.0,27.0,57.0,15.0,138.0
ACAD10,26.0,14.0,25.0,54.0,12.0,136.0
ACAN,25.0,11.0,14.0,29.0,36.0,117.0
ACAT1,26.0,12.0,19.0,64.0,20.0,151.0
ACHE,30.0,19.0,38.0,47.0,22.0,161.0
ACIN1,33.0,41.0,21.0,44.0,19.0,154.0
ACOT13,43.0,19.0,20.0,30.0,20.0,132.0
ACSL6,11.0,9.0,12.0,19.0,45.0,101.0
ACTA1,34.0,14.0,43.0,30.0,18.0,145.0
ACTG2,31.0,13.0,41.0,22.0,25.0,134.0
ACTN4,30.0,10.0,17.0,19.0,62.0,142.0
ACTR10,18.0,17.0,49.0,14.0,11.0,110.0
ACTR1A,23.0,16.0,39.0,41.0,19.0,148.0
ACTR3,26.0,21.0,42.0,33.0,17.0,138.0
ACTR6,10.0,8.0,16.0,13.0,33.0,88.0
ACVR1B,32.0,35.0,31.0,44.0,19.0,159.0
ACVRL1,30.0,21.0,45.0,31.0,20.0,160.0
ADAL,14.0,12.0,14.0,20.0,38.0,101.0
ADAM11,22.0,13.0,16.0,64.0,28.0,150.0
ADAM12,14.0,9.0,14.0,36.0,67.0,140.0
ADAMTS10,21.0,18.0,43.0,13.0,17.0,118.0
ADAMTS13,17.0,15.0,37.0,30.0,29.0,134.0
ADAMTS15,13.0,11.0,19.0,17.0,67.0,126.0
ADAP2,22.0,12.0,24.0,64.0,20.0,145.0
ADAT1,17.0,26.0,16.0,24.0,19.0,103.0
ADCY6,41.0,26.0,23.0,33.0,18.0,147.0
ADCYAP1,28.0,15.0,22.0,13.0,43.0,134.0
ADGRE5,29.0,36.0,16.0,25.0,19.0,136.0
ADNP,19.0,10.0,19.0,96.0,14.0,166.0
ADPRH,18.0,10.0,21.0,55.0,33.0,144.0
ADSL,22.0,12.0,45.0,35.0,41.0,161.0
AFF3,46.0,21.0,20.0,47.0,12.0,147.0
AFG3L2,33.0,19.0,58.0,26.0,15.0,150.0
AGAP11,33.0,18.0,26.0,48.0,35.0,155.0
AGAP6,15.0,12.0,14.0,23.0,32.0,104.0
AGGF1,14.0,10.0,53.0,31.0,12.0,125.0
AGT,21.0,17.0,20.0,31.0,35.0,127.0
AHCY,30.0,27.0,37.0,39.0,19.0,159.0
AKAP1,32.0,18.0,30.0,63.0,13.0,162.0
AKAP10,20.0,12.0,37.0,18.0,16.0,103.0
AKAP17A,39.0,15.0,27.0,16.0,17.0,120.0
AKIRIN2,37.0,13.0,29.0,31.0,23.0,134.0
AKR1C1,39.0,20.0,17.0,46.0,20.0,139.0
AKR7A2,27.0,10.0,15.0,55.0,12.0,129.0
AKR7L,40.0,18.0,19.0,49.0,12.0,141.0
AKT1,30.0,26.0,18.0,34.0,29.0,130.0
AKT1S1,26.0,9.0,13.0,53.0,17.0,127.0
AKT3,16.0,10.0,13.0,15.0,32.0,88.0
ALDH1B1,29.0,17.0,37.0,49.0,26.0,156.0
ALDH3B2,32.0,24.0,30.0,44.0,15.0,144.0
ALDOC,30.0,14.0,23.0,47.0,32.0,161.0
ALG1,32.0,24.0,21.0,21.0,14.0,121.0
ALG9,17.0,31.0,23.0,17.0,18.0,97.0
ALK,47.0,20.0,17.0,36.0,22.0,149.0
ALKBH1,25.0,27.0,14.0,12.0,17.0,100.0
ALKBH5,45.0,33.0,24.0,11.0,15.0,130.0
ALKBH6,28.0,14.0,46.0,37.0,25.0,166.0
ALLC,30.0,28.0,16.0,70.0,15.0,159.0
ALOX5AP,14.0,12.0,23.0,61.0,25.0,140.0
ALPPL2,42.0,35.0,16.0,11.0,33.0,137.0
AMBP,16.0,28.0,13.0,15.0,15.0,89.0
AMBRA1,19.0,12.0,18.0,40.0,36.0,140.0
AMDHD2,23.0,45.0,19.0,17.0,16.0,121.0
ANAPC13,25.0,12.0,20.0,57.0,27.0,143.0
ANAPC5,24.0,13.0,24.0,52.0,33.0,154.0
ANGEL1,11.0,11.0,12.0,18.0,46.0,110.0
ANK1,42.0,31.0,21.0,20.0,15.0,137.0
ANKLE2,25.0,16.0,22.0,42.0,47.0,147.0
ANKRD10,25.0,27.0,18.0,22.0,16.0,107.0
ANKRD11,25.0,12.0,15.0,30.0,34.0,127.0
ANKRD20A3,21.0,14.0,23.0,28.0,38.0,130.0
ANKRD6,21.0,16.0,20.0,20.0,34.0,116.0
ANKRD7,37.0,30.0,27.0,25.0,20.0,131.0
ANKS6,31.0,17.0,42.0,31.0,19.0,147.0
ANLN,26.0,17.0,27.0,42.0,34.0,154.0
ANO1,33.0,13.0,20.0,25.0,57.0,150.0
ANO10,18.0,28.0,18.0,22.0,16.0,111.0
ANP32C,33.0,26.0,18.0,32.0,15.0,132.0
ANTXRL,24.0,16.0,23.0,18.0,39.0,128.0
ANXA1,18.0,22.0,43.0,23.0,14.0,126.0
ANXA11,50.0,30.0,21.0,23.0,20.0,143.0
ANXA7,40.0,22.0,24.0,38.0,19.0,147.0
ANXA8L1,25.0,21.0,25.0,55.0,16.0,148.0
AP1S2,43.0,18.0,19.0,26.0,17.0,124.0
AP2B1,47.0,18.0,16.0,27.0,12.0,122.0
AP5B1,23.0,19.0,21.0,27.0,48.0,149.0
AP5Z1,12.0,12.0,14.0,23.0,33.0,100.0
APBA2,47.0,20.0,25.0,56.0,11.0,162.0
APBB1IP,24.0,13.0,17.0,62.0,25.0,150.0
APH1A,33.0,24.0,19.0,29.0,18.0,122.0
APLP1,20.0,16.0,64.0,17.0,36.0,159.0
ARCN1,25.0,30.0,17.0,34.0,17.0,129.0
ARFGEF2,22.0,11.0,21.0,55.0,23.0,135.0
ARHGAP11A,42.0,27.0,22.0,31.0,17.0,153.0
ARHGAP8,15.0,13.0,19.0,69.0,21.0,141.0
ARHGEF26,14.0,9.0,15.0,18.0,36.0,105.0
ARHGEF3,17.0,10.0,19.0,54.0,13.0,116.0
ARID3A,19.0,9.0,29.0,19.0,42.0,117.0
ARL16,47.0,21.0,23.0,32.0,13.0,140.0
ARMC10,56.0,34.0,16.0,40.0,18.0,163.0
ARMC9,22.0,19.0,21.0,23.0,33.0,122.0
ARNT2,49.0,18.0,26.0,46.0,16.0,158.0
ARPC2,20.0,16.0,34.0,24.0,44.0,137.0
ARPC5,23.0,17.0,38.0,30.0,37.0,150.0
ARRB2,38.0,13.0,15.0,24.0,17.0,113.0
ART3,22.0,21.0,15.0,59.0,19.0,145.0
ASAP2,24.0,29.0,19.0,41.0,18.0,140.0
ASAP3,29.0,10.0,27.0,60.0,26.0,157.0
ASB1,24.0,13.0,39.0,35.0,14.0,127.0
ASCL3,23.0,25.0,25.0,54.0,19.0,152.0
ASF1A,46.0,26.0,21.0,26.0,19.0,137.0
ASL,24.0,13.0,15.0,33.0,46.0,133.0
ASMTL,27.0,21.0,38.0,38.0,15.0,151.0
ASNSD1,40.0,13.0,15.0,14.0,12.0,101.0
ASPH,13.0,17.0,41.0,30.0,14.0,117.0
ASPHD2,24.0,14.0,30.0,53.0,16.0,143.0
ASS1,27.0,17.0,24.0,65.0,22.0,161.0
ATAD5,22.0,20.0,51.0,49.0,20.0,158.0
ATF5,50.0,28.0,25.0,22.0,20.0,150.0
ATF7,29.0,16.0,20.0,58.0,23.0,151.0
ATL3,16.0,11.0,12.0,55.0,19.0,119.0
ATMIN,49.0,25.0,28.0,10.0,18.0,141.0
ATN1,13.0,13.0,15.0,61.0,26.0,136.0
ATP13A1,19.0,11.0,33.0,53.0,43.0,166.0
ATP2A2,35.0,36.0,15.0,13.0,13.0,123.0
ATP2B1,19.0,11.0,41.0,37.0,12.0,122.0
ATP2B3,28.0,33.0,18.0,16.0,17.0,102.0
ATP2B4,16.0,11.0,17.0,14.0,35.0,98.0
ATP5B,35.0,18.0,38.0,27.0,37.0,153.0
ATP5SL,14.0,17.0,23.0,53.0,20.0,138.0
ATP6AP2,21.0,12.0,44.0,27.0,14.0,119.0
ATP6V1B1,20.0,16.0,18.0,58.0,16.0,137.0
ATP6V1E1,21.0,9.0,64.0,23.0,26.0,134.0
ATP8,39.0,22.0,36.0,44.0,21.0,165.0
ATP8A1,35.0,24.0,23.0,44.0,15.0,147.0
ATRIP,24.0,16.0,42.0,47.0,23.0,160.0
ATRX,33.0,24.0,16.0,24.0,12.0,111.0
ATXN1,33.0,10.0,12.0,56.0,26.0,145.0
ATXN1L,22.0,30.0,21.0,34.0,11.0,126.0
ATXN7L3,64.0,39.0,22.0,21.0,13.0,163.0
AURKAIP1,34.0,13.0,24.0,28.0,35.0,138.0
AVEN,19.0,13.0,40.0,48.0,18.0,140.0
AVIL,29.0,26.0,16.0,57.0,19.0,157.0
AZGP1,14.0,11.0,18.0,30.0,45.0,117.0
B2M,23.0,26.0,11.0,10.0,11.0,83.0
B3GALT5,41.0,19.0,20.0,39.0,17.0,144.0
B4GALNT1,46.0,30.0,22.0,17.0,19.0,138.0
B4GALT1,22.0,20.0,90.0,21.0,19.0,164.0
BABAM1,16.0,12.0,13.0,77.0,27.0,153.0
BAHCC1,46.0,22.0,28.0,44.0,13.0,161.0
BAIAP2,29.0,15.0,20.0,29.0,32.0,131.0
BAIAP2L1,24.0,15.0,39.0,25.0,35.0,144.0
BAK1,12.0,12.0,35.0,21.0,69.0,156.0
BANF1,19.0,18.0,17.0,58.0,19.0,138.0
BAZ1A,21.0,15.0,37.0,28.0,21.0,131.0
BCAM,13.0,10.0,22.0,23.0,33.0,111.0
BCL2L2-PABPN1,16.0,8.0,11.0,22.0,47.0,111.0
BCL6B,30.0,25.0,24.0,35.0,17.0,141.0
BDH2,22.0,16.0,39.0,57.0,21.0,158.0
BDKRB2,39.0,25.0,17.0,39.0,21.0,153.0
BGN,29.0,14.0,38.0,26.0,8.0,123.0
BHLHB9,14.0,10.0,21.0,8.0,42.0,115.0
BHLHE40,38.0,32.0,16.0,23.0,16.0,128.0
BHLHE41,15.0,13.0,16.0,38.0,33.0,117.0
BHMT2,24.0,14.0,22.0,74.0,18.0,163.0
BIRC2,27.0,38.0,30.0,29.0,16.0,139.0
BIRC3,19.0,10.0,37.0,14.0,23.0,110.0
BIRC5,38.0,14.0,21.0,63.0,18.0,163.0
BIVM,38.0,15.0,18.0,54.0,14.0,164.0
BLMH,12.0,14.0,16.0,34.0,33.0,118.0
BLOC1S1,25.0,20.0,26.0,53.0,21.0,151.0
BLOC1S2,21.0,10.0,29.0,38.0,42.0,154.0
BLOC1S3,24.0,12.0,18.0,25.0,41.0,127.0
BLOC1S6,58.0,28.0,23.0,24.0,16.0,147.0
BMP10,20.0,10.0,39.0,49.0,14.0,146.0
BMPR2,33.0,41.0,20.0,17.0,17.0,135.0
BMX,18.0,12.0,11.0,14.0,32.0,102.0
BNIP2,12.0,9.0,13.0,29.0,60.0,133.0
BOP1,16.0,12.0,57.0,33.0,32.0,162.0
BPIFB1,30.0,31.0,23.0,14.0,12.0,106.0
BPTF,56.0,20.0,16.0,11.0,30.0,126.0
BRAT1,25.0,12.0,23.0,60.0,20.0,154.0
BRCA1,38.0,24.0,39.0,44.0,20.0,163.0
BRCA2,39.0,27.0,34.0,34.0,12.0,153.0
BRINP1,35.0,36.0,26.0,13.0,17.0,126.0
BRINP2,49.0,31.0,27.0,32.0,16.0,152.0
BRIX1,25.0,16.0,48.0,45.0,19.0,165.0
BRSK1,22.0,11.0,38.0,45.0,18.0,137.0
BRSK2,19.0,10.0,15.0,55.0,21.0,132.0
BSCL2,34.0,14.0,23.0,41.0,41.0,155.0
BSPRY,19.0,17.0,24.0,18.0,34.0,114.0
BST1,44.0,31.0,16.0,19.0,16.0,127.0
BTBD11,26.0,16.0,21.0,65.0,15.0,149.0
BTBD3,16.0,10.0,44.0,13.0,37.0,123.0
BTG1,18.0,25.0,12.0,48.0,18.0,124.0
BUB1,19.0,11.0,20.0,22.0,38.0,112.0
BUB1B,25.0,10.0,20.0,22.0,45.0,135.0
BUD31,18.0,20.0,23.0,47.0,46.0,154.0
C10orf107,19.0,26.0,20.0,29.0,19.0,112.0
C10orf32,21.0,12.0,21.0,63.0,20.0,151.0
C10orf55,13.0,10.0,18.0,14.0,49.0,109.0
C11orf65,39.0,20.0,28.0,24.0,14.0,125.0
C11orf68,24.0,24.0,24.0,52.0,18.0,153.0
C11orf95,47.0,20.0,24.0,33.0,22.0,144.0
C12orf60,42.0,19.0,30.0,26.0,24.0,158.0
C12orf71,26.0,12.0,27.0,61.0,25.0,158.0
C14orf159,19.0,12.0,26.0,19.0,42.0,130.0
C15orf38-AP3S2,13.0,10.0,14.0,41.0,56.0,147.0
C15orf48,22.0,14.0,26.0,31.0,41.0,137.0
C16orf52,16.0,11.0,15.0,8.0,37.0,89.0
C16orf62,43.0,18.0,20.0,42.0,17.0,150.0
C16orf71,30.0,28.0,17.0,17.0,15.0,107.0
C17orf100,13.0,16.0,34.0,19.0,49.0,132.0
C17orf113,37.0,21.0,18.0,18.0,15.0,113.0
C17orf53,22.0,16.0,40.0,36.0,18.0,138.0
C17orf80,28.0,14.0,26.0,61.0,14.0,152.0
C17orf82,26.0,18.0,28.0,58.0,20.0,158.0
C18orf8,29.0,26.0,19.0,33.0,14.0,127.0
C19orf25,28.0,10.0,39.0,23.0,19.0,115.0
C19orf44,16.0,10.0,15.0,21.0,37.0,105.0
C19orf81,21.0,15.0,15.0,59.0,12.0,135.0
C1orf210,16.0,9.0,39.0,15.0,20.0,111.0
C1orf228,32.0,35.0,22.0,26.0,24.0,143.0
C1orf234,40.0,27.0,27.0,34.0,13.0,150.0
C20orf196,24.0,11.0,36.0,12.0,37.0,124.0
C20orf202,15.0,11.0,44.0,62.0,20.0,152.0
C20orf27,20.0,8.0,22.0,13.0,35.0,109.0
C20orf96,23.0,13.0,21.0,83.0,20.0,166.0
C21orf58,15.0,13.0,45.0,43.0,26.0,137.0
C21orf59-TCP10L,15.0,22.0,16.0,21.0,46.0,121.0
C22orf34,33.0,24.0,27.0,14.0,14.0,122.0
C2orf81,20.0,12.0,19.0,53.0,15.0,132.0
C2orf83,12.0,11.0,15.0,21.0,54.0,111.0
C3orf18,34.0,27.0,22.0,57.0,13.0,160.0
C3orf38,22.0,12.0,22.0,55.0,18.0,138.0
C5orf34,12.0,12.0,15.0,22.0,45.0,116.0
C5orf47,29.0,23.0,27.0,25.0,38.0,149.0
C6orf203,16.0,14.0,40.0,20.0,25.0,123.0
C6orf48,11.0,10.0,11.0,13.0,32.0,83.0
C7orf50,17.0,14.0,51.0,13.0,20.0,119.0
C8orf44-SGK3,24.0,15.0,53.0,17.0,27.0,150.0
C8orf88,20.0,11.0,29.0,53.0,19.0,135.0
C9orf135,20.0,10.0,18.0,34.0,38.0,127.0
C9orf139,38.0,16.0,19.0,28.0,16.0,125.0
C9orf24,24.0,26.0,15.0,21.0,29.0,121.0
C9orf50,22.0,26.0,18.0,27.0,10.0,106.0
CA4,16.0,12.0,19.0,17.0,33.0,99.0
CAB39,12.0,11.0,20.0,22.0,61.0,118.0
CACNG4,28.0,17.0,46.0,20.0,17.0,138.0
CACNG8,21.0,18.0,19.0,67.0,16.0,150.0
CADM4,13.0,13.0,47.0,26.0,23.0,128.0
CALCA,18.0,12.0,53.0,31.0,33.0,144.0
CALCRL,50.0,24.0,30.0,39.0,14.0,163.0
CAMK1,20.0,12.0,45.0,24.0,30.0,139.0
CAND2,30.0,15.0,22.0,65.0,16.0,159.0
CANT1,38.0,11.0,36.0,24.0,33.0,152.0
CAP1,24.0,11.0,21.0,75.0,16.0,150.0
CAPN10,30.0,20.0,19.0,59.0,18.0,148.0
CAPN2,46.0,29.0,20.0,19.0,15.0,133.0
CAPN5,13.0,13.0,20.0,24.0,32.0,106.0
CAPZA2,14.0,9.0,9.0,24.0,48.0,115.0
CARD14,28.0,14.0,26.0,27.0,39.0,145.0
CARF,18.0,26.0,29.0,41.0,17.0,138.0
CARNS1,18.0,11.0,56.0,23.0,52.0,156.0
CARS,21.0,14.0,37.0,21.0,18.0,117.0
CARS2,15.0,11.0,20.0,17.0,38.0,110.0
CASKIN1,18.0,17.0,28.0,18.0,40.0,121.0
CASP1,23.0,25.0,36.0,39.0,15.0,143.0
CASTOR2,21.0,12.0,44.0,36.0,23.0,142.0
CAT,32.0,12.0,21.0,33.0,33.0,144.0
CAV2,27.0,19.0,21.0,54.0,21.0,143.0
CBL,27.0,13.0,41.0,29.0,10.0,124.0
CBLN1,22.0,14.0,17.0,22.0,38.0,123.0
CBLN3,13.0,10.0,25.0,15.0,37.0,100.0
CBY1,33.0,28.0,17.0,36.0,23.0,148.0
CCBL1,17.0,13.0,16.0,18.0,34.0,99.0
CCDC14,21.0,30.0,28.0,21.0,21.0,129.0
CCDC144A,17.0,17.0,42.0,23.0,17.0,123.0
CCDC180,39.0,44.0,24.0,15.0,15.0,138.0
CCDC34,26.0,31.0,24.0,29.0,25.0,138.0
CCDC65,33.0,20.0,53.0,40.0,19.0,163.0
CCDC71L,30.0,16.0,28.0,33.0,39.0,164.0
CCDC84,14.0,14.0,37.0,43.0,21.0,125.0
CCDC88C,45.0,40.0,21.0,28.0,18.0,157.0
CCDC9,24.0,25.0,25.0,56.0,19.0,160.0
CCDC92,17.0,12.0,39.0,11.0,10.0,93.0
CCDC93,15.0,18.0,38.0,23.0,18.0,121.0
CCER2,24.0,19.0,25.0,42.0,33.0,150.0
CCKBR,30.0,21.0,26.0,43.0,36.0,153.0
CCNF,26.0,14.0,45.0,34.0,16.0,139.0
CCNG2,15.0,27.0,15.0,15.0,17.0,91.0
CCNL1,29.0,10.0,39.0,30.0,30.0,141.0
CCNY,28.0,13.0,33.0,63.0,28.0,164.0
CCS,26.0,8.0,41.0,31.0,11.0,118.0
CCSER2,21.0,14.0,37.0,42.0,10.0,120.0
CCT6A,28.0,9.0,29.0,15.0,64.0,145.0
CCT6B,12.0,14.0,24.0,65.0,35.0,157.0
CD151,20.0,14.0,52.0,24.0,12.0,128.0
CD160,23.0,17.0,21.0,54.0,13.0,137.0
CD33,32.0,20.0,22.0,21.0,33.0,137.0
CD37,28.0,18.0,19.0,27.0,36.0,127.0
CD68,28.0,12.0,21.0,13.0,43.0,122.0
CDC14B,22.0,35.0,21.0,21.0,22.0,119.0
CDC16,17.0,9.0,40.0,50.0,42.0,165.0
CDC37,41.0,17.0,27.0,38.0,17.0,144.0
CDC73,22.0,16.0,16.0,31.0,41.0,132.0
CDCA5,44.0,14.0,21.0,39.0,17.0,139.0
CDCA8,17.0,15.0,22.0,26.0,40.0,127.0
CDH1,18.0,13.0,43.0,22.0,19.0,129.0
CDHR5,18.0,12.0,13.0,11.0,71.0,131.0
CDK12,20.0,10.0,45.0,44.0,26.0,147.0
CDK13,13.0,10.0,28.0,17.0,34.0,115.0
CDK6,19.0,22.0,24.0,57.0,14.0,145.0
CDK8,29.0,15.0,17.0,32.0,37.0,154.0
CDKL4,25.0,18.0,21.0,57.0,22.0,139.0
CDKN1A,26.0,20.0,27.0,79.0,8.0,165.0
CDKN1C,15.0,12.0,13.0,26.0,37.0,118.0
CDKN2A,26.0,25.0,25.0,34.0,16.0,138.0
CDKN2AIP,20.0,17.0,19.0,29.0,34.0,119.0
CDYL,25.0,19.0,41.0,37.0,27.0,142.0
CDYL2,16.0,10.0,37.0,22.0,51.0,137.0
CEACAM19,47.0,23.0,22.0,27.0,16.0,144.0
CEACAM7,27.0,13.0,49.0,24.0,19.0,135.0
CEBPG,33.0,16.0,23.0,55.0,20.0,158.0
CEBPZOS,19.0,18.0,26.0,64.0,15.0,161.0
CELA1,29.0,16.0,37.0,38.0,13.0,146.0
CELF1,21.0,12.0,14.0,64.0,16.0,127.0
CELF2,24.0,14.0,18.0,64.0,23.0,152.0
CELF3,16.0,13.0,30.0,69.0,20.0,153.0
CENPE,40.0,29.0,18.0,31.0,16.0,134.0
CENPJ,19.0,15.0,39.0,60.0,19.0,162.0
CENPM,18.0,13.0,24.0,53.0,16.0,136.0
CENPO,21.0,27.0,16.0,21.0,17.0,107.0
CENPT,27.0,15.0,23.0,55.0,18.0,141.0
CEP120,43.0,13.0,24.0,22.0,18.0,127.0
CEP192,22.0,17.0,41.0,49.0,14.0,146.0
CEP295,18.0,12.0,59.0,24.0,16.0,132.0
CEP350,43.0,19.0,35.0,23.0,16.0,133.0
CEP85,25.0,16.0,25.0,54.0,20.0,143.0
CERS2,39.0,29.0,35.0,20.0,23.0,142.0
CES4A,56.0,24.0,19.0,11.0,14.0,132.0
CGB2,31.0,23.0,25.0,65.0,21.0,166.0
CHAF1A,29.0,12.0,32.0,20.0,37.0,130.0
CHCHD3,54.0,21.0,18.0,35.0,15.0,150.0
CHCHD6,21.0,10.0,19.0,66.0,16.0,149.0
CHD3,19.0,21.0,40.0,15.0,16.0,107.0
CHD4,27.0,14.0,41.0,34.0,35.0,160.0
CHDH,22.0,11.0,15.0,54.0,18.0,133.0
CHEK1,30.0,24.0,20.0,40.0,17.0,138.0
CHID1,28.0,19.0,18.0,69.0,15.0,151.0
CHKA,46.0,23.0,20.0,22.0,36.0,149.0
CHML,26.0,27.0,28.0,38.0,23.0,159.0
CHMP6,32.0,13.0,38.0,32.0,33.0,158.0
CHRNA10,30.0,13.0,28.0,22.0,40.0,142.0
CHRNA3,26.0,31.0,18.0,39.0,26.0,152.0
CHRNA9,27.0,28.0,21.0,30.0,20.0,126.0
CHRNB2,20.0,18.0,28.0,55.0,27.0,151.0
CHST1,25.0,15.0,34.0,59.0,21.0,157.0
CHST13,20.0,14.0,25.0,45.0,38.0,146.0
CHST5,18.0,10.0,20.0,23.0,37.0,120.0
CHURC1,23.0,15.0,13.0,23.0,39.0,121.0
CIB2,20.0,11.0,22.0,55.0,23.0,138.0
CIR1,17.0,11.0,48.0,43.0,46.0,163.0
CITED1,45.0,21.0,24.0,32.0,13.0,147.0
CITED2,17.0,38.0,28.0,24.0,17.0,139.0
CKS1B,27.0,13.0,22.0,61.0,17.0,156.0
CLASP2,15.0,11.0,13.0,15.0,33.0,101.0
CLDN4,39.0,15.0,15.0,26.0,20.0,121.0
CLDN6,16.0,13.0,16.0,53.0,20.0,127.0
CLEC16A,11.0,8.0,37.0,15.0,13.0,91.0
CLEC18C,30.0,19.0,51.0,51.0,18.0,161.0
CLGN,21.0,24.0,22.0,47.0,18.0,136.0
CLK2,32.0,21.0,41.0,34.0,26.0,153.0
CLLU1OS,15.0,24.0,16.0,31.0,15.0,103.0
CLN8,19.0,26.0,20.0,27.0,12.0,113.0
CLSTN1,24.0,11.0,17.0,20.0,32.0,104.0
CNGA3,15.0,11.0,21.0,21.0,32.0,98.0
CNIH1,17.0,17.0,39.0,19.0,23.0,116.0
CNKSR3,19.0,14.0,12.0,12.0,40.0,106.0
CNN1,17.0,27.0,21.0,19.0,37.0,120.0
CNNM4,18.0,25.0,25.0,24.0,13.0,117.0
CNOT7,26.0,12.0,25.0,24.0,36.0,129.0
CNRIP1,26.0,17.0,29.0,44.0,32.0,160.0
CNTD1,27.0,19.0,21.0,57.0,18.0,155.0
CNTROB,18.0,12.0,16.0,21.0,41.0,117.0
COA1,25.0,29.0,21.0,31.0,15.0,126.0
COG8,33.0,13.0,39.0,42.0,31.0,150.0
COL10A1,18.0,13.0,16.0,28.0,32.0,112.0
COL11A2,30.0,17.0,47.0,13.0,18.0,130.0
COL4A3,32.0,52.0,24.0,12.0,10.0,134.0
COL4A5,19.0,9.0,16.0,17.0,33.0,97.0
COLCA2,33.0,28.0,29.0,34.0,20.0,156.0
COLEC12,35.0,27.0,20.0,51.0,18.0,157.0
COLQ,17.0,14.0,15.0,81.0,14.0,153.0
COMMD3,14.0,8.0,70.0,21.0,19.0,128.0
COMMD4,26.0,19.0,45.0,55.0,15.0,165.0
COMMD5,11.0,10.0,40.0,17.0,17.0,105.0
COMMD8,17.0,20.0,38.0,54.0,21.0,150.0
COPA,21.0,24.0,28.0,15.0,21.0,120.0
COPE,26.0,13.0,47.0,20.0,21.0,138.0
COPG1,19.0,27.0,50.0,30.0,21.0,146.0
COPG2,19.0,27.0,21.0,43.0,27.0,135.0
CORO7,41.0,25.0,17.0,16.0,15.0,126.0
COX10,37.0,27.0,30.0,36.0,13.0,158.0
COX17,25.0,25.0,28.0,22.0,23.0,126.0
COX18,26.0,20.0,21.0,21.0,34.0,121.0
COX6A1,33.0,27.0,12.0,34.0,19.0,138.0
COX6B1,19.0,12.0,49.0,46.0,22.0,155.0
CPEB2,23.0,15.0,25.0,54.0,16.0,137.0
CPLX2,17.0,10.0,16.0,40.0,35.0,129.0
CPO,35.0,24.0,31.0,23.0,12.0,136.0
CPSF2,45.0,18.0,28.0,42.0,23.0,152.0
CPSF3,21.0,23.0,31.0,54.0,27.0,161.0
CPSF7,24.0,16.0,22.0,25.0,35.0,133.0
CREBL2,35.0,39.0,12.0,20.0,15.0,117.0
CRELD1,20.0,9.0,11.0,20.0,39.0,103.0
CRIP3,15.0,9.0,20.0,16.0,32.0,101.0
CRIPAK,27.0,21.0,44.0,32.0,27.0,150.0
CRLS1,23.0,12.0,30.0,13.0,37.0,124.0
CRNKL1,28.0,21.0,25.0,24.0,41.0,140.0
CRYGS,43.0,50.0,19.0,14.0,19.0,148.0
CRYL1,22.0,19.0,23.0,59.0,22.0,154.0
CSDC2,49.0,18.0,19.0,25.0,10.0,127.0
CSDE1,14.0,10.0,15.0,40.0,34.0,120.0
CSNK2A1,24.0,11.0,22.0,20.0,36.0,120.0
CSNK2A2,22.0,8.0,17.0,63.0,12.0,124.0
CSPG5,20.0,12.0,16.0,12.0,32.0,96.0
CSRNP3,15.0,14.0,20.0,22.0,34.0,115.0
CST2,18.0,18.0,18.0,53.0,23.0,136.0
CSTF2,48.0,17.0,36.0,34.0,12.0,147.0
CT62,25.0,24.0,19.0,23.0,20.0,118.0
CTAGE15,28.0,14.0,39.0,26.0,30.0,144.0
CTCF,38.0,11.0,20.0,43.0,20.0,140.0
CTDNEP1,14.0,13.0,38.0,50.0,26.0,141.0
CTNNBL1,19.0,13.0,31.0,53.0,19.0,139.0
CTRB2,13.0,10.0,36.0,36.0,35.0,129.0
CTRC,25.0,10.0,16.0,34.0,34.0,126.0
CTSA,15.0,11.0,71.0,30.0,19.0,143.0
CTSL,14.0,13.0,57.0,16.0,23.0,122.0
CTSW,19.0,12.0,39.0,33.0,23.0,130.0
CTU2,42.0,17.0,23.0,43.0,16.0,145.0
CUL3,20.0,11.0,67.0,22.0,47.0,163.0
CUL5,32.0,16.0,34.0,32.0,39.0,154.0
CWC15,30.0,22.0,34.0,57.0,14.0,161.0
CX3CL1,26.0,22.0,36.0,57.0,20.0,163.0
CXCL12,20.0,16.0,27.0,30.0,46.0,148.0
CXCR2,47.0,22.0,22.0,38.0,13.0,143.0
CXXC1,14.0,34.0,12.0,26.0,15.0,105.0
CXorf23,49.0,70.0,14.0,18.0,12.0,155.0
CYB561D2,16.0,8.0,20.0,19.0,32.0,93.0
CYB5R1,53.0,19.0,30.0,22.0,23.0,161.0
CYB5R4,23.0,11.0,35.0,57.0,43.0,166.0
CYC1,38.0,17.0,27.0,32.0,30.0,146.0
CYCS,49.0,13.0,22.0,23.0,21.0,131.0
CYLD,41.0,26.0,33.0,33.0,29.0,164.0
CYP1A1,21.0,14.0,20.0,54.0,18.0,136.0
CYP27A1,17.0,11.0,37.0,14.0,15.0,94.0
CYP2C18,22.0,15.0,53.0,27.0,25.0,147.0
CYP2C9,19.0,26.0,17.0,15.0,11.0,93.0
CYP2F1,17.0,11.0,44.0,35.0,19.0,139.0
CYP4B1,34.0,13.0,28.0,31.0,38.0,150.0
CYP4F2,37.0,21.0,24.0,42.0,16.0,141.0
CYYR1,23.0,28.0,20.0,20.0,14.0,117.0
DAAM2,27.0,25.0,37.0,29.0,15.0,137.0
DACT3,15.0,9.0,13.0,9.0,34.0,87.0
DAG1,18.0,16.0,17.0,13.0,42.0,115.0
DAGLB,24.0,19.0,28.0,26.0,47.0,154.0
DAPK3,29.0,12.0,16.0,53.0,16.0,128.0
DARS2,35.0,32.0,23.0,29.0,17.0,136.0
DBNDD2,13.0,18.0,23.0,12.0,46.0,120.0
DCBLD2,13.0,10.0,19.0,11.0,45.0,107.0
DCST2,24.0,14.0,27.0,25.0,46.0,142.0
DCTN4,15.0,26.0,31.0,37.0,17.0,124.0
DCUN1D4,28.0,15.0,21.0,43.0,35.0,148.0
DCXR,19.0,17.0,32.0,57.0,20.0,151.0
DDA1,35.0,27.0,22.0,31.0,27.0,148.0
DDAH2,23.0,12.0,15.0,39.0,34.0,133.0
DDC,23.0,15.0,21.0,19.0,33.0,113.0
DDHD2,52.0,14.0,22.0,24.0,19.0,145.0
DDIT4,19.0,16.0,19.0,28.0,58.0,147.0
DDRGK1,21.0,10.0,21.0,24.0,45.0,123.0
DDTL,37.0,12.0,16.0,21.0,13.0,110.0
DDX1,20.0,16.0,41.0,21.0,21.0,126.0
DDX39A,20.0,10.0,22.0,41.0,52.0,143.0
DDX41,27.0,43.0,22.0,15.0,21.0,136.0
DDX42,18.0,9.0,13.0,17.0,33.0,97.0
DDX49,18.0,9.0,23.0,23.0,50.0,131.0
DDX56,32.0,12.0,28.0,41.0,34.0,145.0
DDX60,19.0,13.0,42.0,21.0,13.0,108.0
DECR2,12.0,10.0,17.0,21.0,34.0,97.0
DEFB106B,56.0,30.0,14.0,31.0,19.0,151.0
DEGS1,37.0,17.0,23.0,11.0,12.0,104.0
DENND1B,22.0,14.0,43.0,26.0,22.0,126.0
DENND3,27.0,12.0,21.0,53.0,23.0,149.0
DENND5A,26.0,15.0,22.0,62.0,11.0,140.0
DENND5B,15.0,11.0,17.0,25.0,34.0,109.0
DENND6A,24.0,11.0,43.0,29.0,16.0,116.0
DGKH,11.0,16.0,22.0,62.0,21.0,135.0
DHDH,37.0,9.0,21.0,34.0,26.0,138.0
DHFR,22.0,13.0,40.0,15.0,20.0,112.0
DHRS4,16.0,14.0,38.0,16.0,34.0,126.0
DHX33,19.0,12.0,19.0,16.0,60.0,130.0
DHX34,23.0,11.0,38.0,15.0,19.0,115.0
DHX36,33.0,37.0,22.0,28.0,18.0,138.0
DIAPH3,18.0,34.0,15.0,20.0,27.0,120.0
DIDO1,17.0,14.0,18.0,18.0,32.0,96.0
DIO1,28.0,19.0,58.0,24.0,18.0,155.0
DIO2,51.0,24.0,22.0,22.0,18.0,137.0
DIP2B,33.0,44.0,27.0,31.0,19.0,161.0
DIRAS1,38.0,20.0,25.0,43.0,21.0,160.0
DISC1,25.0,14.0,26.0,57.0,17.0,158.0
DLEU7,23.0,27.0,27.0,44.0,20.0,150.0
DLG5,25.0,19.0,45.0,17.0,36.0,147.0
DLX5,18.0,13.0,18.0,53.0,36.0,146.0
DMRT1,32.0,24.0,21.0,47.0,27.0,156.0
DNAAF2,14.0,12.0,37.0,27.0,15.0,106.0
DNAAF5,12.0,20.0,20.0,57.0,17.0,133.0
DNAH11,17.0,15.0,18.0,68.0,15.0,159.0
DNAH6,20.0,18.0,20.0,65.0,16.0,141.0
DNAJB1,15.0,13.0,21.0,26.0,34.0,114.0
DNAJC10,14.0,12.0,19.0,64.0,14.0,126.0
DNAJC17,20.0,11.0,29.0,61.0,15.0,149.0
DNAJC21,19.0,18.0,50.0,43.0,20.0,166.0
DNAJC25-GNG10,21.0,8.0,17.0,60.0,22.0,139.0
DNASE1,27.0,24.0,28.0,53.0,23.0,160.0
DNER,12.0,11.0,39.0,18.0,19.0,112.0
DNHD1,23.0,13.0,17.0,53.0,24.0,136.0
DNM2,41.0,52.0,25.0,25.0,17.0,156.0
DOCK3,23.0,15.0,25.0,42.0,41.0,155.0
DOCK5,37.0,18.0,36.0,43.0,14.0,158.0
DOCK6,42.0,32.0,31.0,10.0,41.0,148.0
DOHH,17.0,14.0,32.0,14.0,51.0,126.0
DOK2,19.0,11.0,39.0,36.0,28.0,132.0
DOK3,15.0,10.0,37.0,35.0,37.0,136.0
DPAGT1,24.0,22.0,50.0,36.0,14.0,149.0
DPH7,17.0,11.0,16.0,9.0,34.0,107.0
DPM1,25.0,84.0,19.0,24.0,18.0,162.0
DPM3,13.0,11.0,14.0,16.0,32.0,86.0
DR1,32.0,28.0,27.0,27.0,19.0,138.0
DSCAML1,15.0,17.0,19.0,64.0,22.0,149.0
DTX3,35.0,15.0,19.0,59.0,23.0,161.0
DUS1L,14.0,12.0,11.0,17.0,32.0,87.0
DUSP13,29.0,30.0,34.0,39.0,13.0,164.0
DUSP28,33.0,23.0,58.0,24.0,15.0,158.0
DUSP3,47.0,15.0,26.0,43.0,16.0,150.0
DUSP5,12.0,10.0,42.0,22.0,21.0,114.0
DUXA,51.0,23.0,15.0,43.0,17.0,155.0
DYNC1LI2,29.0,17.0,23.0,55.0,21.0,165.0
DYNLRB1,23.0,41.0,55.0,24.0,15.0,162.0
DYRK2,42.0,13.0,32.0,24.0,25.0,130.0
E2F2,33.0,29.0,12.0,21.0,10.0,112.0
E2F3,14.0,14.0,19.0,29.0,34.0,114.0
E2F8,15.0,24.0,21.0,22.0,21.0,102.0
ECI2,11.0,10.0,17.0,20.0,43.0,108.0
EDAR,39.0,12.0,47.0,31.0,34.0,162.0
EDEM3,18.0,13.0,15.0,28.0,52.0,131.0
EDNRA,13.0,14.0,29.0,25.0,32.0,119.0
EEF1A1,40.0,28.0,29.0,31.0,19.0,146.0
EFCAB2,31.0,12.0,38.0,28.0,25.0,129.0
EFCAB5,18.0,12.0,20.0,68.0,12.0,140.0
EFCC1,26.0,14.0,58.0,32.0,24.0,155.0
EFNA4,50.0,23.0,26.0,33.0,15.0,147.0
EFNA5,12.0,12.0,12.0,27.0,34.0,110.0
EFR3B,21.0,15.0,19.0,54.0,11.0,124.0
EGFR,18.0,11.0,11.0,15.0,33.0,96.0
EGLN2,23.0,15.0,46.0,66.0,15.0,165.0
EGR1,28.0,11.0,37.0,24.0,19.0,122.0
EGR3,40.0,30.0,22.0,16.0,12.0,130.0
EGR4,39.0,17.0,18.0,14.0,30.0,128.0
EHMT2,14.0,15.0,23.0,64.0,27.0,146.0
EID2,34.0,13.0,26.0,56.0,21.0,157.0
EIF2AK1,21.0,11.0,22.0,33.0,47.0,143.0
EIF2B2,42.0,35.0,21.0,18.0,21.0,143.0
EIF2S1,29.0,11.0,44.0,31.0,32.0,149.0
EIF3D,22.0,24.0,20.0,45.0,45.0,152.0
EIF3F,35.0,56.0,35.0,17.0,28.0,164.0
EIF3H,24.0,12.0,17.0,22.0,38.0,119.0
EIF3K,24.0,17.0,49.0,39.0,19.0,158.0
EIF3M,26.0,30.0,15.0,10.0,17.0,107.0
EIF4A1,23.0,16.0,25.0,43.0,40.0,149.0
EIF4E3,25.0,15.0,39.0,16.0,18.0,119.0
EIF4H,17.0,11.0,18.0,36.0,49.0,134.0
EIF6,22.0,22.0,25.0,63.0,26.0,164.0
ELAC1,40.0,19.0,19.0,16.0,15.0,110.0
ELF3,22.0,20.0,24.0,56.0,18.0,141.0
ELK1,30.0,34.0,31.0,23.0,10.0,125.0
ELK3,32.0,24.0,29.0,38.0,16.0,150.0
ELL3,14.0,9.0,22.0,24.0,43.0,125.0
ELOF1,20.0,9.0,10.0,23.0,56.0,127.0
ELP3,40.0,11.0,24.0,29.0,10.0,115.0
EMB,29.0,20.0,40.0,40.0,15.0,147.0
EMG1,30.0,17.0,34.0,45.0,38.0,166.0
EMID1,22.0,17.0,37.0,31.0,22.0,130.0
EMILIN3,43.0,18.0,24.0,32.0,16.0,142.0
EML4,9.0,12.0,16.0,61.0,19.0,123.0
EML6,33.0,17.0,41.0,47.0,15.0,159.0
EMP2,24.0,11.0,44.0,30.0,45.0,163.0
ENG,24.0,24.0,17.0,16.0,13.0,105.0
ENKD1,26.0,20.0,19.0,62.0,14.0,153.0
ENTPD5,29.0,25.0,20.0,31.0,20.0,137.0
ENTPD6,14.0,12.0,29.0,16.0,66.0,137.0
ENTPD7,14.0,17.0,37.0,29.0,32.0,125.0
EOMES,28.0,18.0,31.0,34.0,34.0,156.0
EPC1,19.0,10.0,30.0,17.0,57.0,140.0
EPCAM,26.0,16.0,33.0,54.0,25.0,158.0
EPOR,29.0,15.0,17.0,36.0,46.0,150.0
EPS8L1,19.0,19.0,25.0,64.0,18.0,154.0
EPSTI1,28.0,18.0,19.0,21.0,49.0,140.0
ERCC3,38.0,19.0,23.0,54.0,32.0,165.0
ERI2,23.0,40.0,15.0,39.0,13.0,132.0
ERICH1,16.0,12.0,21.0,22.0,50.0,118.0
ERICH5,26.0,16.0,31.0,55.0,18.0,151.0
ERICH6B,22.0,13.0,24.0,77.0,21.0,163.0
ERP44,16.0,9.0,38.0,12.0,17.0,104.0
ESF1,12.0,9.0,30.0,64.0,12.0,142.0
ESR2,18.0,15.0,19.0,79.0,22.0,159.0
ESRP2,17.0,15.0,70.0,35.0,22.0,164.0
ESRRB,17.0,18.0,40.0,34.0,27.0,130.0
ETFB,22.0,15.0,57.0,16.0,19.0,133.0
ETS2,52.0,34.0,37.0,13.0,17.0,154.0
ETV4,40.0,15.0,26.0,30.0,17.0,134.0
EVA1C,13.0,13.0,38.0,25.0,27.0,122.0
EXO1,26.0,14.0,26.0,45.0,32.0,143.0
EXOC2,17.0,18.0,19.0,26.0,33.0,123.0
EXOSC2,14.0,20.0,24.0,71.0,13.0,157.0
EXT1,18.0,11.0,34.0,60.0,19.0,142.0
EXTL2,10.0,10.0,10.0,11.0,36.0,82.0
EXTL3,20.0,18.0,26.0,21.0,46.0,137.0
EZH2,42.0,18.0,23.0,23.0,21.0,137.0
F13B,38.0,28.0,17.0,29.0,18.0,137.0
F8A2,16.0,13.0,48.0,26.0,16.0,125.0
FA2H,30.0,31.0,14.0,11.0,17.0,101.0
FAH,35.0,20.0,37.0,42.0,33.0,159.0
FAM102B,18.0,25.0,25.0,22.0,18.0,111.0
FAM110B,29.0,25.0,22.0,46.0,12.0,137.0
FAM118A,32.0,14.0,17.0,29.0,32.0,130.0
FAM118B,11.0,25.0,14.0,12.0,15.0,84.0
FAM122A,27.0,25.0,32.0,29.0,37.0,160.0
FAM129A,40.0,14.0,15.0,27.0,22.0,125.0
FAM133A,21.0,21.0,23.0,61.0,20.0,155.0
FAM155B,20.0,9.0,53.0,21.0,22.0,123.0
FAM166B,18.0,13.0,42.0,26.0,20.0,117.0
FAM174B,25.0,15.0,41.0,25.0,19.0,134.0
FAM175A,24.0,11.0,22.0,19.0,32.0,117.0
FAM187A,36.0,25.0,17.0,36.0,26.0,145.0
FAM189B,23.0,15.0,25.0,8.0,36.0,113.0
FAM193B,24.0,24.0,19.0,31.0,13.0,121.0
FAM196A,25.0,20.0,28.0,56.0,19.0,160.0
FAM196B,11.0,14.0,16.0,14.0,65.0,132.0
FAM204A,27.0,16.0,28.0,45.0,34.0,158.0
FAM217B,29.0,27.0,21.0,21.0,24.0,130.0
FAM219A,21.0,28.0,13.0,17.0,16.0,109.0
FAM219B,25.0,20.0,37.0,35.0,24.0,148.0
FAM220A,20.0,11.0,26.0,61.0,30.0,161.0
FAM228B,13.0,11.0,36.0,21.0,33.0,122.0
FAM229A,9.0,12.0,18.0,15.0,36.0,94.0
FAM231BP,23.0,21.0,18.0,44.0,32.0,132.0
FAM25A,14.0,12.0,38.0,37.0,28.0,130.0
FAM25G,26.0,18.0,32.0,44.0,32.0,153.0
FAM3C,18.0,13.0,38.0,23.0,12.0,108.0
FAM71D,23.0,26.0,14.0,9.0,16.0,90.0
FAM71E1,33.0,29.0,29.0,31.0,16.0,147.0
FAM78B,26.0,15.0,12.0,29.0,32.0,116.0
FAM83B,22.0,30.0,29.0,42.0,17.0,145.0
FAM86B2,39.0,13.0,24.0,19.0,20.0,130.0
FAM89B,23.0,15.0,19.0,31.0,54.0,144.0
FANCF,13.0,8.0,16.0,13.0,34.0,90.0
FANCI,28.0,18.0,22.0,60.0,21.0,158.0
FARS2,22.0,9.0,18.0,43.0,41.0,144.0
FAS,41.0,47.0,21.0,24.0,23.0,155.0
FASTK,33.0,12.0,37.0,28.0,41.0,154.0
FASTKD2,25.0,25.0,18.0,12.0,14.0,91.0
FASTKD3,21.0,16.0,13.0,59.0,23.0,135.0
FASTKD5,24.0,11.0,38.0,36.0,17.0,133.0
FAT2,29.0,26.0,11.0,14.0,19.0,100.0
FAXDC2,24.0,12.0,18.0,61.0,22.0,154.0
FBLL1,15.0,13.0,18.0,19.0,37.0,110.0
FBLN5,33.0,21.0,37.0,35.0,25.0,159.0
FBLN7,18.0,12.0,30.0,21.0,50.0,140.0
FBN3,37.0,17.0,26.0,32.0,17.0,141.0
FBRSL1,29.0,17.0,30.0,24.0,32.0,153.0
FBXL14,42.0,26.0,26.0,38.0,22.0,156.0
FBXL8,51.0,42.0,18.0,19.0,17.0,152.0
FBXO10,14.0,16.0,18.0,19.0,38.0,113.0
FBXO11,49.0,13.0,26.0,16.0,19.0,127.0
FBXO17,24.0,14.0,29.0,32.0,33.0,139.0
FBXO21,23.0,14.0,23.0,53.0,20.0,144.0
FBXO22,18.0,11.0,55.0,58.0,22.0,165.0
FBXO34,12.0,9.0,16.0,11.0,38.0,90.0
FBXO4,23.0,16.0,21.0,32.0,37.0,143.0
FBXO41,22.0,18.0,55.0,35.0,22.0,155.0
FBXW10,41.0,13.0,29.0,42.0,14.0,149.0
FBXW9,31.0,29.0,15.0,13.0,18.0,108.0
FCF1,29.0,25.0,19.0,50.0,30.0,155.0
FCGR1B,40.0,25.0,28.0,32.0,28.0,145.0
FCGR2A,37.0,25.0,18.0,27.0,18.0,132.0
FCHSD1,20.0,9.0,41.0,36.0,51.0,154.0
FCHSD2,19.0,12.0,14.0,23.0,33.0,102.0
FCRLA,23.0,18.0,34.0,19.0,38.0,136.0
FECH,40.0,30.0,17.0,22.0,14.0,129.0
FEN1,18.0,16.0,24.0,57.0,23.0,149.0
FEZ1,54.0,15.0,19.0,27.0,20.0,137.0
FGFBP1,16.0,8.0,17.0,14.0,32.0,85.0
FIP1L1,30.0,28.0,34.0,37.0,13.0,141.0
FLAD1,42.0,15.0,13.0,20.0,19.0,112.0
FLCN,42.0,39.0,19.0,20.0,26.0,151.0
FLG,13.0,11.0,87.0,16.0,9.0,145.0
FLOT1,16.0,16.0,43.0,24.0,13.0,116.0
FLT3LG,23.0,21.0,19.0,30.0,42.0,124.0
FLYWCH2,43.0,24.0,24.0,13.0,22.0,135.0
FMNL2,26.0,14.0,53.0,19.0,32.0,139.0
FMNL3,18.0,15.0,15.0,20.0,48.0,118.0
FMOD,55.0,15.0,24.0,36.0,21.0,153.0
FOLR3,28.0,18.0,16.0,61.0,12.0,141.0
FOXA2,16.0,12.0,47.0,30.0,18.0,137.0
FOXD3,38.0,14.0,36.0,35.0,18.0,141.0
FOXE1,24.0,14.0,19.0,60.0,19.0,140.0
FOXH1,31.0,10.0,33.0,22.0,33.0,139.0
FOXN4,28.0,15.0,27.0,14.0,36.0,129.0
FOXRED1,20.0,10.0,13.0,59.0,10.0,117.0
FREM1,17.0,14.0,17.0,56.0,13.0,124.0
FRG2,18.0,11.0,24.0,41.0,55.0,163.0
FRG2B,27.0,14.0,17.0,74.0,12.0,156.0
FRRS1,22.0,16.0,16.0,31.0,33.0,128.0
FRS3,47.0,42.0,23.0,26.0,29.0,164.0
FSD1,22.0,14.0,28.0,29.0,34.0,133.0
FTH1,37.0,15.0,23.0,40.0,22.0,145.0
FUBP1,14.0,20.0,30.0,24.0,38.0,135.0
FUT8,14.0,11.0,41.0,11.0,19.0,95.0
FXN,26.0,17.0,19.0,20.0,38.0,126.0
FXR2,36.0,27.0,27.0,20.0,12.0,123.0
FXYD3,20.0,9.0,19.0,32.0,35.0,118.0
FXYD5,30.0,19.0,38.0,31.0,25.0,157.0
FZD5,34.0,24.0,26.0,44.0,13.0,151.0
FZR1,25.0,13.0,19.0,77.0,25.0,164.0
G6PC3,18.0,9.0,29.0,21.0,37.0,127.0
GABARAP,50.0,38.0,15.0,16.0,17.0,134.0
GABPB1,32.0,32.0,32.0,32.0,20.0,148.0
GABPB2,23.0,16.0,16.0,43.0,43.0,149.0
GABRB3,23.0,23.0,28.0,20.0,41.0,150.0
GADD45A,18.0,8.0,19.0,59.0,18.0,126.0
GADD45GIP1,18.0,15.0,14.0,18.0,48.0,118.0
GAGE1,34.0,34.0,23.0,34.0,26.0,153.0
GAL,22.0,16.0,48.0,46.0,19.0,151.0
GALE,26.0,29.0,24.0,36.0,15.0,144.0
GALNT1,31.0,14.0,15.0,57.0,17.0,146.0
GALNT15,21.0,11.0,16.0,21.0,36.0,109.0
GALNT16,28.0,17.0,27.0,71.0,15.0,162.0
GALNT6,32.0,30.0,26.0,24.0,10.0,123.0
GALNTL6,19.0,24.0,19.0,24.0,26.0,115.0
GAPDH,22.0,33.0,24.0,27.0,12.0,123.0
GAR1,23.0,16.0,40.0,21.0,35.0,135.0
GAREML,15.0,15.0,18.0,72.0,31.0,162.0
GATA3,31.0,20.0,22.0,28.0,47.0,156.0
GATD3B,19.0,8.0,18.0,14.0,53.0,115.0
GBGT1,31.0,33.0,18.0,17.0,16.0,121.0
GCN1,17.0,16.0,23.0,66.0,12.0,140.0
GDF5OS,37.0,26.0,17.0,15.0,14.0,117.0
GDF6,48.0,21.0,14.0,13.0,14.0,110.0
GEMIN2,10.0,11.0,23.0,69.0,14.0,133.0
GEMIN4,23.0,11.0,16.0,67.0,29.0,148.0
GEMIN7,23.0,9.0,17.0,31.0,34.0,120.0
GGA1,24.0,13.0,42.0,24.0,25.0,137.0
GGNBP2,14.0,14.0,23.0,57.0,11.0,132.0
GGPS1,20.0,15.0,23.0,19.0,39.0,113.0
GID4,38.0,21.0,35.0,30.0,13.0,136.0
GIF,18.0,13.0,23.0,61.0,18.0,135.0
GINS1,34.0,19.0,38.0,35.0,18.0,149.0
GINS2,38.0,25.0,18.0,45.0,29.0,162.0
GINS3,24.0,20.0,35.0,64.0,20.0,165.0
GINS4,24.0,15.0,38.0,19.0,21.0,120.0
GIPC1,23.0,18.0,16.0,25.0,34.0,126.0
GJD3,46.0,40.0,21.0,25.0,31.0,163.0
GLDC,20.0,28.0,46.0,14.0,15.0,124.0
GLIPR1L2,24.0,22.0,21.0,56.0,23.0,157.0
GLRX5,43.0,22.0,16.0,25.0,15.0,129.0
GLYCTK,18.0,11.0,46.0,23.0,33.0,136.0
GMFG,17.0,13.0,40.0,73.0,21.0,164.0
GNB2L1,20.0,16.0,49.0,26.0,20.0,132.0
GNB3,29.0,26.0,23.0,24.0,12.0,118.0
GNG7,17.0,10.0,13.0,17.0,33.0,100.0
GNL3L,21.0,23.0,25.0,54.0,17.0,151.0
GOLGA6L4,27.0,14.0,42.0,50.0,27.0,160.0
GOLGA8N,32.0,16.0,45.0,52.0,19.0,166.0
GOLGB1,18.0,24.0,35.0,47.0,25.0,157.0
GOLPH3L,48.0,16.0,14.0,23.0,18.0,130.0
GOSR2,20.0,14.0,17.0,35.0,53.0,134.0
GOT1,26.0,26.0,14.0,17.0,16.0,104.0
GP1BB,13.0,10.0,19.0,26.0,41.0,115.0
GPAA1,15.0,9.0,19.0,29.0,42.0,118.0
GPBAR1,18.0,14.0,43.0,23.0,17.0,112.0
GPBP1,17.0,10.0,16.0,63.0,13.0,125.0
GPC2,18.0,18.0,58.0,19.0,19.0,141.0
GPCPD1,23.0,29.0,19.0,13.0,19.0,106.0
GPER1,20.0,13.0,41.0,18.0,36.0,130.0
GPIHBP1,37.0,21.0,22.0,46.0,19.0,155.0
GPN1,21.0,14.0,15.0,34.0,32.0,121.0
GPN3,15.0,13.0,18.0,25.0,41.0,112.0
GPR108,12.0,24.0,15.0,15.0,15.0,80.0
GPR146,13.0,13.0,41.0,24.0,52.0,145.0
GPR17,19.0,12.0,21.0,20.0,35.0,112.0
GPR176,27.0,12.0,38.0,12.0,18.0,105.0
GPR20,21.0,19.0,19.0,62.0,14.0,144.0
GPR35,19.0,10.0,43.0,13.0,22.0,113.0
GPR75,17.0,17.0,25.0,16.0,34.0,112.0
GPR82,37.0,17.0,25.0,34.0,13.0,134.0
GPR83,42.0,34.0,34.0,18.0,23.0,153.0
GPR89A,40.0,18.0,14.0,25.0,21.0,131.0
GPS2,37.0,21.0,19.0,32.0,19.0,148.0
GPSM1,15.0,9.0,16.0,19.0,44.0,107.0
GPX1,25.0,15.0,24.0,35.0,36.0,142.0
GRAP2,20.0,12.0,31.0,24.0,33.0,120.0
GRB10,19.0,15.0,16.0,27.0,39.0,129.0
GREB1,23.0,29.0,22.0,42.0,15.0,137.0
GRIN3A,25.0,14.0,41.0,48.0,28.0,155.0
GRIN3B,24.0,13.0,20.0,29.0,44.0,137.0
GRIP1,44.0,35.0,25.0,27.0,18.0,149.0
GRP,9.0,11.0,18.0,24.0,33.0,107.0
GSC,25.0,24.0,27.0,58.0,19.0,157.0
GSC2,19.0,14.0,37.0,35.0,31.0,134.0
GSK3A,24.0,14.0,31.0,40.0,41.0,157.0
GTDC1,15.0,13.0,21.0,56.0,24.0,135.0
GTF2A1,22.0,26.0,29.0,34.0,19.0,129.0
GTF2E1,29.0,10.0,46.0,22.0,15.0,136.0
GTF2F1,22.0,22.0,46.0,38.0,25.0,158.0
GTF2H2C,32.0,25.0,19.0,12.0,14.0,106.0
GTF2H4,19.0,14.0,24.0,21.0,64.0,140.0
GTF2IRD2,32.0,22.0,21.0,62.0,24.0,161.0
GTPBP10,35.0,37.0,15.0,11.0,14.0,116.0
GUSB,34.0,21.0,21.0,53.0,23.0,150.0
H1F0,22.0,32.0,19.0,18.0,20.0,117.0
H1FOO,25.0,12.0,62.0,23.0,33.0,155.0
H2AFJ,21.0,21.0,14.0,30.0,32.0,124.0
HARS,25.0,26.0,39.0,42.0,25.0,162.0
HAUS1,15.0,23.0,32.0,64.0,23.0,166.0
HAUS7,16.0,16.0,22.0,67.0,23.0,139.0
HCAR2,12.0,11.0,15.0,16.0,34.0,91.0
HCRTR1,20.0,22.0,38.0,12.0,10.0,111.0
HDGF,19.0,10.0,13.0,17.0,49.0,118.0
HEATR4,25.0,14.0,38.0,38.0,17.0,138.0
HEXIM1,21.0,14.0,18.0,67.0,17.0,139.0
HFM1,33.0,30.0,27.0,15.0,18.0,123.0
HGD,10.0,16.0,15.0,19.0,34.0,99.0
HHIPL1,9.0,8.0,17.0,15.0,38.0,85.0
HIBADH,19.0,12.0,18.0,16.0,37.0,111.0
HIF1AN,25.0,13.0,28.0,21.0,32.0,124.0
HINT1,31.0,22.0,19.0,56.0,16.0,157.0
HIPK3,11.0,9.0,17.0,61.0,28.0,127.0
HIST1H1A,33.0,56.0,17.0,18.0,20.0,152.0
HIST1H2AB,17.0,16.0,39.0,19.0,25.0,121.0
HIST1H2AH,44.0,15.0,18.0,46.0,15.0,135.0
HIST1H2AI,30.0,13.0,29.0,54.0,25.0,161.0
HIST1H2AK,20.0,13.0,21.0,19.0,42.0,121.0
HIST1H2AL,18.0,12.0,19.0,32.0,33.0,117.0
HIST1H2BD,32.0,29.0,17.0,40.0,20.0,143.0
HIST1H3B,16.0,18.0,13.0,16.0,32.0,98.0
HIST1H4K,29.0,22.0,29.0,56.0,16.0,160.0
HIST2H2BF,22.0,17.0,31.0,30.0,61.0,158.0
HK2,22.0,21.0,25.0,63.0,12.0,151.0
HKDC1,16.0,9.0,14.0,44.0,32.0,114.0
HLA-A,17.0,26.0,17.0,22.0,16.0,115.0
HMG20B,32.0,25.0,24.0,24.0,13.0,120.0
HMGB2,29.0,20.0,30.0,13.0,40.0,133.0
HMGCS1,22.0,10.0,41.0,21.0,25.0,121.0
HMX1,23.0,14.0,21.0,60.0,24.0,153.0
HNF4A,39.0,18.0,25.0,13.0,23.0,132.0
HNRNPA0,20.0,12.0,54.0,33.0,14.0,140.0
HNRNPAB,22.0,11.0,47.0,27.0,30.0,147.0
HNRNPK,22.0,15.0,44.0,11.0,48.0,148.0
HOXA3,42.0,24.0,24.0,30.0,16.0,140.0
HOXA5,26.0,10.0,21.0,62.0,36.0,165.0
HOXB4,40.0,13.0,15.0,43.0,9.0,130.0
HOXC9,20.0,11.0,29.0,70.0,21.0,157.0
HOXD12,31.0,31.0,23.0,10.0,15.0,110.0
HPD,21.0,12.0,39.0,34.0,34.0,144.0
HPS5,18.0,11.0,13.0,66.0,15.0,135.0
HPSE,28.0,29.0,12.0,13.0,17.0,109.0
HPX,26.0,18.0,26.0,25.0,32.0,128.0
HRCT1,18.0,11.0,24.0,12.0,34.0,103.0
HRG,16.0,14.0,23.0,27.0,44.0,130.0
HRH1,45.0,14.0,23.0,9.0,23.0,122.0
HS3ST1,19.0,8.0,22.0,19.0,32.0,109.0
HS3ST4,30.0,20.0,15.0,25.0,42.0,141.0
HS6ST1,15.0,15.0,18.0,69.0,11.0,132.0
HSBP1,40.0,17.0,23.0,43.0,15.0,146.0
HSD17B10,20.0,12.0,41.0,34.0,21.0,133.0
HSD17B13,56.0,31.0,31.0,34.0,17.0,163.0
HSPA1B,15.0,9.0,57.0,36.0,15.0,139.0
HSPA1L,15.0,11.0,20.0,19.0,42.0,115.0
HSPA8,19.0,16.0,18.0,64.0,13.0,137.0
HSPB6,24.0,10.0,19.0,26.0,35.0,120.0
HVCN1,26.0,19.0,15.0,56.0,27.0,154.0
HYKK,27.0,24.0,27.0,26.0,11.0,123.0
HYPK,19.0,14.0,24.0,41.0,46.0,144.0
ICA1,39.0,12.0,40.0,24.0,11.0,136.0
ICAM4,18.0,15.0,43.0,45.0,18.0,142.0
IFNLR1,21.0,17.0,22.0,63.0,21.0,154.0
IFT74,53.0,16.0,14.0,28.0,41.0,156.0
IGF1R,41.0,10.0,30.0,42.0,32.0,163.0
IGFBP5,13.0,15.0,16.0,44.0,42.0,134.0
IGFN1,27.0,12.0,18.0,62.0,16.0,142.0
IGSF3,25.0,22.0,37.0,18.0,24.0,137.0
IGSF8,21.0,27.0,21.0,29.0,14.0,113.0
IKBKE,38.0,20.0,31.0,17.0,24.0,131.0
IKZF4,25.0,19.0,19.0,59.0,11.0,139.0
IKZF5,28.0,25.0,16.0,32.0,19.0,118.0
IL12A,38.0,13.0,36.0,24.0,29.0,140.0
IL1R2,36.0,22.0,43.0,22.0,23.0,151.0
IL1RAP,18.0,13.0,23.0,26.0,32.0,114.0
IL23A,24.0,27.0,24.0,35.0,19.0,135.0
IL4R,27.0,18.0,40.0,50.0,36.0,164.0
IMMT,35.0,19.0,26.0,56.0,17.0,156.0
IMP4,26.0,12.0,31.0,45.0,45.0,158.0
INCA1,18.0,27.0,14.0,22.0,13.0,99.0
INF2,21.0,13.0,18.0,54.0,12.0,131.0
INTS11,38.0,42.0,31.0,26.0,14.0,155.0
INTS2,23.0,15.0,38.0,52.0,17.0,145.0
INTS3,27.0,17.0,26.0,59.0,22.0,166.0
INTS4,19.0,16.0,26.0,48.0,40.0,158.0
INTS5,22.0,11.0,33.0,54.0,18.0,141.0
IP6K1,25.0,16.0,18.0,55.0,17.0,138.0
IP6K2,12.0,18.0,13.0,12.0,42.0,102.0
IPO11,19.0,10.0,47.0,30.0,21.0,128.0
IPO7,26.0,31.0,26.0,51.0,14.0,155.0
IPO8,23.0,33.0,16.0,21.0,13.0,113.0
IPPK,43.0,25.0,23.0,28.0,12.0,133.0
IQANK1,17.0,24.0,13.0,20.0,9.0,87.0
IQCB1,24.0,15.0,27.0,53.0,22.0,155.0
IRAK1BP1,15.0,13.0,25.0,10.0,37.0,100.0
IRF1,27.0,16.0,40.0,23.0,14.0,125.0
IRF2BPL,22.0,12.0,20.0,59.0,29.0,151.0
IRF4,20.0,16.0,17.0,29.0,34.0,125.0
IRF7,16.0,12.0,50.0,51.0,26.0,161.0
ISM1,17.0,10.0,14.0,62.0,22.0,136.0
ISM2,18.0,12.0,17.0,58.0,51.0,161.0
ISY1,31.0,33.0,23.0,28.0,22.0,142.0
ITFG1,14.0,10.0,15.0,13.0,35.0,89.0
ITGA3,20.0,24.0,27.0,54.0,21.0,152.0
ITGA4,25.0,23.0,39.0,18.0,22.0,132.0
ITGA5,37.0,21.0,15.0,23.0,15.0,126.0
ITGA7,19.0,19.0,22.0,63.0,22.0,152.0
ITGAX,20.0,11.0,17.0,27.0,33.0,110.0
ITM2B,23.0,16.0,30.0,60.0,18.0,159.0
ITPKC,27.0,18.0,54.0,37.0,14.0,149.0
IZUMO1R,14.0,13.0,14.0,25.0,32.0,104.0
JAG1,10.0,14.0,19.0,20.0,63.0,131.0
JPH3,46.0,15.0,15.0,23.0,20.0,120.0
JSRP1,28.0,13.0,39.0,26.0,42.0,148.0
JUND,15.0,14.0,17.0,18.0,37.0,111.0
KANK1,13.0,12.0,20.0,16.0,36.0,101.0
KANK2,20.0,25.0,20.0,50.0,14.0,135.0
KANK3,27.0,13.0,18.0,21.0,36.0,124.0
KARS,57.0,16.0,26.0,14.0,34.0,157.0
KAT7,19.0,9.0,16.0,12.0,61.0,130.0
KATNB1,17.0,15.0,17.0,52.0,33.0,134.0
KCNA7,11.0,11.0,20.0,53.0,11.0,125.0
KCNC4,19.0,14.0,17.0,62.0,22.0,142.0
KCNIP3,28.0,20.0,28.0,56.0,19.0,153.0
KCNJ10,33.0,16.0,12.0,62.0,23.0,153.0
KCNJ12,17.0,17.0,36.0,24.0,42.0,146.0
KCNJ4,18.0,9.0,19.0,19.0,38.0,111.0
KCNMB2,12.0,7.0,14.0,57.0,21.0,121.0
KCNN1,17.0,18.0,23.0,57.0,25.0,151.0
KCNV2,34.0,32.0,31.0,13.0,19.0,140.0
KCTD10,23.0,16.0,19.0,30.0,44.0,132.0
KCTD16,18.0,9.0,16.0,13.0,34.0,100.0
KCTD2,30.0,34.0,30.0,16.0,17.0,135.0
KDM4B,15.0,8.0,21.0,39.0,41.0,133.0
KEAP1,32.0,19.0,32.0,41.0,34.0,159.0
KHNYN,15.0,12.0,40.0,22.0,28.0,121.0
KIAA0100,17.0,11.0,38.0,22.0,19.0,109.0
KIAA0391,41.0,29.0,33.0,33.0,18.0,160.0
KIAA0586,17.0,10.0,30.0,18.0,38.0,121.0
KIAA1257,21.0,14.0,38.0,28.0,49.0,154.0
KIAA1324L,12.0,12.0,12.0,20.0,34.0,97.0
KIAA1429,31.0,27.0,19.0,19.0,19.0,111.0
KIAA1456,21.0,10.0,37.0,27.0,21.0,120.0
KIAA1522,33.0,25.0,28.0,23.0,29.0,145.0
KIF17,25.0,17.0,17.0,34.0,35.0,130.0
KIF18B,37.0,19.0,23.0,48.0,13.0,139.0
KIF21A,13.0,11.0,43.0,16.0,27.0,118.0
KIF22,19.0,26.0,12.0,29.0,16.0,112.0
KIF3A,21.0,34.0,28.0,11.0,8.0,104.0
KIF4A,43.0,19.0,21.0,44.0,20.0,156.0
KIF5B,41.0,19.0,33.0,33.0,15.0,144.0
KIF9,29.0,31.0,20.0,44.0,18.0,147.0
KIT,31.0,42.0,14.0,16.0,17.0,124.0
KITLG,28.0,19.0,19.0,54.0,16.0,148.0
KLF12,22.0,24.0,23.0,29.0,11.0,116.0
KLF17,23.0,11.0,21.0,56.0,22.0,131.0
KLF4,24.0,16.0,45.0,38.0,25.0,153.0
KLHDC8A,23.0,14.0,28.0,32.0,32.0,133.0
KLHL15,15.0,9.0,12.0,11.0,32.0,83.0
KLHL33,36.0,26.0,18.0,44.0,20.0,153.0
KLHL35,38.0,17.0,32.0,45.0,18.0,149.0
KLK12,35.0,15.0,38.0,38.0,14.0,148.0
KNTC1,35.0,28.0,18.0,63.0,17.0,163.0
KPNA7,21.0,15.0,22.0,47.0,33.0,148.0
KPNB1,24.0,15.0,25.0,32.0,62.0,160.0
KRAS,47.0,13.0,22.0,40.0,18.0,147.0
KREMEN2,42.0,21.0,23.0,40.0,22.0,154.0
KRIT1,24.0,10.0,45.0,19.0,27.0,128.0
KRT1,29.0,16.0,49.0,45.0,14.0,153.0
KRT12,46.0,26.0,23.0,37.0,15.0,148.0
KRT2,35.0,22.0,19.0,61.0,18.0,164.0
KRT8,23.0,27.0,16.0,46.0,14.0,131.0
KRT80,29.0,12.0,43.0,48.0,15.0,160.0
KRT81,12.0,12.0,12.0,57.0,18.0,111.0
KRT82,39.0,25.0,20.0,23.0,15.0,124.0
KTN1,30.0,31.0,18.0,17.0,17.0,118.0
KXD1,30.0,15.0,41.0,15.0,29.0,131.0
L3MBTL3,16.0,18.0,41.0,29.0,17.0,124.0
LACTB2,34.0,29.0,18.0,36.0,18.0,136.0
LAMA1,37.0,34.0,32.0,17.0,20.0,145.0
LAMA4,26.0,38.0,23.0,16.0,20.0,131.0
LAMB1,17.0,13.0,37.0,39.0,15.0,123.0
LAMB4,26.0,12.0,27.0,38.0,35.0,146.0
LAMC1,41.0,14.0,14.0,12.0,9.0,95.0
LARP1B,19.0,11.0,35.0,21.0,38.0,127.0
LARP4B,42.0,14.0,33.0,39.0,22.0,156.0
LARP6,25.0,15.0,38.0,35.0,21.0,138.0
LARS,20.0,15.0,39.0,25.0,14.0,119.0
LAT2,16.0,10.0,39.0,23.0,13.0,107.0
LCA5L,14.0,11.0,16.0,16.0,34.0,106.0
LCAT,23.0,16.0,38.0,53.0,27.0,165.0
LCE3D,16.0,11.0,34.0,54.0,16.0,133.0
LCN10,23.0,14.0,30.0,33.0,34.0,146.0
LCP2,40.0,12.0,12.0,23.0,12.0,105.0
LDB1,18.0,10.0,15.0,17.0,36.0,101.0
LDLRAP1,34.0,34.0,17.0,11.0,13.0,112.0
LGALS3BP,21.0,24.0,23.0,39.0,19.0,137.0
LGALS4,23.0,9.0,30.0,18.0,33.0,115.0
LGI1,15.0,11.0,22.0,54.0,13.0,122.0
LGMN,36.0,24.0,22.0,37.0,15.0,138.0
LHB,34.0,36.0,20.0,48.0,10.0,149.0
LHFPL4,18.0,42.0,16.0,28.0,18.0,114.0
LILRB3,44.0,14.0,22.0,52.0,20.0,156.0
LINC01638,24.0,17.0,25.0,26.0,35.0,136.0
LMLN2,16.0,13.0,36.0,21.0,67.0,151.0
LMNB1,19.0,12.0,41.0,10.0,13.0,98.0
LMO3,23.0,15.0,18.0,68.0,19.0,151.0
LMOD1,24.0,11.0,15.0,57.0,15.0,136.0
LMTK2,15.0,17.0,42.0,24.0,24.0,131.0
LNP1,11.0,10.0,15.0,14.0,57.0,110.0
LNX1,14.0,12.0,12.0,56.0,14.0,115.0
LOC100128108,28.0,10.0,14.0,25.0,56.0,139.0
LOC100128242,19.0,11.0,22.0,21.0,40.0,121.0
LOC100144595,33.0,36.0,38.0,28.0,21.0,157.0
LOC100505502,16.0,10.0,16.0,54.0,28.0,129.0
LOC100507462,41.0,25.0,32.0,31.0,21.0,156.0
LOC100653133,27.0,19.0,41.0,28.0,34.0,148.0
LOC100996274,24.0,10.0,21.0,23.0,41.0,118.0
LOC100996365,13.0,11.0,39.0,51.0,50.0,163.0
LOC100996701,20.0,9.0,41.0,22.0,17.0,124.0
LOC100996720,25.0,11.0,30.0,23.0,62.0,156.0
LOC100996741,31.0,16.0,44.0,38.0,28.0,156.0
LOC100996842,27.0,15.0,19.0,67.0,14.0,150.0
LOC101060254,26.0,10.0,33.0,25.0,39.0,126.0
LOC101060341,29.0,20.0,20.0,56.0,26.0,149.0
LOC101927503,27.0,16.0,25.0,62.0,26.0,162.0
LOC101927506,33.0,11.0,18.0,68.0,32.0,164.0
LOC101927789,50.0,21.0,19.0,23.0,15.0,127.0
LOC101928592,25.0,27.0,19.0,17.0,10.0,95.0
LOC101929235,19.0,25.0,21.0,17.0,13.0,91.0
LOC101929322,32.0,16.0,26.0,30.0,43.0,150.0
LOC101929479,31.0,14.0,52.0,25.0,25.0,154.0
LOC101929599,46.0,40.0,18.0,33.0,15.0,154.0
LOC101929805,22.0,19.0,29.0,59.0,25.0,165.0
LOC102723722,17.0,11.0,43.0,40.0,41.0,147.0
LOC102724159,25.0,14.0,22.0,55.0,20.0,142.0
LOC102724904,35.0,29.0,32.0,39.0,20.0,152.0
LOC102724971,25.0,17.0,23.0,64.0,23.0,159.0
LOC105369914,19.0,21.0,47.0,47.0,17.0,157.0
LOC105371063,28.0,18.0,19.0,18.0,34.0,114.0
LOC105371191,21.0,9.0,60.0,44.0,26.0,158.0
LOC105372412,26.0,25.0,18.0,17.0,28.0,120.0
LOC105372704,25.0,37.0,18.0,34.0,13.0,130.0
LOC105372798,12.0,8.0,11.0,14.0,36.0,79.0
LOC105373311,19.0,12.0,13.0,59.0,26.0,133.0
LOC105373392,38.0,24.0,23.0,24.0,14.0,130.0
LOC105373395,35.0,26.0,17.0,25.0,33.0,141.0
LOC105373759,23.0,9.0,18.0,33.0,39.0,125.0
LOC105374378,25.0,11.0,17.0,43.0,33.0,128.0
LOC105375787,28.0,18.0,40.0,28.0,29.0,140.0
LOC105377752,41.0,29.0,35.0,13.0,14.0,137.0
LOC105378577,17.0,12.0,31.0,21.0,36.0,120.0
LOC105378947,33.0,24.0,28.0,43.0,19.0,156.0
LOC105379177,25.0,13.0,23.0,22.0,32.0,113.0
LOC105379417,21.0,13.0,50.0,32.0,31.0,142.0
LOC105379554,27.0,16.0,59.0,40.0,20.0,159.0
LOC105379561,31.0,14.0,17.0,66.0,17.0,153.0
LOC107983990,36.0,24.0,21.0,50.0,33.0,160.0
LOC107984115,38.0,18.0,22.0,24.0,11.0,121.0
LOC107984314,23.0,15.0,39.0,32.0,49.0,160.0
LOC107984638,36.0,31.0,39.0,33.0,20.0,160.0
LOC107984813,22.0,36.0,15.0,10.0,17.0,100.0
LOC107984841,26.0,15.0,41.0,29.0,25.0,134.0
LOC107985149,24.0,9.0,37.0,13.0,13.0,101.0
LOC107985416,37.0,13.0,20.0,37.0,36.0,146.0
LOC107985687,20.0,10.0,27.0,17.0,33.0,117.0
LOC107985931,18.0,35.0,40.0,29.0,17.0,135.0
LOC107986192,18.0,11.0,17.0,13.0,39.0,105.0
LOC107986677,20.0,13.0,13.0,31.0,34.0,115.0
LOC107986755,21.0,11.0,21.0,65.0,21.0,158.0
LOC107986810,30.0,25.0,26.0,18.0,20.0,116.0
LOC107987070,28.0,13.0,27.0,78.0,20.0,165.0
LOC107987285,10.0,10.0,12.0,10.0,40.0,82.0
LOC107987397,41.0,19.0,27.0,45.0,16.0,153.0
LOC112267997,29.0,24.0,12.0,19.0,21.0,109.0
LOC112268005,20.0,13.0,18.0,20.0,32.0,104.0
LOC112268076,18.0,10.0,36.0,17.0,46.0,133.0
LOC112268140,23.0,10.0,37.0,31.0,22.0,130.0
LOC112268168,41.0,29.0,37.0,35.0,13.0,158.0
LOC112268173,33.0,30.0,19.0,15.0,11.0,112.0
LOC112268271,36.0,76.0,19.0,18.0,18.0,164.0
LOC112268321,27.0,26.0,40.0,25.0,16.0,134.0
LOC112268409,27.0,18.0,46.0,24.0,41.0,155.0
LOC283710,14.0,16.0,20.0,57.0,16.0,128.0
LOC400927-CSNK1E,17.0,13.0,15.0,55.0,10.0,124.0
LOC401052,27.0,32.0,15.0,12.0,19.0,111.0
LOC644215,13.0,26.0,17.0,38.0,36.0,136.0
LOC644249,19.0,13.0,27.0,22.0,36.0,122.0
LOC645188,14.0,9.0,48.0,17.0,20.0,107.0
LOC646588,12.0,12.0,43.0,23.0,15.0,115.0
LOC653602,29.0,12.0,14.0,15.0,38.0,114.0
LOC730183,37.0,12.0,20.0,23.0,20.0,129.0
LOXL3,22.0,18.0,42.0,31.0,22.0,142.0
LPCAT3,40.0,24.0,17.0,52.0,23.0,160.0
LPIN1,17.0,11.0,22.0,22.0,43.0,122.0
LRMDA,37.0,14.0,20.0,21.0,33.0,141.0
LRP1,44.0,20.0,24.0,19.0,17.0,128.0
LRP5,29.0,25.0,24.0,21.0,22.0,136.0
LRP6,34.0,12.0,22.0,65.0,20.0,161.0
LRRC10B,14.0,12.0,21.0,24.0,41.0,121.0
LRRC14,37.0,23.0,18.0,23.0,19.0,124.0
LRRC20,25.0,14.0,40.0,53.0,18.0,159.0
LRRC32,21.0,16.0,52.0,23.0,38.0,156.0
LRRC3C,26.0,31.0,38.0,24.0,18.0,138.0
LRRC4,30.0,39.0,28.0,29.0,14.0,138.0
LRRC70,17.0,11.0,20.0,56.0,24.0,135.0
LRRC71,42.0,18.0,24.0,25.0,21.0,126.0
LRRC75A,16.0,10.0,15.0,11.0,39.0,95.0
LRRTM2,19.0,11.0,29.0,20.0,38.0,120.0
LSAMP,21.0,30.0,22.0,22.0,8.0,104.0
LSG1,24.0,25.0,29.0,26.0,33.0,143.0
LSM14A,16.0,12.0,44.0,21.0,19.0,125.0
LSM3,37.0,13.0,21.0,33.0,28.0,127.0
LTBP3,12.0,11.0,18.0,54.0,19.0,119.0
LTV1,23.0,14.0,24.0,60.0,17.0,141.0
LYL1,18.0,14.0,15.0,33.0,36.0,126.0
LYST,29.0,10.0,31.0,69.0,17.0,156.0
MAB21L1,22.0,12.0,37.0,25.0,18.0,111.0
MAD2L1BP,25.0,23.0,14.0,63.0,12.0,152.0
MAGED1,16.0,14.0,18.0,23.0,32.0,115.0
MAGI2,19.0,10.0,22.0,27.0,42.0,119.0
MAL,30.0,15.0,23.0,33.0,49.0,166.0
MAML1,35.0,24.0,21.0,38.0,24.0,160.0
MAN1A2,14.0,15.0,53.0,21.0,12.0,119.0
MANBA,33.0,28.0,26.0,20.0,17.0,123.0
MAP10,16.0,11.0,38.0,11.0,22.0,105.0
MAP4,37.0,17.0,14.0,19.0,20.0,118.0
MAP4K2,34.0,24.0,24.0,39.0,18.0,140.0
MAPK1,44.0,17.0,16.0,51.0,21.0,152.0
MAPK8IP3,51.0,26.0,27.0,27.0,24.0,154.0
MARK1,8.0,10.0,15.0,18.0,32.0,91.0
MARVELD3,29.0,14.0,50.0,36.0,17.0,146.0
MASP2,22.0,11.0,58.0,19.0,25.0,151.0
MBOAT7,31.0,18.0,35.0,53.0,20.0,152.0
MCM4,12.0,24.0,17.0,24.0,15.0,89.0
MCM8,37.0,20.0,25.0,29.0,28.0,147.0
MCMBP,40.0,22.0,25.0,41.0,19.0,165.0
MCRS1,39.0,11.0,23.0,28.0,19.0,123.0
MCU,46.0,26.0,19.0,32.0,21.0,157.0
MDC1,17.0,15.0,22.0,24.0,47.0,135.0
MDFI,27.0,19.0,16.0,30.0,32.0,122.0
MDFIC,40.0,37.0,24.0,13.0,14.0,126.0
MDN1,26.0,12.0,17.0,28.0,37.0,130.0
MECOM,21.0,14.0,20.0,47.0,32.0,135.0
MED12,28.0,13.0,70.0,36.0,18.0,161.0
MED13L,58.0,17.0,16.0,18.0,22.0,139.0
MED14,23.0,14.0,41.0,32.0,30.0,140.0
MED16,17.0,13.0,24.0,58.0,25.0,142.0
MED17,38.0,21.0,24.0,37.0,24.0,148.0
MED20,24.0,19.0,22.0,53.0,25.0,149.0
MED23,40.0,25.0,32.0,37.0,22.0,166.0
MED28,17.0,10.0,40.0,15.0,20.0,111.0
MED31,18.0,13.0,14.0,17.0,45.0,109.0
MED9,37.0,57.0,18.0,19.0,16.0,143.0
MEIS3,27.0,13.0,13.0,62.0,15.0,141.0
MEMO1,18.0,17.0,43.0,39.0,13.0,143.0
METTL12,20.0,11.0,12.0,35.0,33.0,116.0
METTL15,30.0,17.0,24.0,55.0,35.0,162.0
METTL23,25.0,21.0,41.0,35.0,19.0,140.0
MFAP5,27.0,15.0,19.0,55.0,14.0,135.0
MFGE8,15.0,11.0,23.0,25.0,34.0,118.0
MFHAS1,13.0,15.0,20.0,63.0,16.0,132.0
MFSD5,37.0,18.0,19.0,29.0,39.0,164.0
MGAT1,20.0,17.0,62.0,16.0,17.0,137.0
MICAL3,23.0,14.0,20.0,46.0,45.0,155.0
MICALL1,44.0,20.0,12.0,40.0,14.0,136.0
MIER1,39.0,24.0,30.0,47.0,24.0,165.0
MIIP,29.0,18.0,20.0,15.0,42.0,125.0
MINOS1-NBL1,27.0,25.0,13.0,35.0,17.0,131.0
MIPEP,40.0,54.0,20.0,10.0,24.0,153.0
MKRN3,18.0,20.0,45.0,23.0,28.0,141.0
MLF2,34.0,15.0,43.0,43.0,25.0,157.0
MLH1,38.0,14.0,15.0,32.0,18.0,123.0
MLLT6,23.0,12.0,25.0,36.0,33.0,137.0
MLST8,26.0,16.0,47.0,31.0,11.0,141.0
MLXIP,22.0,17.0,56.0,29.0,25.0,142.0
MMP24,14.0,24.0,20.0,21.0,12.0,92.0
MMP9,38.0,30.0,19.0,37.0,29.0,164.0
MND1,38.0,20.0,20.0,57.0,21.0,155.0
MOCS3,12.0,10.0,15.0,54.0,16.0,112.0
MPP2,47.0,16.0,21.0,22.0,20.0,128.0
MPP3,14.0,15.0,17.0,30.0,40.0,123.0
MPP4,24.0,32.0,14.0,19.0,17.0,111.0
MPP6,25.0,24.0,32.0,21.0,16.0,117.0
MPST,21.0,14.0,12.0,27.0,39.0,132.0
MREG,29.0,33.0,37.0,18.0,21.0,141.0
MRGPRF,37.0,18.0,31.0,28.0,17.0,138.0
MRPL10,16.0,12.0,15.0,55.0,18.0,118.0
MRPL16,29.0,14.0,15.0,73.0,17.0,157.0
MRPL21,21.0,15.0,62.0,33.0,18.0,154.0
MRPL23,21.0,27.0,15.0,24.0,28.0,122.0
MRPL27,22.0,13.0,57.0,24.0,20.0,131.0
MRPL28,36.0,25.0,24.0,35.0,15.0,135.0
MRPL3,34.0,15.0,34.0,14.0,32.0,123.0
MRPL41,27.0,15.0,47.0,47.0,17.0,158.0
MRPL48,30.0,25.0,27.0,25.0,18.0,133.0
MRPL54,24.0,15.0,52.0,37.0,23.0,156.0
MRPL57,43.0,24.0,48.0,28.0,18.0,160.0
MRPL9,29.0,23.0,27.0,30.0,37.0,152.0
MRPS10,37.0,16.0,26.0,30.0,23.0,132.0
MRPS16,33.0,17.0,28.0,33.0,34.0,154.0
MRPS28,27.0,16.0,21.0,56.0,28.0,160.0
MRPS30,25.0,16.0,40.0,51.0,25.0,159.0
MRPS33,25.0,19.0,18.0,58.0,19.0,148.0
MRPS6,33.0,19.0,17.0,36.0,33.0,149.0
MRRF,38.0,14.0,14.0,29.0,16.0,128.0
MSH2,21.0,10.0,42.0,41.0,17.0,133.0
MSL1,41.0,19.0,18.0,56.0,23.0,160.0
MSL3,29.0,13.0,20.0,27.0,55.0,156.0
MSMB,12.0,9.0,21.0,14.0,35.0,95.0
MSRB1,14.0,15.0,12.0,21.0,39.0,107.0
MSRB2,18.0,9.0,21.0,10.0,33.0,105.0
MSRB3,37.0,12.0,19.0,41.0,18.0,134.0
MST1,25.0,9.0,52.0,42.0,15.0,143.0
MSTO1,34.0,13.0,18.0,28.0,38.0,137.0
MSX1,33.0,24.0,20.0,24.0,10.0,121.0
MSX2,18.0,13.0,26.0,58.0,21.0,129.0
MTCH1,42.0,18.0,31.0,44.0,25.0,159.0
MTCP1,18.0,17.0,44.0,41.0,19.0,149.0
MTFMT,21.0,29.0,13.0,25.0,18.0,115.0
MTFP1,22.0,12.0,18.0,15.0,46.0,130.0
MTG1,24.0,17.0,29.0,55.0,22.0,159.0
MTG2,28.0,27.0,15.0,41.0,19.0,133.0
MTIF2,24.0,19.0,20.0,19.0,37.0,118.0
MTM1,14.0,11.0,11.0,18.0,74.0,132.0
MTMR4,24.0,30.0,17.0,23.0,12.0,114.0
MTNR1A,18.0,9.0,11.0,13.0,46.0,108.0
MTOR,43.0,37.0,49.0,26.0,14.0,166.0
MTSS1L,21.0,11.0,30.0,60.0,14.0,150.0
MTX1,25.0,10.0,26.0,25.0,37.0,119.0
MUC16,23.0,27.0,23.0,25.0,14.0,116.0
MUC20,24.0,25.0,22.0,38.0,25.0,134.0
MUC5AC,16.0,13.0,20.0,54.0,22.0,126.0
MUC6,14.0,8.0,11.0,25.0,39.0,106.0
MUL1,15.0,10.0,16.0,70.0,15.0,132.0
MXD4,24.0,15.0,46.0,16.0,14.0,130.0
MXI1,12.0,13.0,27.0,34.0,36.0,136.0
MXRA7,26.0,23.0,25.0,34.0,43.0,162.0
MYL12A,20.0,10.0,35.0,21.0,33.0,121.0
MYL2,54.0,31.0,29.0,24.0,11.0,152.0
MYLK,36.0,46.0,17.0,31.0,21.0,149.0
MYLK2,20.0,9.0,12.0,66.0,19.0,131.0
MYO15A,16.0,15.0,20.0,25.0,46.0,125.0
MYO1E,16.0,11.0,20.0,14.0,58.0,121.0
MYO7B,29.0,24.0,18.0,22.0,16.0,123.0
MYO9B,19.0,13.0,32.0,18.0,52.0,133.0
MYOF,17.0,22.0,20.0,22.0,33.0,123.0
MYRFL,23.0,11.0,17.0,58.0,20.0,136.0
MYSM1,31.0,29.0,19.0,27.0,21.0,135.0
MYZAP,20.0,12.0,50.0,40.0,24.0,147.0
MZT1,45.0,21.0,25.0,25.0,15.0,142.0
March7,25.0,19.0,14.0,84.0,11.0,162.0
N4BP2L2,23.0,25.0,12.0,25.0,13.0,104.0
NAA20,20.0,11.0,28.0,50.0,53.0,160.0
NAA25,27.0,13.0,51.0,30.0,17.0,138.0
NAA30,27.0,11.0,38.0,30.0,42.0,147.0
NAA50,17.0,10.0,26.0,58.0,16.0,135.0
NAALAD2,11.0,13.0,10.0,23.0,33.0,97.0
NAB1,19.0,16.0,26.0,23.0,41.0,126.0
NAGK,27.0,14.0,40.0,36.0,24.0,149.0
NAGS,23.0,16.0,28.0,24.0,35.0,127.0
NAP1L4,17.0,14.0,17.0,70.0,21.0,139.0
NAPEPLD,21.0,28.0,17.0,25.0,10.0,108.0
NAPG,39.0,43.0,24.0,21.0,23.0,157.0
NARS,53.0,23.0,30.0,33.0,13.0,158.0
NAT1,22.0,40.0,31.0,24.0,21.0,145.0
NAT10,24.0,12.0,28.0,29.0,33.0,125.0
NAT8,17.0,17.0,19.0,74.0,18.0,157.0
NBDY,31.0,30.0,19.0,57.0,18.0,161.0
NBEA,29.0,27.0,11.0,24.0,15.0,109.0
NBPF1,28.0,20.0,33.0,53.0,10.0,151.0
NCALD,13.0,10.0,19.0,16.0,33.0,98.0
NCAPD2,39.0,19.0,18.0,45.0,16.0,143.0
NCAPD3,23.0,17.0,41.0,50.0,20.0,161.0
NCBP2,24.0,12.0,16.0,35.0,38.0,132.0
NCKAP1,20.0,11.0,51.0,30.0,16.0,129.0
NCLN,26.0,11.0,16.0,20.0,35.0,112.0
NDOR1,16.0,12.0,17.0,15.0,58.0,127.0
NDUFA11,55.0,22.0,19.0,30.0,31.0,158.0
NDUFA12,32.0,13.0,29.0,39.0,33.0,156.0
NDUFA3,18.0,13.0,24.0,24.0,59.0,147.0
NDUFA4,13.0,11.0,13.0,19.0,37.0,98.0
NDUFA6,11.0,9.0,41.0,19.0,25.0,107.0
NDUFA8,43.0,27.0,31.0,20.0,30.0,141.0
NDUFAB1,34.0,21.0,20.0,61.0,18.0,154.0
NDUFB10,50.0,28.0,18.0,38.0,21.0,155.0
NDUFB4,29.0,31.0,21.0,24.0,18.0,123.0
NDUFS4,34.0,33.0,21.0,27.0,17.0,137.0
NECAP1,24.0,19.0,46.0,54.0,25.0,166.0
NEFM,16.0,11.0,54.0,18.0,20.0,122.0
NEK2,35.0,16.0,22.0,62.0,15.0,158.0
NEK5,27.0,10.0,16.0,55.0,43.0,164.0
NEK6,21.0,20.0,30.0,22.0,33.0,134.0
NEK8,22.0,15.0,22.0,32.0,36.0,137.0
NELFB,24.0,13.0,23.0,25.0,42.0,128.0
NELFCD,16.0,12.0,25.0,35.0,32.0,115.0
NEUROD2,21.0,19.0,26.0,61.0,22.0,161.0
NFE2L2,37.0,20.0,21.0,48.0,30.0,156.0
NFKBIB,18.0,12.0,30.0,26.0,60.0,152.0
NFS1,30.0,11.0,25.0,22.0,38.0,124.0
NFYC,47.0,23.0,29.0,38.0,15.0,165.0
NGFR,23.0,12.0,41.0,38.0,24.0,140.0
NGRN,15.0,11.0,15.0,13.0,46.0,104.0
NHLRC4,44.0,19.0,24.0,23.0,16.0,126.0
NIF3L1,31.0,31.0,18.0,17.0,20.0,115.0
NIN,19.0,41.0,15.0,11.0,27.0,112.0
NIPSNAP3A,36.0,18.0,42.0,36.0,12.0,150.0
NLRP11,18.0,14.0,27.0,27.0,71.0,155.0
NME3,12.0,9.0,17.0,16.0,38.0,99.0
NME9,12.0,12.0,14.0,14.0,33.0,86.0
NMNAT2,37.0,17.0,17.0,59.0,15.0,150.0
NMRAL1,14.0,13.0,41.0,32.0,21.0,117.0
NNT,20.0,32.0,13.0,31.0,16.0,116.0
NOL12,40.0,24.0,21.0,36.0,19.0,149.0
NOL9,22.0,16.0,40.0,49.0,20.0,165.0
NOM1,26.0,16.0,36.0,58.0,19.0,153.0
NOMO1,26.0,32.0,19.0,49.0,21.0,156.0
NONO,37.0,18.0,18.0,13.0,21.0,109.0
NOP14,31.0,21.0,34.0,58.0,17.0,164.0
NOP53,20.0,24.0,28.0,28.0,20.0,129.0
NOTO,32.0,12.0,28.0,28.0,34.0,144.0
NOXO1,55.0,46.0,19.0,22.0,20.0,160.0
NPAS2,22.0,15.0,21.0,30.0,33.0,136.0
NPHS1,28.0,17.0,34.0,61.0,10.0,151.0
NPIPA1,24.0,16.0,20.0,57.0,17.0,136.0
NPIPB4,27.0,15.0,27.0,45.0,42.0,155.0
NPIPB6,42.0,16.0,16.0,21.0,17.0,114.0
NPTXR,42.0,20.0,13.0,23.0,16.0,112.0
NR4A3,15.0,12.0,63.0,15.0,12.0,121.0
NRBP1,52.0,19.0,26.0,42.0,16.0,157.0
NRP2,15.0,11.0,18.0,37.0,41.0,132.0
NRXN1,10.0,14.0,21.0,20.0,36.0,107.0
NRXN2,22.0,16.0,38.0,59.0,22.0,159.0
NSDHL,13.0,10.0,18.0,32.0,36.0,109.0
NSFL1C,24.0,17.0,37.0,18.0,24.0,129.0
NSUN5,15.0,11.0,12.0,30.0,32.0,106.0
NT5C,30.0,29.0,22.0,20.0,16.0,123.0
NT5DC2,17.0,12.0,20.0,20.0,33.0,115.0
NTRK3,32.0,39.0,16.0,15.0,18.0,123.0
NUAK1,31.0,11.0,21.0,65.0,26.0,166.0
NUDT4,20.0,16.0,33.0,54.0,17.0,153.0
NUDT8,21.0,17.0,44.0,47.0,17.0,150.0
NUF2,22.0,14.0,30.0,38.0,32.0,140.0
NUFIP1,26.0,15.0,21.0,62.0,33.0,155.0
NUP188,17.0,10.0,20.0,15.0,35.0,107.0
NUP205,26.0,16.0,21.0,32.0,33.0,128.0
NUP88,38.0,26.0,20.0,36.0,20.0,164.0
NUPR1,24.0,12.0,23.0,58.0,23.0,151.0
NXF1,30.0,16.0,21.0,38.0,52.0,159.0
NXPH2,15.0,11.0,11.0,22.0,40.0,101.0
OAS2,16.0,15.0,15.0,67.0,16.0,139.0
OAZ3,19.0,11.0,70.0,26.0,19.0,145.0
OCA2,19.0,21.0,24.0,55.0,10.0,135.0
OGDH,45.0,43.0,21.0,23.0,17.0,151.0
OLFM1,17.0,10.0,38.0,34.0,16.0,126.0
OPA3,36.0,28.0,27.0,24.0,35.0,158.0
OR11H7,20.0,11.0,42.0,43.0,14.0,139.0
OR2AG2,26.0,32.0,27.0,54.0,18.0,151.0
OR2AT4,41.0,19.0,14.0,17.0,21.0,118.0
OR4C6,39.0,20.0,33.0,52.0,16.0,163.0
ORAI3,18.0,15.0,32.0,24.0,41.0,133.0
ORC1,25.0,29.0,28.0,27.0,36.0,162.0
ORC4,16.0,15.0,17.0,54.0,11.0,119.0
OSBPL10,25.0,8.0,16.0,56.0,18.0,132.0
OSBPL5,47.0,29.0,18.0,26.0,15.0,138.0
OSBPL8,26.0,11.0,48.0,13.0,19.0,122.0
OSGIN1,17.0,26.0,26.0,16.0,18.0,105.0
OTUB1,28.0,30.0,24.0,25.0,16.0,120.0
OTUD5,16.0,13.0,19.0,30.0,36.0,122.0
OXSM,18.0,19.0,46.0,51.0,11.0,139.0
P2RY1,19.0,12.0,42.0,20.0,36.0,139.0
P2RY11,37.0,20.0,15.0,35.0,22.0,129.0
P2RY14,16.0,10.0,28.0,61.0,14.0,137.0
P3H3,40.0,27.0,15.0,13.0,22.0,116.0
PABPN1,23.0,16.0,49.0,26.0,33.0,144.0
PACS1,15.0,12.0,38.0,15.0,15.0,110.0
PAF1,18.0,10.0,28.0,28.0,63.0,153.0
PAFAH1B2,54.0,17.0,21.0,18.0,26.0,135.0
PAK6,30.0,14.0,13.0,23.0,44.0,128.0
PALB2,36.0,14.0,40.0,47.0,25.0,165.0
PAPOLG,47.0,13.0,19.0,12.0,12.0,101.0
PAQR8,12.0,16.0,14.0,18.0,45.0,114.0
PARD6B,34.0,27.0,25.0,38.0,16.0,143.0
PARL,21.0,24.0,16.0,8.0,21.0,101.0
PARP10,43.0,31.0,17.0,34.0,24.0,162.0
PAX5,13.0,28.0,16.0,16.0,13.0,90.0
PBX2,21.0,9.0,27.0,31.0,42.0,140.0
PCBD1,16.0,17.0,33.0,54.0,21.0,152.0
PCBP1,29.0,20.0,40.0,20.0,12.0,132.0
PCBP3,20.0,9.0,13.0,46.0,46.0,145.0
PCDH12,19.0,11.0,23.0,63.0,20.0,136.0
PCDH7,42.0,23.0,16.0,15.0,20.0,114.0
PCDHA8,25.0,15.0,16.0,58.0,17.0,142.0
PCDHB12,17.0,11.0,22.0,34.0,35.0,129.0
PCDHGA6,15.0,11.0,46.0,22.0,46.0,147.0
PCDHGB5,22.0,13.0,23.0,22.0,35.0,114.0
PCGF2,31.0,16.0,47.0,14.0,15.0,122.0
PCIF1,23.0,34.0,20.0,13.0,15.0,111.0
PCM1,21.0,26.0,10.0,17.0,12.0,92.0
PCMTD2,18.0,25.0,12.0,25.0,20.0,100.0
PCNT,25.0,20.0,23.0,53.0,17.0,141.0
PDAP1,28.0,29.0,37.0,31.0,21.0,152.0
PDE12,15.0,10.0,28.0,20.0,37.0,116.0
PDE1C,12.0,10.0,12.0,10.0,37.0,87.0
PDGFB,36.0,24.0,23.0,29.0,15.0,132.0
PDGFD,23.0,62.0,18.0,37.0,12.0,150.0
PDHB,21.0,36.0,51.0,31.0,13.0,154.0
PDIA2,39.0,21.0,17.0,32.0,19.0,131.0
PDLIM4,19.0,12.0,24.0,46.0,42.0,161.0
PDXDC1,38.0,21.0,23.0,36.0,21.0,142.0
PDZD2,16.0,16.0,39.0,57.0,15.0,147.0
PDZD4,29.0,26.0,17.0,35.0,20.0,133.0
PDZK1,19.0,13.0,30.0,35.0,46.0,157.0
PELP1,13.0,13.0,48.0,29.0,15.0,122.0
PFDN5,11.0,11.0,17.0,11.0,40.0,92.0
PFN2,17.0,10.0,17.0,53.0,17.0,132.0
PGBD4,32.0,44.0,14.0,17.0,14.0,122.0
PHF13,31.0,13.0,38.0,15.0,24.0,132.0
PHKB,37.0,32.0,19.0,44.0,18.0,153.0
PHLDB3,17.0,26.0,13.0,35.0,22.0,124.0
PHTF2,18.0,14.0,20.0,32.0,33.0,111.0
PI3,26.0,12.0,22.0,37.0,37.0,144.0
PIANP,40.0,23.0,18.0,47.0,23.0,151.0
PIAS2,50.0,26.0,14.0,23.0,16.0,132.0
PICALM,27.0,31.0,24.0,38.0,17.0,142.0
PICK1,40.0,17.0,26.0,40.0,9.0,129.0
PIGQ,30.0,40.0,15.0,21.0,20.0,127.0
PIGW,23.0,13.0,37.0,43.0,19.0,144.0
PIH1D3,17.0,9.0,12.0,17.0,72.0,133.0
PIK3CB,14.0,10.0,46.0,34.0,19.0,127.0
PIK3R4,15.0,15.0,75.0,33.0,15.0,155.0
PIK3R6,30.0,27.0,24.0,15.0,11.0,120.0
PIP5K1A,25.0,10.0,33.0,21.0,60.0,152.0
PITPNM3,37.0,26.0,24.0,21.0,21.0,130.0
PITRM1,40.0,24.0,25.0,23.0,16.0,129.0
PKLR,38.0,27.0,26.0,23.0,24.0,153.0
PKP4,12.0,25.0,14.0,9.0,11.0,74.0
PLAC8,19.0,13.0,21.0,48.0,45.0,150.0
PLCH2,35.0,40.0,27.0,15.0,24.0,137.0
PLCXD1,16.0,14.0,37.0,33.0,19.0,117.0
PLEKHD1,28.0,27.0,11.0,13.0,14.0,95.0
PLEKHF1,34.0,16.0,32.0,54.0,22.0,155.0
PLEKHG6,30.0,24.0,28.0,26.0,14.0,142.0
PLET1,41.0,24.0,23.0,36.0,11.0,133.0
PLSCR1,28.0,24.0,19.0,34.0,29.0,146.0
PLSCR4,21.0,26.0,32.0,33.0,28.0,159.0
PLXNA2,24.0,13.0,39.0,54.0,21.0,152.0
PMCH,32.0,36.0,14.0,14.0,15.0,119.0
PMEL,20.0,10.0,22.0,32.0,46.0,133.0
PML,21.0,21.0,24.0,18.0,40.0,134.0
PMPCA,37.0,19.0,31.0,21.0,19.0,133.0
PNKD,35.0,42.0,15.0,15.0,21.0,135.0
PNMA2,25.0,15.0,25.0,24.0,44.0,134.0
PNMA3,20.0,10.0,15.0,64.0,27.0,151.0
PNP,22.0,11.0,25.0,22.0,60.0,138.0
PNPO,12.0,14.0,13.0,20.0,34.0,95.0
POLD1,22.0,15.0,22.0,30.0,34.0,136.0
POLR1A,21.0,20.0,49.0,23.0,21.0,135.0
POLR2E,13.0,12.0,17.0,63.0,17.0,138.0
POLR2J3,24.0,12.0,55.0,27.0,46.0,163.0
POLR2M,23.0,24.0,17.0,18.0,15.0,109.0
POLR3A,23.0,20.0,16.0,32.0,33.0,139.0
POLR3B,17.0,13.0,22.0,53.0,13.0,132.0
POLR3H,12.0,11.0,13.0,22.0,47.0,105.0
POLR3K,20.0,11.0,37.0,13.0,18.0,109.0
POLRMT,38.0,12.0,20.0,15.0,12.0,107.0
POMZP3,37.0,34.0,28.0,16.0,29.0,137.0
PON1,40.0,24.0,21.0,44.0,21.0,159.0
POU6F1,23.0,19.0,33.0,58.0,17.0,158.0
PPAPDC2,33.0,20.0,42.0,29.0,16.0,145.0
PPARA,43.0,47.0,17.0,13.0,21.0,140.0
PPCDC,25.0,13.0,24.0,27.0,35.0,126.0
PPFIBP1,40.0,15.0,24.0,31.0,26.0,132.0
PPHLN1,13.0,13.0,19.0,66.0,44.0,164.0
PPIF,21.0,13.0,41.0,28.0,21.0,125.0
PPIL2,25.0,17.0,37.0,57.0,16.0,159.0
PPIL4,19.0,35.0,26.0,21.0,10.0,127.0
PPIP5K2,14.0,9.0,32.0,21.0,32.0,115.0
PPM1A,26.0,29.0,23.0,46.0,27.0,162.0
PPM1B,28.0,26.0,18.0,26.0,23.0,125.0
PPM1G,17.0,20.0,70.0,28.0,20.0,152.0
PPM1J,22.0,12.0,22.0,61.0,18.0,145.0
PPM1L,20.0,16.0,34.0,23.0,42.0,145.0
PPP1R10,28.0,15.0,34.0,21.0,43.0,146.0
PPP1R11,25.0,16.0,47.0,40.0,25.0,155.0
PPP1R2B,39.0,19.0,16.0,22.0,21.0,121.0
PPP1R32,21.0,9.0,29.0,12.0,33.0,122.0
PPP1R35,30.0,13.0,37.0,32.0,44.0,150.0
PPP1R3C,42.0,18.0,51.0,21.0,20.0,160.0
PPP1R3F,46.0,25.0,20.0,23.0,15.0,127.0
PPP1R8,22.0,14.0,40.0,36.0,30.0,152.0
PPP2R2A,13.0,11.0,40.0,29.0,13.0,101.0
PPP2R3A,14.0,10.0,15.0,54.0,17.0,116.0
PPP2R5C,23.0,15.0,39.0,43.0,17.0,147.0
PPP3R1,20.0,19.0,18.0,63.0,14.0,138.0
PPP4R1,11.0,11.0,19.0,56.0,14.0,123.0
PPP5C,17.0,24.0,10.0,23.0,12.0,100.0
PPTC7,50.0,19.0,17.0,32.0,10.0,139.0
PQLC3,13.0,10.0,46.0,29.0,13.0,118.0
PRCD,19.0,16.0,41.0,30.0,23.0,136.0
PRCP,16.0,12.0,45.0,20.0,24.0,122.0
PRDM4,37.0,16.0,16.0,28.0,16.0,113.0
PRDX5,14.0,24.0,15.0,15.0,14.0,82.0
PRELID3B,31.0,23.0,61.0,25.0,22.0,161.0
PREPL,20.0,12.0,56.0,41.0,19.0,153.0
PRG4,21.0,13.0,35.0,30.0,35.0,140.0
PRH1,24.0,12.0,46.0,25.0,12.0,130.0
PRH2,38.0,38.0,21.0,22.0,23.0,142.0
PRICKLE1,11.0,11.0,17.0,20.0,42.0,97.0
PRICKLE3,18.0,12.0,43.0,17.0,17.0,109.0
PRKACA,21.0,11.0,22.0,59.0,27.0,150.0
PRKAG1,39.0,24.0,23.0,41.0,16.0,150.0
PRKAR1B,20.0,10.0,23.0,23.0,34.0,112.0
PRKCA,31.0,20.0,23.0,54.0,15.0,152.0
PRKCQ,39.0,15.0,43.0,35.0,27.0,159.0
PRMT1,39.0,25.0,24.0,34.0,42.0,163.0
PROX1,32.0,13.0,37.0,45.0,14.0,144.0
PRR12,21.0,12.0,17.0,43.0,35.0,131.0
PRR14,46.0,30.0,28.0,38.0,15.0,164.0
PRRC2C,29.0,15.0,47.0,37.0,13.0,146.0
PRRX1,18.0,22.0,43.0,46.0,17.0,164.0
PRSS35,24.0,15.0,50.0,41.0,19.0,148.0
PRSS53,24.0,34.0,15.0,22.0,20.0,120.0
PSCA,14.0,8.0,17.0,20.0,44.0,108.0
PSENEN,14.0,11.0,18.0,22.0,47.0,115.0
PSG1,27.0,14.0,46.0,28.0,21.0,130.0
PSG11,27.0,25.0,38.0,52.0,22.0,159.0
PSG2,26.0,15.0,19.0,57.0,25.0,148.0
PSG6,33.0,25.0,21.0,59.0,13.0,149.0
PSG7,17.0,12.0,19.0,71.0,24.0,144.0
PSMA2,23.0,9.0,25.0,43.0,41.0,162.0
PSMA4,25.0,12.0,26.0,41.0,32.0,155.0
PSMB1,23.0,11.0,51.0,30.0,21.0,142.0
PSMB2,27.0,15.0,31.0,28.0,52.0,165.0
PSMC1,39.0,11.0,19.0,20.0,20.0,113.0
PSMC2,22.0,11.0,47.0,36.0,25.0,147.0
PSMC5,22.0,12.0,31.0,31.0,46.0,142.0
PSMD1,17.0,15.0,15.0,26.0,34.0,107.0
PSMD2,18.0,9.0,13.0,18.0,92.0,166.0
PSMD4,25.0,13.0,41.0,72.0,15.0,162.0
PSMD7,22.0,12.0,28.0,32.0,36.0,148.0
PSMF1,18.0,10.0,13.0,54.0,19.0,120.0
PSMG1,26.0,33.0,19.0,25.0,16.0,116.0
PSPN,14.0,13.0,16.0,66.0,21.0,139.0
PTDSS1,46.0,22.0,27.0,39.0,10.0,144.0
PTGDR2,36.0,36.0,20.0,29.0,26.0,159.0
PTGES2,15.0,13.0,35.0,34.0,32.0,127.0
PTGES3L-AARSD1,31.0,28.0,28.0,23.0,44.0,160.0
PTGS2,20.0,11.0,29.0,37.0,62.0,164.0
PTH1R,40.0,19.0,14.0,8.0,17.0,109.0
PTH2R,22.0,12.0,47.0,34.0,13.0,135.0
PTHLH,29.0,39.0,29.0,21.0,17.0,137.0
PTK2,20.0,10.0,22.0,30.0,38.0,126.0
PTK6,21.0,15.0,20.0,59.0,13.0,131.0
PTK7,39.0,15.0,38.0,40.0,19.0,160.0
PTPN11,18.0,13.0,15.0,71.0,33.0,152.0
PTPN23,25.0,11.0,48.0,23.0,29.0,133.0
PTPN3,14.0,8.0,15.0,34.0,53.0,135.0
PTPN4,40.0,13.0,16.0,24.0,17.0,114.0
PTPN5,36.0,19.0,28.0,58.0,16.0,165.0
PTPRJ,23.0,16.0,64.0,28.0,25.0,162.0
PTPRM,19.0,17.0,19.0,54.0,16.0,134.0
PUM2,37.0,14.0,18.0,58.0,27.0,165.0
PUS1,14.0,9.0,11.0,12.0,36.0,92.0
PUS7L,48.0,22.0,17.0,52.0,12.0,159.0
PWP1,23.0,12.0,29.0,54.0,22.0,145.0
PXDNL,24.0,24.0,19.0,36.0,16.0,127.0
PXK,22.0,12.0,14.0,17.0,32.0,109.0
PXMP4,18.0,16.0,17.0,26.0,35.0,116.0
PXN,38.0,15.0,21.0,31.0,29.0,151.0
PYDC5,33.0,26.0,23.0,32.0,13.0,135.0
PYGB,26.0,8.0,39.0,32.0,26.0,131.0
PYGL,35.0,31.0,21.0,21.0,16.0,132.0
PYROXD2,22.0,24.0,32.0,20.0,15.0,113.0
QPRT,23.0,17.0,17.0,66.0,22.0,148.0
RAB11FIP1,25.0,24.0,14.0,12.0,16.0,96.0
RAB18,23.0,10.0,43.0,31.0,21.0,140.0
RAB26,16.0,14.0,19.0,55.0,14.0,124.0
RAB2A,17.0,17.0,88.0,16.0,23.0,163.0
RAB3IL1,20.0,16.0,21.0,47.0,37.0,151.0
RAB40AL,23.0,25.0,28.0,44.0,25.0,148.0
RAB41,20.0,11.0,16.0,61.0,12.0,126.0
RAB44,26.0,12.0,21.0,14.0,37.0,116.0
RAB4B,27.0,16.0,28.0,53.0,22.0,159.0
RAB6A,30.0,15.0,41.0,26.0,14.0,137.0
RAB6C,28.0,19.0,41.0,23.0,24.0,136.0
RAB7B,39.0,16.0,17.0,28.0,19.0,120.0
RABEP2,37.0,17.0,39.0,21.0,21.0,138.0
RAD51C,39.0,21.0,19.0,27.0,19.0,129.0
RAI1,39.0,23.0,17.0,22.0,22.0,123.0
RALB,12.0,9.0,16.0,64.0,12.0,128.0
RAP1A,38.0,47.0,30.0,24.0,21.0,157.0
RAP1GAP,40.0,20.0,16.0,14.0,30.0,125.0
RAPH1,13.0,27.0,15.0,19.0,17.0,102.0
RASA4,21.0,11.0,29.0,27.0,48.0,142.0
RASSF3,21.0,14.0,12.0,57.0,15.0,128.0
RAVER2,19.0,16.0,22.0,53.0,22.0,140.0
RBBP4,27.0,14.0,16.0,17.0,32.0,109.0
RBBP5,38.0,20.0,21.0,44.0,36.0,163.0
RBBP7,31.0,12.0,19.0,24.0,36.0,123.0
RBBP8NL,22.0,16.0,39.0,50.0,17.0,150.0
RBFOX2,36.0,19.0,43.0,32.0,30.0,162.0
RBM20,17.0,16.0,37.0,24.0,23.0,123.0
RBM38,39.0,35.0,30.0,28.0,14.0,155.0
RBM47,14.0,12.0,38.0,18.0,21.0,100.0
RBM48,33.0,24.0,27.0,33.0,32.0,155.0
RBP3,31.0,14.0,30.0,37.0,40.0,164.0
RBPJ,58.0,21.0,23.0,37.0,20.0,158.0
RCAN1,47.0,24.0,14.0,34.0,13.0,145.0
RCVRN,17.0,13.0,14.0,71.0,23.0,140.0
RECQL4,32.0,18.0,16.0,54.0,18.0,144.0
REEP3,26.0,22.0,21.0,60.0,20.0,161.0
REEP5,14.0,14.0,30.0,20.0,35.0,112.0
RELL2,22.0,14.0,49.0,24.0,33.0,144.0
REPS2,14.0,8.0,13.0,9.0,32.0,78.0
RER1,22.0,13.0,16.0,14.0,42.0,121.0
RET,24.0,19.0,26.0,61.0,26.0,159.0
RFK,30.0,19.0,25.0,59.0,18.0,156.0
RFLNB,13.0,12.0,18.0,21.0,37.0,102.0
RFPL2,24.0,25.0,16.0,12.0,16.0,92.0
RFPL4AL1,23.0,14.0,27.0,59.0,24.0,157.0
RFTN1,11.0,10.0,19.0,27.0,41.0,113.0
RFTN2,23.0,15.0,52.0,36.0,23.0,151.0
RFX3,24.0,17.0,41.0,28.0,17.0,134.0
RGL4,13.0,11.0,19.0,68.0,29.0,154.0
RGPD2,32.0,25.0,22.0,41.0,24.0,149.0
RGPD4,37.0,19.0,17.0,29.0,17.0,129.0
RGS11,46.0,15.0,25.0,35.0,17.0,155.0
RGS2,24.0,15.0,22.0,30.0,42.0,145.0
RHBDD3,48.0,23.0,42.0,31.0,17.0,159.0
RHBG,31.0,19.0,16.0,57.0,16.0,140.0
RHOH,29.0,18.0,39.0,38.0,12.0,132.0
RHOT1,16.0,17.0,39.0,40.0,14.0,136.0
RIBC2,12.0,15.0,48.0,20.0,18.0,119.0
RIC8B,28.0,21.0,21.0,23.0,65.0,155.0
RILPL2,12.0,12.0,19.0,13.0,32.0,96.0
RIMBP2,27.0,12.0,39.0,20.0,15.0,117.0
RIMKLB,16.0,14.0,51.0,39.0,23.0,149.0
RIMS1,18.0,11.0,26.0,15.0,78.0,149.0
RIOK1,13.0,15.0,36.0,34.0,39.0,140.0
RIOK3,54.0,20.0,19.0,12.0,14.0,127.0
RIPK1,30.0,12.0,16.0,40.0,37.0,144.0
RLN2,41.0,16.0,18.0,41.0,15.0,135.0
RNASE4,41.0,28.0,17.0,11.0,12.0,118.0
RNASEH2C,23.0,10.0,37.0,26.0,20.0,121.0
RND2,37.0,24.0,24.0,54.0,22.0,161.0
RNF103-CHMP3,14.0,16.0,29.0,28.0,38.0,137.0
RNF130,31.0,19.0,29.0,57.0,20.0,156.0
RNF138,37.0,14.0,21.0,27.0,21.0,124.0
RNF139,22.0,15.0,39.0,54.0,23.0,166.0
RNF14,22.0,16.0,52.0,29.0,17.0,142.0
RNF145,14.0,13.0,52.0,19.0,19.0,120.0
RNF150,14.0,13.0,17.0,41.0,34.0,125.0
RNF166,19.0,15.0,10.0,15.0,34.0,95.0
RNF217,12.0,8.0,17.0,18.0,69.0,132.0
RNF24,16.0,11.0,14.0,87.0,10.0,148.0
RNF38,23.0,10.0,13.0,11.0,36.0,96.0
RNF39,20.0,16.0,27.0,56.0,25.0,148.0
RNF40,19.0,15.0,29.0,61.0,17.0,144.0
RNFT2,42.0,16.0,32.0,20.0,25.0,133.0
ROBO1,29.0,36.0,20.0,14.0,11.0,108.0
ROCK2,13.0,10.0,17.0,30.0,77.0,159.0
ROGDI,25.0,13.0,52.0,18.0,21.0,126.0
RP1,38.0,19.0,17.0,23.0,19.0,119.0
RPEL1,26.0,12.0,32.0,35.0,44.0,155.0
RPF1,20.0,11.0,25.0,56.0,23.0,151.0
RPL23,21.0,16.0,32.0,23.0,33.0,134.0
RPL24,40.0,51.0,20.0,26.0,24.0,163.0
RPL28,31.0,24.0,23.0,28.0,25.0,137.0
RPL39,21.0,18.0,51.0,40.0,16.0,156.0
RPL4,33.0,16.0,44.0,43.0,20.0,162.0
RPL5,29.0,20.0,20.0,44.0,33.0,154.0
RPN1,19.0,18.0,35.0,18.0,61.0,156.0
RPRD1B,31.0,18.0,28.0,37.0,35.0,160.0
RPRM,27.0,18.0,18.0,34.0,45.0,153.0
RPS11,23.0,13.0,64.0,37.0,23.0,156.0
RPS15,29.0,12.0,34.0,34.0,50.0,162.0
RPS16,31.0,14.0,30.0,27.0,52.0,161.0
RPS19,26.0,20.0,48.0,41.0,17.0,150.0
RPS2,22.0,14.0,37.0,24.0,13.0,110.0
RPS24,35.0,22.0,28.0,31.0,39.0,162.0
RPS6KA5,12.0,12.0,13.0,8.0,45.0,95.0
RPSA,27.0,14.0,19.0,64.0,17.0,146.0
RPUSD1,18.0,15.0,27.0,56.0,14.0,136.0
RRAGA,26.0,14.0,13.0,25.0,48.0,140.0
RRH,12.0,14.0,27.0,54.0,17.0,126.0
RRP12,45.0,33.0,35.0,35.0,12.0,166.0
RSBN1,19.0,26.0,22.0,12.0,10.0,91.0
RSL1D1,36.0,14.0,26.0,62.0,16.0,166.0
RSL24D1,27.0,16.0,59.0,33.0,29.0,164.0
RSPH1,22.0,12.0,35.0,32.0,49.0,158.0
RSPH10B2,27.0,11.0,38.0,21.0,43.0,141.0
RSRC2,23.0,17.0,35.0,60.0,18.0,162.0
RSRP1,25.0,23.0,18.0,69.0,20.0,164.0
RTN4IP1,23.0,14.0,45.0,36.0,31.0,152.0
RTN4RL2,37.0,20.0,20.0,37.0,18.0,132.0
RUVBL1,24.0,16.0,18.0,35.0,50.0,150.0
S1PR3,15.0,9.0,13.0,24.0,37.0,104.0
SACM1L,23.0,26.0,46.0,18.0,18.0,130.0
SALL2,22.0,12.0,29.0,27.0,40.0,142.0
SAMSN1,29.0,24.0,23.0,29.0,22.0,136.0
SAR1A,28.0,26.0,13.0,9.0,12.0,99.0
SARNP,38.0,23.0,40.0,27.0,26.0,152.0
SART1,36.0,12.0,22.0,21.0,47.0,144.0
SBDS,24.0,15.0,51.0,17.0,19.0,132.0
SBK1,25.0,17.0,19.0,78.0,16.0,159.0
SBNO1,26.0,15.0,28.0,20.0,68.0,155.0
SCAF1,39.0,12.0,59.0,23.0,25.0,157.0
SCAND1,20.0,26.0,25.0,35.0,22.0,129.0
SCARB1,38.0,15.0,26.0,33.0,24.0,141.0
SCARF1,37.0,16.0,25.0,19.0,33.0,140.0
SCCPDH,22.0,15.0,53.0,19.0,38.0,153.0
SCD5,23.0,10.0,19.0,14.0,47.0,124.0
SCNN1A,25.0,16.0,29.0,41.0,44.0,163.0
SCRIB,36.0,22.0,19.0,33.0,45.0,153.0
SCYL3,24.0,15.0,42.0,25.0,33.0,147.0
SDE2,18.0,11.0,21.0,54.0,34.0,149.0
SDHAF2,20.0,13.0,16.0,65.0,14.0,138.0
SDR42E1,14.0,10.0,68.0,37.0,32.0,160.0
SEC14L4,19.0,11.0,51.0,21.0,26.0,133.0
SEC23B,39.0,22.0,34.0,45.0,27.0,165.0
SEC24B,36.0,32.0,24.0,21.0,14.0,130.0
SEC31B,42.0,25.0,22.0,38.0,17.0,144.0
SEC61A1,20.0,11.0,13.0,38.0,49.0,139.0
SEC63,23.0,18.0,44.0,24.0,13.0,135.0
SELENBP1,26.0,25.0,19.0,18.0,24.0,113.0
SELT,40.0,12.0,29.0,29.0,22.0,143.0
SEM1,24.0,23.0,39.0,19.0,18.0,131.0
SEMA4A,32.0,13.0,54.0,24.0,25.0,155.0
SEMA4B,17.0,11.0,34.0,45.0,39.0,148.0
SEMA4F,16.0,14.0,19.0,54.0,19.0,129.0
SERPIND1,28.0,25.0,23.0,36.0,18.0,140.0
SERTAD1,26.0,14.0,48.0,60.0,21.0,162.0
SERTAD3,24.0,15.0,12.0,74.0,21.0,155.0
SETBP1,52.0,22.0,18.0,38.0,21.0,157.0
SETDB1,24.0,11.0,21.0,56.0,14.0,132.0
SF3B2,32.0,32.0,22.0,52.0,35.0,157.0
SFSWAP,18.0,13.0,39.0,43.0,21.0,138.0
SFT2D2,24.0,20.0,48.0,25.0,22.0,138.0
SGCB,14.0,9.0,22.0,25.0,35.0,105.0
SH2B2,26.0,33.0,17.0,13.0,18.0,105.0
SH3BP1,43.0,19.0,17.0,25.0,13.0,118.0
SH3BP4,26.0,17.0,31.0,67.0,17.0,160.0
SH3BP5,33.0,25.0,20.0,25.0,15.0,121.0
SH3BP5L,24.0,22.0,33.0,41.0,33.0,158.0
SH3YL1,25.0,15.0,19.0,23.0,43.0,124.0
SHC2,23.0,14.0,22.0,53.0,15.0,132.0
SHC4,33.0,11.0,45.0,31.0,36.0,160.0
SHE,35.0,24.0,24.0,37.0,20.0,145.0
SHISA2,29.0,26.0,19.0,23.0,10.0,114.0
SHISA4,22.0,19.0,22.0,27.0,35.0,130.0
SHKBP1,28.0,12.0,65.0,38.0,23.0,161.0
SIAH2,45.0,21.0,26.0,16.0,13.0,122.0
SIGIRR,39.0,29.0,35.0,25.0,20.0,150.0
SIPA1,25.0,17.0,19.0,16.0,35.0,103.0
SIRT5,26.0,8.0,29.0,26.0,46.0,146.0
SKIDA1,18.0,12.0,31.0,20.0,32.0,120.0
SLC11A2,15.0,12.0,13.0,18.0,34.0,94.0
SLC15A3,38.0,22.0,24.0,17.0,18.0,115.0
SLC16A13,21.0,11.0,41.0,30.0,19.0,129.0
SLC16A2,23.0,20.0,26.0,76.0,13.0,165.0
SLC17A3,11.0,10.0,25.0,9.0,39.0,95.0
SLC19A3,50.0,23.0,22.0,48.0,16.0,161.0
SLC22A4,47.0,32.0,20.0,20.0,13.0,138.0
SLC25A2,18.0,14.0,16.0,73.0,10.0,138.0
SLC25A21,14.0,8.0,21.0,20.0,51.0,124.0
SLC26A10,13.0,12.0,37.0,36.0,23.0,124.0
SLC2A6,21.0,11.0,17.0,58.0,12.0,131.0
SLC30A9,42.0,12.0,18.0,19.0,18.0,110.0
SLC31A2,24.0,13.0,37.0,32.0,17.0,126.0
SLC33A1,49.0,39.0,25.0,24.0,17.0,166.0
SLC35B3,42.0,18.0,13.0,10.0,8.0,94.0
SLC35F6,20.0,10.0,23.0,53.0,35.0,149.0
SLC35G5,15.0,19.0,44.0,15.0,27.0,118.0
SLC36A1,18.0,12.0,24.0,24.0,33.0,114.0
SLC39A1,42.0,15.0,17.0,17.0,23.0,114.0
SLC39A11,14.0,11.0,34.0,17.0,58.0,137.0
SLC43A1,12.0,10.0,18.0,19.0,36.0,95.0
SLC45A2,42.0,26.0,37.0,26.0,13.0,149.0
SLC4A10,30.0,31.0,23.0,13.0,26.0,127.0
SLC4A3,22.0,31.0,30.0,33.0,31.0,152.0
SLC4A7,37.0,9.0,15.0,17.0,17.0,99.0
SLC4A8,16.0,15.0,16.0,57.0,21.0,138.0
SLC5A11,27.0,16.0,40.0,13.0,21.0,120.0
SLC5A6,25.0,23.0,24.0,59.0,11.0,147.0
SLC6A19,19.0,15.0,15.0,61.0,21.0,140.0
SLC6A8,21.0,12.0,17.0,17.0,35.0,111.0
SLC9A6,30.0,25.0,16.0,20.0,19.0,115.0
SLC9B1,25.0,16.0,30.0,60.0,17.0,143.0
SLC9C2,20.0,16.0,16.0,25.0,32.0,120.0
SLPI,25.0,21.0,25.0,55.0,14.0,145.0
SLTM,19.0,11.0,61.0,17.0,39.0,153.0
SMAD1,43.0,15.0,31.0,30.0,17.0,140.0
SMAD4,23.0,12.0,16.0,19.0,38.0,112.0
SMAD7,26.0,12.0,41.0,31.0,24.0,145.0
SMC3,25.0,13.0,32.0,57.0,21.0,143.0
SMC6,41.0,11.0,16.0,30.0,16.0,126.0
SMCO3,36.0,24.0,12.0,15.0,14.0,102.0
SMG1,41.0,19.0,23.0,62.0,16.0,163.0
SMG7,38.0,17.0,30.0,43.0,19.0,156.0
SMIM26,14.0,10.0,31.0,17.0,39.0,120.0
SMIM5,20.0,15.0,23.0,26.0,32.0,127.0
SMTN,29.0,30.0,15.0,23.0,16.0,115.0
SMTNL1,24.0,10.0,19.0,53.0,17.0,120.0
SMUG1,24.0,14.0,39.0,22.0,16.0,115.0
SMURF1,17.0,10.0,19.0,18.0,40.0,110.0
SNAPC3,21.0,16.0,24.0,54.0,21.0,144.0
SNAPC4,23.0,16.0,20.0,57.0,14.0,134.0
SNED1,29.0,15.0,26.0,41.0,44.0,165.0
SNRNP25,39.0,17.0,30.0,38.0,24.0,148.0
SNRNP27,28.0,21.0,17.0,64.0,15.0,156.0
SNRNP70,17.0,13.0,23.0,42.0,52.0,146.0
SNRPA,28.0,14.0,55.0,28.0,15.0,138.0
SNRPB,29.0,18.0,30.0,35.0,44.0,162.0
SNRPD1,37.0,19.0,27.0,38.0,20.0,157.0
SNRPD2,16.0,15.0,34.0,37.0,53.0,156.0
SNRPF,18.0,14.0,16.0,63.0,14.0,129.0
SNX15,38.0,44.0,32.0,27.0,17.0,164.0
SNX18,30.0,26.0,32.0,19.0,22.0,131.0
SNX21,33.0,25.0,20.0,56.0,14.0,161.0
SNX9,28.0,12.0,15.0,53.0,10.0,127.0
SOBP,12.0,11.0,15.0,24.0,34.0,101.0
SOCS5,31.0,26.0,27.0,23.0,19.0,135.0
SOD1,24.0,16.0,23.0,56.0,23.0,150.0
SORBS1,24.0,16.0,23.0,55.0,16.0,143.0
SOS2,44.0,20.0,28.0,18.0,12.0,127.0
SOX10,16.0,9.0,19.0,23.0,33.0,104.0
SOX9,30.0,17.0,39.0,26.0,15.0,142.0
SP1,29.0,26.0,14.0,29.0,29.0,134.0
SP9,14.0,14.0,13.0,21.0,32.0,108.0
SPAG1,37.0,23.0,20.0,28.0,22.0,136.0
SPANXC,13.0,13.0,18.0,15.0,32.0,97.0
SPANXD,16.0,15.0,54.0,22.0,26.0,134.0
SPATA32,33.0,15.0,19.0,58.0,25.0,166.0
SPATA4,39.0,25.0,18.0,34.0,16.0,142.0
SPATA7,35.0,21.0,20.0,44.0,39.0,162.0
SPDL1,19.0,9.0,14.0,22.0,36.0,114.0
SPDYE1,31.0,14.0,33.0,55.0,18.0,157.0
SPDYE2,19.0,9.0,21.0,30.0,67.0,152.0
SPDYE3,23.0,21.0,39.0,26.0,39.0,145.0
SPDYE5,17.0,17.0,19.0,66.0,16.0,136.0
SPECC1,15.0,10.0,39.0,26.0,39.0,138.0
SPEF1,20.0,12.0,15.0,18.0,40.0,118.0
SPIN4,26.0,28.0,62.0,18.0,14.0,155.0
SPN,22.0,24.0,31.0,31.0,16.0,125.0
SPOCD1,18.0,19.0,18.0,80.0,15.0,158.0
SPOPL,20.0,12.0,53.0,17.0,10.0,110.0
SPRED3,21.0,12.0,37.0,16.0,68.0,159.0
SPRR2D,25.0,24.0,15.0,37.0,25.0,121.0
SPRTN,43.0,19.0,24.0,42.0,21.0,159.0
SPRYD4,23.0,16.0,28.0,64.0,25.0,162.0
SPSB1,36.0,15.0,20.0,25.0,40.0,127.0
SPTAN1,33.0,21.0,15.0,58.0,18.0,162.0
SPTSSA,23.0,15.0,43.0,20.0,14.0,115.0
SPX,22.0,12.0,59.0,33.0,31.0,160.0
SQLE,16.0,10.0,38.0,43.0,10.0,122.0
SRBD1,33.0,26.0,31.0,27.0,24.0,147.0
SRF,27.0,13.0,62.0,28.0,28.0,164.0
SRP54,29.0,19.0,20.0,32.0,66.0,166.0
SRPX2,47.0,19.0,15.0,20.0,30.0,139.0
SRRD,18.0,10.0,14.0,16.0,71.0,136.0
SRSF10,20.0,20.0,42.0,14.0,11.0,107.0
SRSF4,12.0,12.0,15.0,20.0,54.0,122.0
SS18,19.0,18.0,22.0,48.0,36.0,150.0
SSB,25.0,10.0,24.0,65.0,17.0,166.0
SSU72,31.0,20.0,15.0,66.0,25.0,157.0
SSUH2,25.0,15.0,22.0,57.0,22.0,148.0
ST3GAL5,23.0,13.0,27.0,81.0,18.0,166.0
ST6GAL2,19.0,20.0,23.0,62.0,16.0,148.0
ST6GALNAC1,21.0,10.0,15.0,16.0,38.0,105.0
ST6GALNAC2,33.0,17.0,17.0,65.0,18.0,162.0
ST6GALNAC3,33.0,28.0,19.0,15.0,20.0,123.0
ST6GALNAC6,18.0,10.0,15.0,62.0,29.0,145.0
ST7,32.0,26.0,17.0,14.0,28.0,120.0
ST8SIA1,43.0,20.0,26.0,19.0,25.0,139.0
STAG1,22.0,20.0,19.0,30.0,39.0,147.0
STAM2,40.0,16.0,31.0,28.0,17.0,128.0
STARD3,27.0,16.0,12.0,72.0,24.0,163.0
STARD5,27.0,18.0,26.0,58.0,14.0,152.0
STARD7,22.0,14.0,44.0,37.0,32.0,163.0
STK10,13.0,10.0,14.0,23.0,33.0,93.0
STK11IP,25.0,24.0,18.0,16.0,14.0,106.0
STK35,14.0,19.0,56.0,32.0,26.0,157.0
STRIP1,25.0,22.0,15.0,57.0,20.0,152.0
STRN3,16.0,11.0,18.0,14.0,35.0,95.0
STRN4,26.0,30.0,20.0,13.0,14.0,109.0
STT3B,27.0,30.0,58.0,19.0,10.0,148.0
STUB1,19.0,16.0,26.0,16.0,47.0,123.0
STX11,37.0,21.0,21.0,26.0,19.0,129.0
STX18,16.0,10.0,28.0,32.0,41.0,142.0
STX3,14.0,10.0,16.0,16.0,35.0,102.0
STX5,9.0,9.0,43.0,18.0,9.0,90.0
STX7,40.0,22.0,15.0,32.0,16.0,127.0
STXBP4,30.0,26.0,13.0,25.0,12.0,112.0
STXBP6,16.0,11.0,53.0,20.0,11.0,117.0
STYK1,23.0,18.0,19.0,26.0,34.0,115.0
SUCLG2,21.0,16.0,38.0,41.0,31.0,158.0
SUGCT,13.0,11.0,22.0,11.0,38.0,106.0
SULF2,8.0,10.0,11.0,19.0,41.0,95.0
SULT1A3,19.0,38.0,19.0,24.0,25.0,128.0
SULT2B1,16.0,10.0,27.0,31.0,45.0,131.0
SUMO1,13.0,14.0,34.0,21.0,41.0,125.0
SUPT4H1,21.0,14.0,33.0,20.0,34.0,127.0
SUPT5H,12.0,10.0,29.0,24.0,70.0,150.0
SUPT6H,18.0,11.0,44.0,53.0,25.0,153.0
SUPV3L1,51.0,13.0,26.0,37.0,47.0,159.0
SURF2,29.0,17.0,40.0,24.0,16.0,134.0
SUSD2,24.0,11.0,43.0,14.0,26.0,123.0
SUSD4,33.0,34.0,28.0,44.0,16.0,154.0
SUSD6,25.0,24.0,22.0,11.0,16.0,105.0
SUV39H2,20.0,14.0,19.0,64.0,9.0,127.0
SUZ12,14.0,10.0,43.0,23.0,28.0,124.0
SVIP,29.0,15.0,18.0,60.0,18.0,135.0
SWSAP1,21.0,12.0,19.0,69.0,17.0,143.0
SYK,12.0,5.0,17.0,11.0,39.0,83.0
SYNCRIP,30.0,9.0,37.0,20.0,20.0,120.0
SYNGR2,26.0,15.0,25.0,68.0,16.0,150.0
SYT8,28.0,21.0,19.0,65.0,19.0,150.0
TADA2B,18.0,12.0,40.0,23.0,32.0,141.0
TAF1,13.0,14.0,11.0,69.0,27.0,139.0
TAF10,32.0,14.0,42.0,24.0,27.0,147.0
TAF1B,42.0,17.0,18.0,57.0,12.0,160.0
TAF5L,15.0,8.0,25.0,17.0,94.0,153.0
TAF7,17.0,10.0,47.0,27.0,45.0,156.0
TAGLN2,22.0,16.0,19.0,47.0,39.0,156.0
TAL2,28.0,54.0,27.0,29.0,18.0,147.0
TANC1,38.0,17.0,11.0,23.0,20.0,129.0
TARBP2,16.0,10.0,34.0,33.0,39.0,145.0
TAS2R50,22.0,16.0,17.0,27.0,33.0,116.0
TASP1,26.0,16.0,22.0,46.0,36.0,153.0
TAX1BP3,19.0,21.0,21.0,65.0,12.0,159.0
TAZ,40.0,30.0,14.0,16.0,8.0,111.0
TBC1D15,30.0,25.0,39.0,35.0,13.0,158.0
TBC1D17,24.0,18.0,26.0,54.0,17.0,135.0
TBCB,13.0,12.0,13.0,20.0,32.0,94.0
TBCE,9.0,10.0,18.0,30.0,48.0,123.0
TBL1XR1,29.0,14.0,9.0,33.0,46.0,143.0
TBL2,35.0,40.0,18.0,26.0,25.0,142.0
TBX15,13.0,24.0,14.0,8.0,12.0,72.0
TBX2,10.0,13.0,14.0,72.0,20.0,147.0
TBX20,32.0,25.0,22.0,36.0,34.0,159.0
TBXA2R,29.0,18.0,18.0,53.0,19.0,143.0
TCAF1,17.0,10.0,15.0,12.0,33.0,95.0
TCP1,37.0,14.0,58.0,26.0,19.0,162.0
TEAD1,24.0,15.0,26.0,42.0,56.0,165.0
TEKT2,36.0,36.0,37.0,18.0,11.0,136.0
TENM2,30.0,25.0,51.0,42.0,13.0,166.0
TEX14,45.0,23.0,22.0,34.0,18.0,144.0
TFAM,16.0,10.0,32.0,21.0,33.0,122.0
TFAP2C,25.0,27.0,14.0,18.0,11.0,96.0
TFB1M,17.0,12.0,36.0,21.0,50.0,137.0
TFDP1,35.0,24.0,26.0,17.0,14.0,124.0
TFF3,23.0,13.0,39.0,43.0,16.0,138.0
TGDS,16.0,19.0,20.0,34.0,50.0,146.0
TGFB3,23.0,27.0,25.0,45.0,20.0,148.0
TGFBR2,36.0,14.0,18.0,13.0,64.0,147.0
TGM2,42.0,33.0,19.0,32.0,12.0,151.0
THAP11,34.0,30.0,16.0,18.0,11.0,110.0
THAP6,24.0,36.0,50.0,19.0,18.0,161.0
THEMIS,27.0,22.0,54.0,19.0,32.0,166.0
THOC1,24.0,19.0,37.0,32.0,12.0,131.0
THRB,14.0,9.0,13.0,12.0,35.0,87.0
TICRR,36.0,25.0,29.0,41.0,26.0,162.0
TIGD1,33.0,11.0,23.0,75.0,16.0,166.0
TIGD6,26.0,16.0,16.0,69.0,18.0,148.0
TIMM10,36.0,17.0,10.0,78.0,17.0,163.0
TIMM13,21.0,13.0,41.0,38.0,28.0,145.0
TIMM22,46.0,18.0,16.0,22.0,21.0,133.0
TIMM23B,19.0,11.0,48.0,24.0,60.0,159.0
TIMM50,34.0,32.0,32.0,26.0,29.0,159.0
TIMM8A,15.0,33.0,13.0,14.0,11.0,92.0
TINF2,20.0,20.0,20.0,60.0,22.0,153.0
TIPIN,23.0,19.0,43.0,22.0,32.0,143.0
TK2,28.0,18.0,22.0,26.0,43.0,147.0
TLCD2,19.0,11.0,47.0,30.0,33.0,136.0
TLDC1,33.0,25.0,44.0,14.0,25.0,140.0
TLE1,27.0,12.0,22.0,36.0,51.0,151.0
TLK2,38.0,12.0,42.0,16.0,17.0,136.0
TLL1,26.0,14.0,32.0,58.0,18.0,157.0
TLN2,27.0,16.0,55.0,18.0,19.0,133.0
TLX2,24.0,26.0,20.0,71.0,16.0,161.0
TM2D1,40.0,17.0,21.0,29.0,17.0,122.0
TM4SF4,39.0,20.0,16.0,36.0,16.0,128.0
TM9SF1,22.0,30.0,33.0,49.0,14.0,153.0
TM9SF3,16.0,12.0,54.0,43.0,18.0,147.0
TMCC2,34.0,44.0,25.0,32.0,32.0,164.0
TMEM102,15.0,12.0,19.0,19.0,39.0,111.0
TMEM106C,21.0,11.0,14.0,60.0,12.0,124.0
TMEM126A,30.0,27.0,14.0,17.0,10.0,99.0
TMEM126B,33.0,14.0,26.0,33.0,35.0,149.0
TMEM139,15.0,9.0,19.0,18.0,34.0,104.0
TMEM151A,26.0,12.0,20.0,32.0,34.0,122.0
TMEM160,11.0,8.0,16.0,21.0,33.0,103.0
TMEM184A,45.0,30.0,30.0,38.0,17.0,161.0
TMEM187,16.0,15.0,37.0,30.0,22.0,124.0
TMEM19,43.0,24.0,17.0,21.0,25.0,135.0
TMEM240,37.0,21.0,21.0,24.0,12.0,117.0
TMEM242,34.0,26.0,16.0,10.0,12.0,102.0
TMEM251,41.0,31.0,13.0,20.0,22.0,135.0
TMEM255A,19.0,11.0,25.0,30.0,50.0,154.0
TMEM255B,35.0,13.0,62.0,21.0,16.0,149.0
TMEM37,25.0,27.0,9.0,13.0,10.0,88.0
TMEM45A,26.0,13.0,40.0,27.0,19.0,135.0
TMEM54,44.0,31.0,32.0,22.0,19.0,156.0
TMEM64,24.0,17.0,20.0,54.0,19.0,143.0
TMEM69,16.0,25.0,13.0,11.0,17.0,86.0
TMEM79,29.0,16.0,39.0,21.0,22.0,131.0
TMEM88,16.0,9.0,17.0,28.0,40.0,127.0
TMEM92,22.0,12.0,24.0,62.0,19.0,143.0
TMF1,30.0,17.0,37.0,31.0,20.0,144.0
TMSB4X,15.0,19.0,16.0,53.0,16.0,130.0
TNFRSF10A,25.0,19.0,19.0,45.0,32.0,140.0
TNFRSF6B,22.0,10.0,26.0,22.0,34.0,120.0
TNIP3,43.0,23.0,21.0,21.0,16.0,136.0
TNPO3,18.0,13.0,24.0,25.0,57.0,142.0
TOMM20,81.0,14.0,21.0,21.0,24.0,166.0
TOMM34,20.0,14.0,18.0,54.0,15.0,130.0
TOMM6,20.0,17.0,25.0,31.0,58.0,151.0
TONSL,27.0,13.0,22.0,56.0,24.0,157.0
TOP1,21.0,18.0,53.0,35.0,22.0,149.0
TOR4A,29.0,16.0,19.0,52.0,39.0,163.0
TP53,26.0,18.0,32.0,55.0,11.0,141.0
TP53I13,23.0,14.0,14.0,78.0,20.0,149.0
TP53TG3C,15.0,18.0,25.0,69.0,11.0,142.0
TPBG,45.0,16.0,18.0,18.0,13.0,113.0
TPCN2,22.0,18.0,15.0,16.0,39.0,114.0
TPM2,19.0,15.0,32.0,53.0,12.0,130.0
TPPP3,27.0,18.0,39.0,35.0,17.0,146.0
TPR,19.0,10.0,18.0,41.0,33.0,129.0
TRAF3,25.0,29.0,58.0,40.0,17.0,160.0
TRAM2,22.0,13.0,39.0,19.0,36.0,128.0
TRAPPC1,12.0,14.0,21.0,12.0,32.0,94.0
TRAPPC3,13.0,16.0,15.0,16.0,32.0,95.0
TREX2,19.0,10.0,40.0,14.0,24.0,116.0
TRIM21,9.0,11.0,12.0,18.0,46.0,104.0
TRIM24,30.0,17.0,29.0,64.0,14.0,161.0
TRIM25,18.0,9.0,54.0,19.0,16.0,120.0
TRIM29,15.0,11.0,9.0,54.0,9.0,108.0
TRIM37,16.0,11.0,60.0,30.0,22.0,134.0
TRIM50,27.0,17.0,81.0,16.0,21.0,156.0
TRIM56,22.0,12.0,25.0,22.0,57.0,143.0
TRIM67,22.0,14.0,13.0,53.0,18.0,125.0
TRIM73,25.0,12.0,31.0,30.0,46.0,160.0
TRMT112,23.0,30.0,26.0,35.0,17.0,137.0
TROVE2,27.0,17.0,38.0,21.0,40.0,148.0
TSC2,32.0,27.0,20.0,35.0,26.0,153.0
TSEN54,47.0,20.0,16.0,49.0,12.0,153.0
TSGA10IP,22.0,11.0,36.0,75.0,14.0,159.0
TSHZ1,30.0,23.0,65.0,26.0,16.0,157.0
TSPAN1,37.0,20.0,22.0,24.0,24.0,134.0
TSPAN14,22.0,15.0,38.0,50.0,16.0,148.0
TSPAN5,16.0,12.0,16.0,63.0,17.0,138.0
TSPO,32.0,31.0,19.0,26.0,21.0,130.0
TTC1,51.0,27.0,31.0,29.0,16.0,160.0
TTC27,12.0,12.0,13.0,17.0,46.0,108.0
TTC31,44.0,22.0,21.0,40.0,24.0,158.0
TTC38,36.0,27.0,10.0,12.0,11.0,95.0
TTLL3,26.0,17.0,42.0,35.0,17.0,153.0
TTLL6,21.0,9.0,46.0,20.0,15.0,118.0
TUBB4B,26.0,19.0,50.0,29.0,21.0,150.0
TUBE1,18.0,12.0,38.0,17.0,17.0,110.0
TUBG1,24.0,10.0,16.0,57.0,15.0,131.0
TUBGCP4,21.0,16.0,29.0,78.0,18.0,161.0
TULP4,12.0,10.0,24.0,27.0,37.0,118.0
TWF1,41.0,19.0,23.0,19.0,18.0,134.0
TXLNG,14.0,10.0,45.0,33.0,24.0,132.0
TXN2,14.0,11.0,9.0,17.0,36.0,92.0
TXNDC11,29.0,20.0,17.0,55.0,17.0,146.0
TXNDC15,14.0,11.0,37.0,28.0,19.0,106.0
TXNL1,21.0,13.0,14.0,58.0,19.0,133.0
TYK2,34.0,20.0,21.0,15.0,34.0,125.0
U2AF1,38.0,22.0,26.0,35.0,22.0,138.0
UBE2D3,32.0,29.0,21.0,35.0,20.0,138.0
UBE2E1,23.0,36.0,31.0,27.0,16.0,148.0
UBE2J2,33.0,28.0,25.0,21.0,15.0,122.0
UBE2M,20.0,16.0,24.0,24.0,37.0,123.0
UBE2W,23.0,18.0,24.0,55.0,11.0,150.0
UBQLNL,38.0,16.0,26.0,34.0,25.0,142.0
UBR5,26.0,33.0,20.0,11.0,22.0,120.0
UCK1,42.0,19.0,34.0,20.0,24.0,150.0
UCKL1,35.0,26.0,28.0,39.0,17.0,151.0
UCP1,16.0,11.0,21.0,57.0,18.0,140.0
UEVLD,38.0,17.0,34.0,20.0,11.0,126.0
UFSP1,17.0,12.0,16.0,17.0,32.0,102.0
UGT1A10,18.0,16.0,53.0,22.0,22.0,135.0
UHRF1BP1,28.0,28.0,20.0,33.0,33.0,141.0
UHRF1BP1L,14.0,8.0,14.0,24.0,41.0,115.0
ULK1,40.0,26.0,14.0,28.0,15.0,121.0
ULK4,21.0,15.0,40.0,60.0,11.0,164.0
UMPS,23.0,24.0,24.0,32.0,12.0,115.0
UNC119B,31.0,23.0,14.0,55.0,18.0,143.0
UNC13D,18.0,15.0,17.0,83.0,11.0,143.0
UNC50,16.0,21.0,45.0,27.0,17.0,131.0
UPK3B,29.0,11.0,39.0,26.0,33.0,142.0
UPK3BL2,27.0,17.0,42.0,39.0,33.0,165.0
UQCR10,33.0,17.0,14.0,33.0,45.0,158.0
UQCRQ,30.0,17.0,46.0,31.0,25.0,161.0
URGCP-MRPS24,31.0,34.0,19.0,12.0,14.0,112.0
URM1,41.0,28.0,14.0,20.0,18.0,121.0
USB1,21.0,15.0,30.0,29.0,54.0,157.0
USP16,45.0,19.0,24.0,18.0,15.0,123.0
USP34,22.0,30.0,29.0,18.0,11.0,121.0
USP39,26.0,12.0,40.0,51.0,29.0,164.0
USP42,22.0,18.0,42.0,27.0,38.0,161.0
USP43,17.0,8.0,25.0,18.0,48.0,120.0
USP7,34.0,16.0,17.0,60.0,17.0,158.0
USP8,26.0,16.0,80.0,24.0,20.0,166.0
UTP15,40.0,15.0,42.0,29.0,17.0,143.0
UTY,26.0,17.0,38.0,28.0,42.0,152.0
UVSSA,38.0,16.0,15.0,20.0,27.0,118.0
VARS,17.0,14.0,27.0,41.0,54.0,161.0
VAV1,14.0,14.0,13.0,12.0,34.0,93.0
VCL,23.0,24.0,23.0,29.0,15.0,112.0
VCP,16.0,11.0,21.0,15.0,34.0,102.0
VCPKMT,24.0,17.0,35.0,41.0,32.0,145.0
VDAC3,37.0,14.0,24.0,24.0,11.0,116.0
VEGFA,27.0,14.0,19.0,62.0,20.0,146.0
VGLL3,29.0,26.0,18.0,22.0,16.0,121.0
VMAC,38.0,27.0,23.0,24.0,30.0,143.0
VMO1,20.0,13.0,14.0,57.0,26.0,137.0
VNN2,19.0,16.0,38.0,20.0,44.0,146.0
VPS13D,34.0,19.0,26.0,27.0,56.0,160.0
VPS16,22.0,11.0,43.0,21.0,17.0,116.0
VPS35,23.0,14.0,39.0,43.0,24.0,147.0
VPS37A,18.0,13.0,41.0,40.0,17.0,124.0
VPS39,24.0,16.0,31.0,24.0,35.0,134.0
VPS51,16.0,12.0,65.0,48.0,13.0,157.0
VTI1B,32.0,18.0,20.0,56.0,21.0,151.0
VWA3A,27.0,14.0,39.0,29.0,15.0,125.0
WAS,34.0,32.0,24.0,34.0,21.0,149.0
WBP1L,18.0,16.0,17.0,76.0,14.0,140.0
WBP2,36.0,33.0,35.0,14.0,28.0,157.0
WDR11,22.0,23.0,38.0,22.0,34.0,141.0
WDR12,40.0,13.0,43.0,20.0,8.0,129.0
WDR20,32.0,12.0,18.0,30.0,34.0,128.0
WDR33,30.0,17.0,13.0,31.0,34.0,132.0
WDR36,18.0,12.0,37.0,46.0,24.0,142.0
WDR44,28.0,35.0,46.0,23.0,37.0,165.0
WDR45,26.0,15.0,13.0,57.0,18.0,139.0
WDR5,38.0,24.0,21.0,26.0,21.0,134.0
WDR60,15.0,11.0,15.0,17.0,37.0,103.0
WDR62,22.0,14.0,33.0,29.0,33.0,130.0
WDR7,16.0,16.0,68.0,29.0,23.0,153.0
WDR74,26.0,13.0,35.0,66.0,26.0,164.0
WDR83,39.0,30.0,23.0,20.0,24.0,140.0
WFS1,11.0,15.0,16.0,13.0,38.0,97.0
WIPI1,19.0,12.0,51.0,23.0,17.0,130.0
WRAP53,21.0,18.0,27.0,68.0,21.0,157.0
WRN,20.0,16.0,38.0,26.0,19.0,136.0
WTAP,19.0,11.0,24.0,26.0,41.0,123.0
WWC2,20.0,19.0,37.0,29.0,15.0,125.0
WWC3,20.0,28.0,26.0,28.0,13.0,117.0
XAGE1B,14.0,12.0,25.0,15.0,34.0,101.0
XAGE1E,24.0,13.0,13.0,28.0,38.0,122.0
XPO6,34.0,24.0,25.0,28.0,37.0,159.0
XRCC5,40.0,31.0,19.0,34.0,16.0,141.0
XRCC6,24.0,25.0,35.0,54.0,23.0,165.0
XYLT1,14.0,13.0,19.0,17.0,36.0,120.0
YAP1,29.0,55.0,16.0,13.0,14.0,137.0
YBX1,32.0,12.0,28.0,15.0,54.0,152.0
YBX3,23.0,19.0,33.0,46.0,38.0,151.0
YEATS4,40.0,26.0,20.0,18.0,23.0,122.0
YIF1A,21.0,24.0,14.0,20.0,10.0,94.0
YIF1B,17.0,10.0,25.0,59.0,17.0,129.0
YIPF6,37.0,24.0,20.0,41.0,20.0,148.0
YPEL1,25.0,15.0,22.0,33.0,37.0,147.0
YPEL3,32.0,20.0,38.0,29.0,19.0,154.0
YTHDC1,38.0,19.0,33.0,48.0,17.0,160.0
YWHAG,21.0,9.0,54.0,25.0,20.0,143.0
YY1,21.0,15.0,19.0,34.0,32.0,128.0
YY2,22.0,18.0,40.0,54.0,16.0,152.0
ZBED4,51.0,26.0,20.0,26.0,22.0,150.0
ZBTB17,14.0,11.0,13.0,23.0,48.0,111.0
ZBTB39,47.0,19.0,20.0,41.0,19.0,160.0
ZBTB7A,13.0,10.0,14.0,19.0,33.0,95.0
ZBTB8OS,22.0,20.0,35.0,56.0,12.0,152.0
ZC3H12A,37.0,13.0,17.0,23.0,29.0,119.0
ZC3H12D,16.0,12.0,20.0,11.0,33.0,101.0
ZC3H3,22.0,9.0,42.0,33.0,35.0,147.0
ZC3HAV1L,23.0,11.0,26.0,31.0,59.0,161.0
ZCCHC14,20.0,13.0,31.0,26.0,35.0,131.0
ZCCHC23,50.0,35.0,23.0,21.0,12.0,140.0
ZCCHC8,26.0,11.0,21.0,16.0,34.0,118.0
ZCCHC9,24.0,17.0,23.0,67.0,25.0,158.0
ZDHHC16,12.0,8.0,15.0,88.0,12.0,138.0
ZDHHC17,18.0,15.0,22.0,32.0,36.0,118.0
ZDHHC3,10.0,12.0,22.0,14.0,33.0,98.0
ZDHHC5,24.0,10.0,22.0,22.0,34.0,115.0
ZEB1,18.0,15.0,41.0,27.0,31.0,142.0
ZER1,23.0,13.0,18.0,75.0,24.0,161.0
ZFC3H1,29.0,13.0,57.0,21.0,18.0,134.0
ZFP1,29.0,24.0,11.0,15.0,11.0,93.0
ZFP14,25.0,20.0,60.0,43.0,14.0,165.0
ZFP28,21.0,14.0,20.0,54.0,25.0,145.0
ZFP36,16.0,12.0,29.0,56.0,16.0,128.0
ZFP36L1,37.0,15.0,36.0,39.0,26.0,158.0
ZFPM1,19.0,13.0,14.0,17.0,44.0,111.0
ZFYVE1,36.0,29.0,22.0,42.0,12.0,142.0
ZFYVE9,23.0,13.0,29.0,42.0,34.0,145.0
ZKSCAN3,10.0,17.0,14.0,16.0,76.0,136.0
ZMPSTE24,18.0,26.0,29.0,20.0,19.0,118.0
ZMYM4,27.0,39.0,28.0,21.0,13.0,130.0
ZMYND10,43.0,18.0,22.0,25.0,18.0,129.0
ZMYND19,36.0,59.0,24.0,15.0,23.0,156.0
ZNF101,22.0,24.0,22.0,47.0,32.0,149.0
ZNF114,26.0,28.0,29.0,33.0,18.0,138.0
ZNF140,16.0,14.0,15.0,19.0,41.0,111.0
ZNF155,21.0,20.0,17.0,57.0,11.0,126.0
ZNF174,51.0,23.0,25.0,37.0,12.0,163.0
ZNF175,21.0,10.0,19.0,19.0,52.0,130.0
ZNF2,21.0,13.0,23.0,65.0,29.0,161.0
ZNF211,40.0,16.0,26.0,20.0,12.0,116.0
ZNF213,41.0,14.0,27.0,12.0,20.0,114.0
ZNF219,58.0,25.0,10.0,15.0,17.0,132.0
ZNF221,19.0,17.0,37.0,18.0,41.0,139.0
ZNF222,33.0,25.0,17.0,27.0,10.0,111.0
ZNF224,21.0,21.0,39.0,58.0,25.0,166.0
ZNF236,15.0,14.0,41.0,34.0,38.0,146.0
ZNF256,41.0,21.0,20.0,31.0,18.0,138.0
ZNF273,28.0,29.0,16.0,19.0,17.0,119.0
ZNF286B,22.0,25.0,22.0,28.0,22.0,118.0
ZNF319,21.0,15.0,38.0,15.0,12.0,104.0
ZNF322,26.0,14.0,20.0,56.0,17.0,140.0
ZNF324,23.0,22.0,26.0,25.0,32.0,130.0
ZNF335,17.0,18.0,37.0,26.0,14.0,112.0
ZNF337,24.0,16.0,33.0,29.0,43.0,150.0
ZNF346,18.0,12.0,26.0,15.0,40.0,120.0
ZNF404,26.0,13.0,18.0,58.0,24.0,139.0
ZNF407,16.0,11.0,12.0,54.0,10.0,113.0
ZNF416,15.0,13.0,13.0,21.0,36.0,101.0
ZNF426,13.0,21.0,27.0,64.0,20.0,154.0
ZNF461,17.0,12.0,17.0,20.0,34.0,116.0
ZNF507,15.0,15.0,50.0,44.0,22.0,145.0
ZNF511,34.0,28.0,26.0,39.0,11.0,140.0
ZNF512B,17.0,12.0,23.0,74.0,17.0,152.0
ZNF525,15.0,13.0,27.0,26.0,32.0,116.0
ZNF526,12.0,11.0,22.0,24.0,40.0,128.0
ZNF529,39.0,23.0,19.0,31.0,17.0,138.0
ZNF540,40.0,25.0,29.0,34.0,23.0,155.0
ZNF551,12.0,13.0,18.0,64.0,12.0,122.0
ZNF555,15.0,12.0,17.0,53.0,11.0,112.0
ZNF56,46.0,36.0,24.0,14.0,11.0,130.0
ZNF572,33.0,36.0,17.0,23.0,13.0,129.0
ZNF584,16.0,14.0,76.0,32.0,22.0,156.0
ZNF586,17.0,11.0,14.0,23.0,41.0,121.0
ZNF596,18.0,12.0,14.0,34.0,35.0,119.0
ZNF598,20.0,12.0,26.0,18.0,39.0,127.0
ZNF627,21.0,25.0,25.0,42.0,15.0,137.0
ZNF658,22.0,15.0,37.0,33.0,35.0,142.0
ZNF710,19.0,10.0,15.0,51.0,36.0,141.0
ZNF746,29.0,48.0,18.0,16.0,16.0,128.0
ZNF75A,14.0,13.0,15.0,67.0,31.0,143.0
ZNF765-ZNF761,29.0,17.0,29.0,42.0,34.0,148.0
ZNF766,18.0,15.0,21.0,58.0,17.0,133.0
ZNF79,17.0,21.0,63.0,22.0,21.0,141.0
ZNF793,21.0,11.0,18.0,22.0,49.0,121.0
ZNF805,46.0,37.0,24.0,29.0,18.0,163.0
ZNF827,50.0,28.0,19.0,29.0,21.0,145.0
ZNF850,23.0,10.0,16.0,60.0,17.0,137.0
ZNF879,12.0,11.0,15.0,53.0,13.0,115.0
ZNF891,41.0,23.0,20.0,26.0,13.0,129.0
ZNF91,38.0,20.0,25.0,31.0,39.0,162.0
ZRANB3,20.0,14.0,13.0,35.0,32.0,120.0
ZSCAN26,27.0,10.0,20.0,62.0,17.0,145.0
ZSWIM1,21.0,13.0,36.0,55.0,17.0,153.0
ZSWIM3,16.0,12.0,16.0,65.0,28.0,158.0
ZXDA,11.0,13.0,26.0,19.0,50.0,122.0
ZYX,29.0,23.0,31.0,30.0,46.0,159.0
