Gene,Mito,ConA,WGA,DAPI,Phalloidin,Sum
AAAS,28.0,15.0,43.0,53.0,24.0,171.0
AAMP,18.0,13.0,31.0,35.0,84.0,185.0
ABCA1,37.0,19.0,48.0,27.0,33.0,174.0
ABCA10,27.0,21.0,63.0,67.0,26.0,199.0
ABCB7,32.0,20.0,26.0,108.0,20.0,222.0
ABCB9,31.0,17.0,21.0,88.0,19.0,185.0
ABCF1,35.0,23.0,34.0,65.0,71.0,225.0
ABLIM3,27.0,16.0,25.0,91.0,22.0,185.0
ABT1,29.0,14.0,53.0,63.0,37.0,185.0
ACBD3,27.0,21.0,30.0,63.0,22.0,167.0
ACBD4,33.0,23.0,41.0,52.0,37.0,200.0
ACO2,45.0,27.0,34.0,28.0,26.0,167.0
ACOT8,54.0,46.0,41.0,19.0,14.0,175.0
ACTB,40.0,22.0,59.0,40.0,80.0,240.0
ACTL6B,24.0,13.0,63.0,25.0,50.0,172.0
ACTR2,21.0,12.0,59.0,38.0,62.0,193.0
ADAM10,34.0,14.0,39.0,54.0,17.0,168.0
ADAM17,29.0,23.0,29.0,68.0,13.0,171.0
ADAMTS18,41.0,41.0,38.0,24.0,29.0,183.0
ADCY5,42.0,28.0,45.0,36.0,13.0,177.0
ADM5,46.0,17.0,34.0,54.0,53.0,207.0
AGAP5,33.0,16.0,43.0,62.0,20.0,168.0
AGPAT5,17.0,13.0,27.0,67.0,39.0,176.0
AHCYL1,36.0,57.0,19.0,44.0,19.0,171.0
AHR,42.0,33.0,49.0,75.0,16.0,217.0
AIMP1,25.0,19.0,44.0,78.0,22.0,199.0
AIP,31.0,16.0,45.0,49.0,24.0,168.0
AJUBA,22.0,16.0,35.0,40.0,41.0,167.0
AK6,21.0,15.0,27.0,67.0,36.0,167.0
AKIRIN1,44.0,22.0,55.0,39.0,26.0,183.0
ALDH1A3,19.0,20.0,23.0,88.0,15.0,181.0
ALDOA,35.0,20.0,44.0,61.0,30.0,199.0
ALG10,51.0,46.0,22.0,62.0,12.0,196.0
ALG11,38.0,85.0,56.0,13.0,19.0,193.0
ALG12,63.0,37.0,37.0,34.0,18.0,196.0
ALG1L,45.0,50.0,25.0,43.0,14.0,180.0
ALMS1,40.0,18.0,26.0,53.0,33.0,178.0
ALPI,41.0,29.0,21.0,64.0,10.0,174.0
ANAPC4,14.0,10.0,55.0,56.0,31.0,174.0
ANKMY1,20.0,14.0,16.0,93.0,22.0,167.0
AP1G2,37.0,22.0,57.0,44.0,50.0,224.0
AP1M1,63.0,47.0,39.0,23.0,37.0,197.0
AP2M1,41.0,25.0,102.0,61.0,16.0,246.0
AP2S1,30.0,20.0,24.0,70.0,19.0,173.0
AP3B1,47.0,25.0,25.0,94.0,21.0,220.0
APC2,26.0,13.0,65.0,18.0,73.0,204.0
APEX2,37.0,21.0,33.0,65.0,22.0,183.0
APOLD1,44.0,24.0,20.0,65.0,21.0,181.0
APRT,61.0,37.0,29.0,62.0,21.0,230.0
APTX,38.0,40.0,37.0,95.0,24.0,253.0
AQP5,36.0,13.0,61.0,68.0,35.0,222.0
AQR,41.0,29.0,30.0,76.0,15.0,196.0
ARF1,46.0,24.0,133.0,53.0,30.0,276.0
ARFGAP2,41.0,13.0,65.0,55.0,29.0,201.0
ARHGAP33,18.0,14.0,21.0,75.0,46.0,183.0
ARHGAP39,34.0,21.0,25.0,63.0,29.0,174.0
ARHGAP42,77.0,58.0,26.0,41.0,22.0,228.0
ARHGEF11,45.0,31.0,25.0,56.0,15.0,182.0
ARHGEF25,52.0,17.0,25.0,103.0,15.0,216.0
ARHGEF33,48.0,41.0,23.0,55.0,17.0,184.0
ARHGEF7,66.0,24.0,28.0,65.0,36.0,224.0
ARID2,39.0,26.0,53.0,67.0,21.0,219.0
ARIH1,25.0,12.0,49.0,27.0,67.0,192.0
ARL10,40.0,20.0,41.0,89.0,30.0,220.0
ARL4A,42.0,19.0,39.0,74.0,54.0,239.0
ARL8B,20.0,12.0,46.0,46.0,47.0,175.0
ARMC5,37.0,21.0,22.0,75.0,34.0,193.0
ARMC7,58.0,28.0,65.0,126.0,49.0,331.0
ARPC4,32.0,23.0,120.0,60.0,65.0,296.0
ARRDC1,35.0,30.0,42.0,46.0,41.0,191.0
ASCC3,16.0,14.0,39.0,76.0,56.0,205.0
ASH2L,21.0,11.0,59.0,35.0,47.0,177.0
ASIC1,23.0,15.0,38.0,62.0,34.0,174.0
ATAD3A,72.0,22.0,29.0,31.0,24.0,193.0
ATP1B3,48.0,29.0,30.0,40.0,27.0,178.0
ATP2C1,30.0,11.0,21.0,98.0,24.0,202.0
ATP5A1,26.0,27.0,39.0,75.0,18.0,198.0
ATP5D,40.0,25.0,73.0,111.0,42.0,295.0
ATP5E,49.0,27.0,25.0,52.0,20.0,176.0
ATP5G2,70.0,27.0,45.0,50.0,20.0,218.0
ATP5J,44.0,26.0,32.0,47.0,21.0,184.0
ATP5J2,48.0,37.0,53.0,57.0,36.0,239.0
ATP5O,32.0,29.0,42.0,104.0,29.0,253.0
ATP6V0B,54.0,30.0,121.0,55.0,65.0,326.0
ATP6V0C,44.0,30.0,143.0,36.0,34.0,279.0
ATP6V0D1,36.0,19.0,118.0,39.0,30.0,237.0
ATP6V1A,27.0,17.0,147.0,29.0,65.0,281.0
ATP6V1B2,30.0,23.0,180.0,46.0,65.0,331.0
ATP6V1C1,37.0,24.0,86.0,28.0,34.0,200.0
ATP6V1D,36.0,27.0,84.0,52.0,37.0,224.0
ATP6V1G1,17.0,13.0,95.0,40.0,23.0,178.0
ATP6V1H,21.0,11.0,102.0,27.0,39.0,210.0
AURKB,34.0,20.0,20.0,56.0,35.0,174.0
AURKC,39.0,21.0,47.0,59.0,39.0,202.0
B4GALNT2,19.0,17.0,22.0,95.0,30.0,192.0
BARD1,53.0,21.0,56.0,66.0,33.0,227.0
BCAR1,32.0,17.0,60.0,40.0,33.0,188.0
BCAT2,30.0,12.0,51.0,74.0,39.0,215.0
BCKDHA,33.0,17.0,58.0,54.0,38.0,204.0
BCL6,38.0,24.0,68.0,55.0,15.0,202.0
BEST3,34.0,21.0,33.0,89.0,22.0,222.0
BHLHA15,22.0,16.0,32.0,18.0,83.0,176.0
BMP7,62.0,30.0,29.0,66.0,36.0,222.0
BNC2,35.0,16.0,90.0,51.0,29.0,217.0
BOLA2-SMG1P6,35.0,22.0,32.0,63.0,13.0,169.0
BPNT1,41.0,28.0,33.0,43.0,24.0,187.0
BRAP,41.0,28.0,34.0,65.0,48.0,210.0
BRD2,44.0,11.0,25.0,97.0,47.0,237.0
BRF1,41.0,17.0,33.0,85.0,73.0,249.0
BRK1,31.0,16.0,61.0,24.0,36.0,172.0
BTF3,73.0,48.0,50.0,79.0,57.0,292.0
BUB3,37.0,15.0,59.0,49.0,19.0,183.0
C12orf45,42.0,27.0,57.0,105.0,34.0,259.0
C12orf56,51.0,17.0,20.0,42.0,38.0,177.0
C12orf66,42.0,17.0,29.0,58.0,26.0,183.0
C16orf72,81.0,63.0,62.0,139.0,44.0,407.0
C17orf49,37.0,19.0,38.0,92.0,18.0,207.0
C17orf67,35.0,23.0,39.0,54.0,18.0,181.0
C19orf12,27.0,22.0,52.0,72.0,23.0,197.0
C19orf53,24.0,29.0,56.0,97.0,30.0,242.0
C19orf54,43.0,26.0,39.0,44.0,19.0,182.0
C1D,24.0,24.0,43.0,44.0,51.0,177.0
C1orf27,54.0,38.0,26.0,57.0,17.0,192.0
C1orf56,55.0,33.0,29.0,133.0,28.0,292.0
C2orf27A,35.0,25.0,38.0,101.0,21.0,229.0
C3orf35,41.0,19.0,26.0,70.0,30.0,191.0
C4orf26,32.0,22.0,37.0,64.0,16.0,191.0
C5AR1,17.0,13.0,17.0,92.0,51.0,189.0
C7orf61,17.0,16.0,35.0,56.0,91.0,222.0
C8orf31,32.0,18.0,35.0,64.0,30.0,179.0
C8orf33,23.0,14.0,44.0,39.0,36.0,171.0
C9orf84,30.0,20.0,34.0,96.0,13.0,205.0
CA13,59.0,55.0,25.0,30.0,15.0,177.0
CA5B,35.0,23.0,25.0,100.0,38.0,236.0
CACNB1,62.0,40.0,81.0,83.0,27.0,309.0
CACNB3,37.0,34.0,39.0,87.0,36.0,238.0
CACNG7,36.0,20.0,52.0,46.0,19.0,180.0
CALCOCO1,25.0,16.0,56.0,36.0,25.0,169.0
CAMKK1,45.0,22.0,25.0,65.0,21.0,191.0
CAMKK2,52.0,27.0,22.0,93.0,22.0,219.0
CAMSAP3,70.0,56.0,39.0,58.0,25.0,247.0
CAPN12,58.0,41.0,31.0,41.0,29.0,196.0
CAPZB,39.0,20.0,74.0,46.0,106.0,289.0
CASC1,44.0,23.0,27.0,68.0,44.0,216.0
CATSPER1,42.0,20.0,34.0,91.0,16.0,207.0
CBWD3,44.0,25.0,55.0,66.0,20.0,210.0
CBWD5,53.0,27.0,73.0,61.0,37.0,249.0
CCAR1,14.0,8.0,12.0,29.0,105.0,169.0
CCDC103,46.0,20.0,31.0,67.0,20.0,191.0
CCDC125,37.0,24.0,39.0,73.0,28.0,216.0
CCDC127,21.0,18.0,55.0,54.0,24.0,168.0
CCDC140,34.0,15.0,72.0,28.0,24.0,171.0
CCDC144NL,26.0,11.0,51.0,39.0,60.0,192.0
CCDC148,24.0,20.0,34.0,88.0,18.0,194.0
CCDC155,27.0,16.0,26.0,109.0,36.0,223.0
CCDC22,23.0,14.0,80.0,33.0,39.0,187.0
CCL24,39.0,20.0,30.0,49.0,29.0,177.0
CCNA2,40.0,30.0,31.0,65.0,35.0,207.0
CCND1,53.0,21.0,37.0,66.0,25.0,208.0
CCNE1,29.0,22.0,27.0,99.0,15.0,203.0
CCNI,25.0,21.0,30.0,75.0,20.0,178.0
CCNI2,33.0,22.0,36.0,62.0,63.0,211.0
CCT2,35.0,15.0,43.0,28.0,48.0,177.0
CCT3,45.0,19.0,25.0,62.0,28.0,184.0
CCT5,33.0,18.0,38.0,69.0,33.0,195.0
CCT7,65.0,25.0,27.0,65.0,25.0,205.0
CCT8,28.0,18.0,31.0,43.0,46.0,169.0
CD101,38.0,38.0,23.0,57.0,17.0,176.0
CD177,36.0,19.0,38.0,77.0,22.0,190.0
CD247,19.0,21.0,68.0,44.0,31.0,192.0
CD300LG,32.0,15.0,30.0,70.0,31.0,172.0
CD63,31.0,24.0,32.0,121.0,18.0,243.0
CDC25B,61.0,33.0,44.0,74.0,29.0,246.0
CDC26,36.0,20.0,31.0,63.0,22.0,177.0
CDC27,45.0,27.0,36.0,61.0,36.0,208.0
CDC45,71.0,50.0,62.0,72.0,39.0,303.0
CDC5L,31.0,14.0,42.0,42.0,33.0,169.0
CDC7,48.0,35.0,35.0,49.0,20.0,187.0
CDH23,28.0,19.0,44.0,29.0,44.0,170.0
CDK1,48.0,26.0,30.0,33.0,29.0,180.0
CDK17,44.0,23.0,44.0,106.0,31.0,261.0
CDK2,42.0,21.0,48.0,47.0,21.0,197.0
CDK2AP1,41.0,18.0,45.0,42.0,26.0,172.0
CDK5RAP1,46.0,30.0,30.0,52.0,21.0,183.0
CDK9,52.0,36.0,37.0,82.0,47.0,266.0
CDT1,44.0,29.0,48.0,67.0,35.0,216.0
CEACAM20,44.0,23.0,28.0,56.0,24.0,178.0
CEBPZ,54.0,30.0,46.0,109.0,40.0,282.0
CELF4,42.0,27.0,23.0,54.0,19.0,176.0
CELF6,33.0,16.0,48.0,43.0,38.0,180.0
CENPBD1,27.0,13.0,86.0,35.0,19.0,186.0
CENPF,51.0,30.0,76.0,82.0,41.0,287.0
CENPK,42.0,25.0,81.0,54.0,24.0,227.0
CENPW,44.0,32.0,109.0,109.0,48.0,344.0
CEP131,26.0,20.0,45.0,60.0,28.0,173.0
CEP89,24.0,21.0,44.0,42.0,20.0,171.0
CES3,41.0,24.0,27.0,66.0,21.0,200.0
CFAP36,56.0,64.0,31.0,30.0,15.0,211.0
CFLAR,35.0,28.0,28.0,46.0,31.0,174.0
CFP,65.0,40.0,87.0,41.0,19.0,253.0
CGB5,31.0,17.0,37.0,39.0,43.0,175.0
CGB7,20.0,16.0,33.0,75.0,20.0,170.0
CGB8,26.0,16.0,46.0,61.0,18.0,173.0
CHAC1,25.0,15.0,20.0,66.0,27.0,168.0
CHAD,37.0,29.0,40.0,55.0,20.0,178.0
CHAF1B,55.0,28.0,37.0,60.0,26.0,223.0
CHERP,30.0,16.0,71.0,43.0,64.0,219.0
CHMP1B,23.0,29.0,65.0,13.0,41.0,173.0
CHMP2A,32.0,22.0,39.0,42.0,17.0,167.0
CHORDC1,40.0,28.0,42.0,88.0,23.0,238.0
CHRFAM7A,35.0,26.0,45.0,42.0,16.0,169.0
CHRNE,20.0,26.0,36.0,80.0,13.0,179.0
CIC,32.0,25.0,50.0,33.0,28.0,169.0
CINP,28.0,27.0,39.0,108.0,14.0,227.0
CITED4,40.0,18.0,51.0,27.0,25.0,168.0
CKAP5,93.0,82.0,35.0,65.0,19.0,298.0
CLDN12,29.0,16.0,51.0,52.0,35.0,183.0
CLDN9,28.0,21.0,39.0,67.0,19.0,175.0
CLIP3,24.0,20.0,34.0,75.0,34.0,195.0
CLP1,57.0,16.0,44.0,115.0,47.0,282.0
CLPTM1L,25.0,19.0,23.0,62.0,20.0,167.0
CLTC,44.0,22.0,29.0,154.0,25.0,276.0
CNIH4,40.0,23.0,25.0,54.0,30.0,175.0
CNOT1,36.0,22.0,41.0,52.0,35.0,198.0
CNOT2,57.0,19.0,130.0,70.0,64.0,326.0
CNOT3,74.0,30.0,56.0,71.0,75.0,308.0
CNPY2,38.0,18.0,23.0,73.0,32.0,190.0
COG4,36.0,14.0,101.0,58.0,36.0,239.0
COLGALT1,28.0,19.0,39.0,59.0,44.0,197.0
COPB2,23.0,28.0,25.0,52.0,63.0,202.0
COPRS,40.0,15.0,23.0,89.0,23.0,200.0
COPS4,46.0,20.0,66.0,53.0,50.0,240.0
COQ6,35.0,20.0,36.0,51.0,26.0,174.0
COQ7,56.0,35.0,40.0,38.0,31.0,204.0
CORO1C,26.0,23.0,21.0,30.0,90.0,182.0
COX14,40.0,26.0,34.0,37.0,45.0,180.0
CPOX,70.0,49.0,28.0,21.0,14.0,187.0
CPQ,30.0,19.0,34.0,58.0,22.0,173.0
CPSF1,24.0,13.0,55.0,39.0,41.0,176.0
CRABP2,23.0,12.0,77.0,38.0,18.0,168.0
CRACR2B,37.0,22.0,26.0,51.0,23.0,174.0
CSE1L,35.0,31.0,42.0,58.0,63.0,237.0
CSNK1A1,39.0,26.0,52.0,59.0,19.0,192.0
CSNK2B,32.0,14.0,30.0,72.0,41.0,190.0
CST6,50.0,17.0,78.0,52.0,45.0,255.0
CTDSP2,24.0,20.0,29.0,57.0,28.0,173.0
CTSH,40.0,26.0,42.0,50.0,22.0,193.0
CYB561,47.0,29.0,32.0,71.0,18.0,203.0
CYB5D1,20.0,11.0,31.0,78.0,19.0,172.0
CYP2A6,21.0,10.0,27.0,60.0,68.0,197.0
CYP4F12,33.0,15.0,39.0,55.0,32.0,171.0
CYTH2,45.0,23.0,50.0,102.0,35.0,259.0
CYTH4,33.0,23.0,23.0,58.0,33.0,176.0
D2HGDH,31.0,19.0,25.0,85.0,44.0,211.0
DAD1,48.0,57.0,112.0,30.0,61.0,304.0
DAPP1,32.0,23.0,37.0,51.0,22.0,174.0
DAZAP2,29.0,25.0,65.0,62.0,30.0,213.0
DBI,45.0,29.0,35.0,49.0,25.0,181.0
DBR1,54.0,15.0,49.0,28.0,87.0,230.0
DCTN2,26.0,19.0,50.0,57.0,29.0,177.0
DCTN5,50.0,71.0,120.0,55.0,24.0,329.0
DCTN6,28.0,25.0,59.0,41.0,21.0,170.0
DDIT3,35.0,20.0,54.0,46.0,27.0,186.0
DDOST,36.0,26.0,67.0,36.0,25.0,198.0
DDX10,63.0,27.0,74.0,80.0,54.0,299.0
DDX11,37.0,27.0,28.0,61.0,28.0,193.0
DDX18,29.0,15.0,45.0,51.0,40.0,183.0
DDX19B,29.0,17.0,23.0,93.0,17.0,186.0
DDX21,22.0,17.0,61.0,35.0,48.0,200.0
DDX23,49.0,41.0,27.0,67.0,32.0,216.0
DDX27,24.0,25.0,24.0,54.0,48.0,182.0
DDX3X,20.0,13.0,104.0,35.0,36.0,203.0
DDX5,22.0,22.0,50.0,54.0,22.0,170.0
DDX51,45.0,53.0,35.0,37.0,46.0,225.0
DDX54,44.0,30.0,89.0,123.0,62.0,352.0
DDX6,38.0,18.0,88.0,95.0,40.0,282.0
DEXI,44.0,20.0,35.0,58.0,16.0,185.0
DGAT1,47.0,23.0,29.0,81.0,12.0,195.0
DGUOK,45.0,30.0,47.0,39.0,19.0,183.0
DHDDS,24.0,92.0,78.0,14.0,18.0,213.0
DHRS1,26.0,24.0,40.0,45.0,32.0,173.0
DHX37,39.0,24.0,76.0,79.0,47.0,272.0
DHX9,31.0,14.0,63.0,80.0,28.0,213.0
DIEXF,25.0,17.0,75.0,35.0,28.0,175.0
DIMT1,59.0,39.0,66.0,86.0,34.0,282.0
DIS3,16.0,14.0,38.0,84.0,20.0,176.0
DKC1,50.0,24.0,78.0,81.0,26.0,256.0
DLGAP5,15.0,18.0,22.0,73.0,25.0,168.0
DLK2,28.0,16.0,27.0,77.0,24.0,182.0
DLX6,33.0,14.0,34.0,52.0,37.0,176.0
DMAP1,17.0,14.0,29.0,37.0,69.0,167.0
DNA2,32.0,32.0,30.0,60.0,29.0,197.0
DNAH17,23.0,17.0,30.0,104.0,32.0,202.0
DNAH3,52.0,22.0,45.0,57.0,21.0,194.0
DNAJB2,19.0,16.0,40.0,62.0,25.0,171.0
DNAJC1,26.0,18.0,35.0,63.0,28.0,169.0
DNAJC14,36.0,28.0,41.0,60.0,27.0,207.0
DNAJC22,37.0,18.0,23.0,82.0,28.0,197.0
DNAJC8,35.0,19.0,26.0,65.0,39.0,192.0
DNAJC9,18.0,12.0,48.0,23.0,69.0,178.0
DNASE2,26.0,17.0,26.0,43.0,50.0,174.0
DNTTIP2,50.0,21.0,54.0,43.0,31.0,215.0
DPYSL5,29.0,24.0,27.0,72.0,22.0,187.0
DRICH1,23.0,9.0,63.0,20.0,48.0,172.0
DSEL,37.0,17.0,27.0,64.0,31.0,185.0
DTD1,36.0,23.0,28.0,65.0,14.0,174.0
DTL,37.0,22.0,65.0,50.0,36.0,210.0
DTWD2,41.0,20.0,39.0,56.0,22.0,184.0
DUSP22,68.0,81.0,50.0,27.0,31.0,254.0
DYNC1I2,103.0,92.0,86.0,90.0,62.0,417.0
DYNLL1,44.0,35.0,27.0,87.0,31.0,252.0
EBLN1,43.0,40.0,25.0,53.0,12.0,174.0
EBNA1BP2,52.0,35.0,32.0,68.0,40.0,226.0
ECH1,49.0,28.0,37.0,44.0,29.0,187.0
ECT2,31.0,14.0,22.0,93.0,35.0,204.0
EDA2R,40.0,56.0,25.0,16.0,26.0,167.0
EDIL3,42.0,16.0,60.0,23.0,43.0,187.0
EEF1B2,42.0,33.0,30.0,85.0,18.0,212.0
EEF1G,91.0,51.0,30.0,46.0,24.0,241.0
EFHD1,22.0,16.0,83.0,26.0,23.0,180.0
EFTUD2,53.0,25.0,77.0,117.0,33.0,314.0
EIF2B1,24.0,14.0,44.0,76.0,63.0,225.0
EIF2B4,28.0,16.0,39.0,102.0,33.0,230.0
EIF3B,34.0,33.0,22.0,61.0,31.0,195.0
EIF3CL,39.0,21.0,31.0,53.0,104.0,244.0
EIF3G,52.0,19.0,108.0,52.0,85.0,323.0
EIF3I,29.0,34.0,21.0,33.0,67.0,185.0
EIF3J,16.0,12.0,44.0,48.0,51.0,174.0
EIF4A3,40.0,30.0,29.0,48.0,23.0,187.0
EIF4B,30.0,17.0,49.0,91.0,18.0,209.0
EIF4G2,50.0,15.0,57.0,41.0,53.0,224.0
EIF5,33.0,15.0,89.0,40.0,31.0,205.0
ELL,44.0,20.0,45.0,91.0,30.0,231.0
ELMO2,29.0,15.0,59.0,80.0,32.0,204.0
ELMOD3,25.0,27.0,30.0,93.0,35.0,220.0
ELOB,103.0,37.0,55.0,178.0,48.0,433.0
ELP5,85.0,37.0,67.0,73.0,43.0,309.0
EML3,35.0,28.0,43.0,60.0,28.0,212.0
EMP1,41.0,28.0,33.0,99.0,30.0,238.0
ENDOG,28.0,25.0,34.0,63.0,18.0,182.0
EP400,30.0,20.0,30.0,61.0,31.0,182.0
EPC2,42.0,20.0,25.0,35.0,49.0,173.0
ERBB3,21.0,14.0,20.0,23.0,82.0,167.0
ERCC2,45.0,32.0,31.0,51.0,19.0,195.0
ERF,32.0,16.0,96.0,27.0,35.0,200.0
ERH,50.0,42.0,53.0,126.0,21.0,291.0
ERVMER34-1,19.0,20.0,34.0,123.0,43.0,259.0
ESPL1,35.0,20.0,60.0,78.0,31.0,227.0
EVA1A,44.0,11.0,23.0,77.0,18.0,177.0
EVA1B,38.0,20.0,83.0,28.0,23.0,193.0
EXD3,44.0,27.0,33.0,92.0,20.0,229.0
EXOSC1,60.0,46.0,41.0,44.0,31.0,225.0
EXOSC10,36.0,17.0,41.0,67.0,39.0,203.0
EXOSC4,36.0,28.0,32.0,51.0,22.0,176.0
EXOSC6,36.0,24.0,41.0,92.0,31.0,232.0
EXOSC7,61.0,39.0,46.0,118.0,15.0,286.0
EXOSC8,62.0,22.0,40.0,66.0,27.0,215.0
EXOSC9,41.0,17.0,41.0,63.0,45.0,213.0
FADS6,35.0,37.0,28.0,63.0,17.0,193.0
FAM106A,32.0,25.0,43.0,78.0,38.0,212.0
FAM117A,46.0,23.0,30.0,90.0,24.0,224.0
FAM151B,52.0,26.0,37.0,42.0,31.0,201.0
FAM157B,22.0,14.0,31.0,60.0,55.0,191.0
FAM173A,46.0,26.0,21.0,51.0,18.0,167.0
FAM186B,52.0,30.0,36.0,69.0,18.0,200.0
FAM20A,38.0,13.0,21.0,73.0,19.0,168.0
FAM222A,29.0,29.0,19.0,82.0,12.0,177.0
FAM231D,27.0,23.0,68.0,68.0,23.0,212.0
FAM49B,45.0,26.0,22.0,51.0,44.0,191.0
FAM72C,55.0,43.0,27.0,60.0,20.0,209.0
FAM72D,26.0,13.0,31.0,87.0,68.0,228.0
FAM89A,24.0,11.0,26.0,85.0,42.0,194.0
FAM98C,32.0,17.0,27.0,45.0,81.0,221.0
FANCG,66.0,41.0,22.0,18.0,18.0,171.0
FARP2,74.0,68.0,30.0,54.0,28.0,249.0
FASN,24.0,17.0,34.0,81.0,26.0,180.0
FAT1,79.0,20.0,19.0,62.0,23.0,216.0
FAU,33.0,26.0,24.0,29.0,61.0,190.0
FBL,55.0,36.0,104.0,131.0,52.0,381.0
FBXL22,29.0,27.0,51.0,40.0,21.0,175.0
FBXL4,66.0,69.0,12.0,19.0,24.0,191.0
FBXO25,37.0,23.0,38.0,53.0,37.0,200.0
FBXO46,28.0,21.0,35.0,99.0,26.0,232.0
FCHO2,37.0,11.0,84.0,100.0,54.0,286.0
FDX1L,32.0,25.0,57.0,77.0,20.0,222.0
FDXR,28.0,24.0,26.0,70.0,17.0,173.0
FETUB,22.0,16.0,21.0,60.0,19.0,167.0
FEZ2,79.0,43.0,37.0,37.0,28.0,232.0
FFAR1,42.0,22.0,55.0,58.0,44.0,226.0
FGD3,26.0,17.0,46.0,56.0,19.0,170.0
FGFBP3,49.0,16.0,51.0,45.0,62.0,231.0
FHOD1,30.0,18.0,19.0,71.0,16.0,175.0
FIBCD1,26.0,17.0,30.0,70.0,25.0,177.0
FKBP1A,50.0,21.0,24.0,46.0,35.0,175.0
FKTN,46.0,17.0,19.0,58.0,16.0,168.0
FLOT2,22.0,20.0,25.0,59.0,34.0,179.0
FNTB,35.0,13.0,40.0,76.0,19.0,187.0
FOPNL,15.0,12.0,40.0,97.0,16.0,193.0
FOSB,26.0,18.0,55.0,44.0,28.0,179.0
FOXD4L1,61.0,37.0,49.0,111.0,47.0,299.0
FOXD4L3,34.0,20.0,68.0,100.0,21.0,246.0
FOXD4L5,22.0,17.0,91.0,42.0,58.0,219.0
FOXN1,42.0,32.0,23.0,67.0,23.0,186.0
FTSJ3,39.0,17.0,53.0,119.0,18.0,259.0
FURIN,40.0,18.0,34.0,110.0,23.0,255.0
FZD3,32.0,26.0,38.0,69.0,29.0,204.0
FZD9,67.0,30.0,14.0,35.0,21.0,175.0
GABRG3,42.0,17.0,49.0,64.0,59.0,233.0
GADD45G,15.0,15.0,74.0,45.0,25.0,185.0
GAGE2D,18.0,17.0,31.0,50.0,62.0,183.0
GALK1,41.0,24.0,32.0,47.0,19.0,184.0
GALNT8,41.0,23.0,29.0,74.0,25.0,206.0
GARS,59.0,33.0,26.0,40.0,22.0,181.0
GATA2,31.0,20.0,33.0,58.0,32.0,182.0
GATA5,32.0,17.0,55.0,37.0,24.0,167.0
GEMIN5,32.0,15.0,22.0,93.0,14.0,178.0
GFER,64.0,35.0,30.0,65.0,20.0,222.0
GFI1B,40.0,15.0,31.0,57.0,29.0,175.0
GJB3,48.0,20.0,41.0,57.0,32.0,209.0
GJC3,35.0,26.0,33.0,51.0,23.0,178.0
GLT8D2,26.0,17.0,38.0,71.0,24.0,175.0
GLTP,53.0,33.0,39.0,48.0,23.0,202.0
GMCL2,16.0,26.0,75.0,29.0,48.0,192.0
GMPPB,40.0,57.0,53.0,16.0,19.0,185.0
GNL3,36.0,16.0,34.0,105.0,28.0,229.0
GNPTG,17.0,16.0,24.0,77.0,33.0,168.0
GOLGA6C,57.0,51.0,76.0,80.0,42.0,311.0
GOLGA6L10,32.0,17.0,69.0,70.0,24.0,208.0
GOLGA6L9,70.0,88.0,31.0,44.0,14.0,243.0
GOLGA8B,24.0,16.0,47.0,55.0,44.0,180.0
GOLGA8F,41.0,20.0,53.0,54.0,22.0,188.0
GOLGA8H,41.0,19.0,83.0,55.0,32.0,233.0
GOLGA8K,45.0,28.0,31.0,120.0,47.0,272.0
GOLGA8O,52.0,36.0,50.0,110.0,29.0,285.0
GON4L,49.0,28.0,29.0,31.0,27.0,173.0
GOT2,27.0,12.0,30.0,41.0,54.0,177.0
GPATCH1,18.0,17.0,88.0,23.0,14.0,167.0
GPATCH11,23.0,29.0,51.0,59.0,21.0,191.0
GPN2,29.0,22.0,29.0,49.0,56.0,188.0
GPR155,50.0,37.0,28.0,38.0,18.0,171.0
GPR75-ASB3,56.0,48.0,23.0,40.0,16.0,180.0
GPRC5C,26.0,16.0,39.0,97.0,21.0,200.0
GPS1,32.0,14.0,35.0,83.0,24.0,198.0
GPT,32.0,22.0,60.0,35.0,40.0,199.0
GRAPL,73.0,46.0,25.0,55.0,17.0,212.0
GRB2,54.0,40.0,69.0,81.0,25.0,268.0
GRHL2,26.0,12.0,23.0,102.0,13.0,180.0
GRIN1,37.0,29.0,24.0,46.0,21.0,172.0
GRIN2C,30.0,22.0,51.0,98.0,19.0,221.0
GRPEL1,41.0,22.0,40.0,46.0,23.0,169.0
GSPT1,29.0,28.0,45.0,56.0,33.0,192.0
GTF2A2,45.0,27.0,33.0,45.0,14.0,167.0
GTF2H1,25.0,19.0,39.0,87.0,25.0,207.0
GTF2H3,53.0,33.0,37.0,58.0,27.0,202.0
GTPBP4,49.0,35.0,38.0,130.0,21.0,286.0
GYS1,20.0,8.0,40.0,66.0,43.0,176.0
H2AFB2,18.0,13.0,43.0,49.0,39.0,169.0
H3F3A,34.0,27.0,67.0,57.0,65.0,256.0
HAUS2,36.0,22.0,49.0,54.0,45.0,202.0
HAUS3,45.0,27.0,80.0,95.0,31.0,266.0
HAUS4,48.0,20.0,62.0,64.0,24.0,222.0
HAUS5,61.0,32.0,73.0,94.0,34.0,294.0
HAUS6,36.0,24.0,62.0,98.0,32.0,261.0
HAUS8,67.0,34.0,75.0,100.0,55.0,329.0
HCK,29.0,20.0,34.0,54.0,28.0,177.0
HCN3,35.0,16.0,24.0,76.0,20.0,175.0
HDAC11,23.0,19.0,25.0,91.0,47.0,214.0
HDAC6,27.0,20.0,43.0,66.0,21.0,184.0
HDAC9,53.0,33.0,47.0,78.0,11.0,232.0
HERC1,32.0,12.0,71.0,27.0,58.0,204.0
HES2,42.0,28.0,29.0,35.0,31.0,170.0
HEXB,26.0,16.0,112.0,33.0,28.0,206.0
HIPK4,34.0,20.0,39.0,84.0,57.0,225.0
HIST1H2AG,35.0,23.0,79.0,22.0,32.0,188.0
HIST1H2BF,30.0,25.0,45.0,41.0,25.0,175.0
HIST2H2AA3,43.0,27.0,25.0,41.0,16.0,176.0
HIST2H2AA4,35.0,13.0,58.0,45.0,26.0,180.0
HIST2H3A,19.0,21.0,35.0,30.0,59.0,168.0
HIST2H3C,36.0,70.0,23.0,26.0,16.0,168.0
HIST2H3D,46.0,16.0,57.0,81.0,17.0,225.0
HIVEP2,24.0,20.0,48.0,73.0,27.0,195.0
HMGB1,49.0,23.0,57.0,46.0,29.0,209.0
HMGCR,43.0,28.0,80.0,108.0,29.0,284.0
HMGN1,29.0,19.0,25.0,80.0,34.0,195.0
HMGN4,38.0,29.0,29.0,48.0,35.0,193.0
HMGN5,28.0,40.0,33.0,53.0,50.0,207.0
HMX3,31.0,20.0,23.0,80.0,14.0,183.0
HNRNPA3,41.0,33.0,39.0,70.0,16.0,204.0
HNRNPD,30.0,15.0,58.0,29.0,24.0,169.0
HNRNPDL,39.0,19.0,36.0,40.0,31.0,173.0
HNRNPH2,71.0,53.0,50.0,11.0,18.0,199.0
HNRNPL,68.0,49.0,23.0,66.0,16.0,236.0
HNRNPU,30.0,16.0,28.0,38.0,57.0,175.0
HNRNPUL1,27.0,14.0,29.0,77.0,32.0,177.0
HOXB2,57.0,31.0,27.0,59.0,18.0,206.0
HOXC11,21.0,18.0,31.0,85.0,17.0,181.0
HOXC8,29.0,23.0,91.0,63.0,20.0,229.0
HPCAL1,48.0,28.0,42.0,109.0,24.0,252.0
HRH4,47.0,58.0,33.0,21.0,15.0,173.0
HSD17B14,24.0,18.0,21.0,61.0,32.0,173.0
HSD17B7,32.0,14.0,67.0,43.0,59.0,213.0
HSPA5,24.0,18.0,43.0,45.0,76.0,204.0
HSPA9,81.0,70.0,46.0,40.0,18.0,247.0
HSPD1,35.0,22.0,31.0,83.0,37.0,229.0
HSPE1,70.0,35.0,65.0,104.0,68.0,347.0
HUS1,36.0,21.0,13.0,74.0,15.0,167.0
HUWE1,55.0,41.0,80.0,72.0,26.0,296.0
HYOU1,20.0,19.0,33.0,54.0,46.0,171.0
ICE2,34.0,25.0,33.0,65.0,18.0,185.0
IDH2,30.0,17.0,46.0,53.0,25.0,174.0
IDI1,25.0,21.0,42.0,58.0,28.0,178.0
IFFO1,15.0,19.0,37.0,63.0,27.0,168.0
IFITM3,33.0,21.0,37.0,76.0,41.0,203.0
IFNA13,30.0,22.0,51.0,37.0,29.0,187.0
IL5,31.0,29.0,33.0,46.0,74.0,218.0
IL9R,32.0,45.0,31.0,60.0,29.0,207.0
ILF2,32.0,24.0,32.0,46.0,42.0,181.0
ILK,47.0,20.0,115.0,120.0,62.0,359.0
ING3,24.0,23.0,35.0,38.0,62.0,184.0
ING5,36.0,23.0,55.0,50.0,15.0,184.0
INHBE,15.0,15.0,33.0,108.0,41.0,215.0
INTS14,29.0,19.0,32.0,37.0,58.0,183.0
INTS6,24.0,11.0,74.0,35.0,35.0,175.0
INTS9,29.0,36.0,21.0,73.0,19.0,189.0
IRF3,31.0,18.0,102.0,26.0,60.0,239.0
ISCA2,50.0,25.0,36.0,34.0,17.0,171.0
ISG20L2,57.0,34.0,105.0,80.0,58.0,334.0
ITFG2,21.0,21.0,28.0,60.0,19.0,170.0
ITGAV,52.0,17.0,38.0,88.0,72.0,277.0
ITGB5,88.0,17.0,143.0,119.0,155.0,531.0
ITM2C,24.0,15.0,37.0,64.0,45.0,200.0
KANSL1,50.0,18.0,101.0,78.0,54.0,296.0
KANSL2,36.0,18.0,64.0,81.0,65.0,283.0
KAT5,37.0,20.0,27.0,30.0,94.0,208.0
KAT8,54.0,25.0,92.0,113.0,39.0,329.0
KCNC1,25.0,24.0,58.0,72.0,16.0,197.0
KCNH3,40.0,29.0,27.0,46.0,28.0,172.0
KCNH6,37.0,24.0,35.0,57.0,12.0,173.0
KCNJ1,37.0,29.0,28.0,23.0,39.0,167.0
KIAA1958,57.0,52.0,22.0,24.0,21.0,179.0
KIF11,31.0,19.0,41.0,69.0,26.0,204.0
KIF14,32.0,17.0,54.0,58.0,33.0,197.0
KIF18A,43.0,34.0,40.0,41.0,16.0,182.0
KIF23,61.0,34.0,91.0,110.0,39.0,340.0
KIF2C,31.0,20.0,22.0,55.0,24.0,171.0
KIF5A,47.0,34.0,50.0,94.0,71.0,300.0
KIR2DS4,28.0,20.0,42.0,54.0,26.0,176.0
KLF16,32.0,16.0,30.0,80.0,33.0,183.0
KLF3,35.0,19.0,74.0,38.0,16.0,178.0
KLHL21,23.0,12.0,27.0,16.0,108.0,184.0
KLHL41,23.0,14.0,41.0,43.0,49.0,183.0
KLK6,38.0,25.0,24.0,62.0,23.0,185.0
KMT2B,36.0,29.0,33.0,87.0,28.0,230.0
KPNA4,48.0,19.0,58.0,51.0,21.0,200.0
KRR1,32.0,25.0,46.0,121.0,22.0,254.0
KRT16,48.0,29.0,46.0,92.0,20.0,247.0
KRT18,29.0,21.0,26.0,62.0,20.0,177.0
KRT222,46.0,30.0,30.0,53.0,16.0,182.0
KRT78,53.0,35.0,37.0,111.0,26.0,274.0
KRT86,41.0,17.0,52.0,51.0,25.0,193.0
L1TD1,34.0,25.0,28.0,55.0,26.0,179.0
LAMTOR3,43.0,35.0,25.0,43.0,20.0,177.0
LAS1L,40.0,25.0,37.0,72.0,18.0,200.0
LCE1C,29.0,16.0,45.0,40.0,49.0,176.0
LDLRAD2,45.0,28.0,36.0,39.0,29.0,189.0
LDLRAD3,35.0,23.0,28.0,97.0,21.0,215.0
LETMD1,41.0,27.0,63.0,53.0,24.0,211.0
LGALS7,49.0,25.0,58.0,72.0,26.0,230.0
LHX4,39.0,26.0,66.0,53.0,16.0,208.0
LIMS1,25.0,17.0,60.0,59.0,25.0,177.0
LLPH,36.0,28.0,37.0,62.0,29.0,196.0
LMBR1L,31.0,21.0,32.0,57.0,21.0,174.0
LOC100130705,22.0,16.0,25.0,65.0,47.0,179.0
LOC100132202,20.0,23.0,47.0,83.0,25.0,200.0
LOC100652777,41.0,21.0,30.0,50.0,24.0,175.0
LOC100996318,27.0,15.0,52.0,49.0,44.0,193.0
LOC100996379,22.0,11.0,78.0,43.0,32.0,182.0
LOC100996414,42.0,22.0,69.0,62.0,79.0,268.0
LOC100996643,55.0,24.0,36.0,75.0,22.0,218.0
LOC100996911,41.0,26.0,56.0,88.0,21.0,232.0
LOC101060588,51.0,25.0,94.0,75.0,36.0,286.0
LOC101927345,49.0,24.0,71.0,64.0,27.0,239.0
LOC101928095,20.0,11.0,26.0,58.0,61.0,183.0
LOC101929627,35.0,19.0,115.0,57.0,36.0,260.0
LOC101929692,23.0,13.0,55.0,45.0,31.0,169.0
LOC101929959,39.0,19.0,30.0,52.0,19.0,168.0
LOC101930047,35.0,18.0,58.0,48.0,77.0,241.0
LOC102723623,28.0,14.0,73.0,41.0,33.0,189.0
LOC102724642,44.0,26.0,37.0,40.0,34.0,179.0
LOC102724813,60.0,64.0,63.0,89.0,38.0,310.0
LOC105373750,53.0,28.0,60.0,32.0,12.0,189.0
LOC105376525,41.0,16.0,69.0,50.0,28.0,202.0
LOC105376714,56.0,61.0,35.0,27.0,26.0,210.0
LOC105379443,54.0,22.0,35.0,113.0,22.0,249.0
LOC107983983,32.0,25.0,55.0,33.0,26.0,176.0
LOC107984014,32.0,11.0,19.0,72.0,16.0,169.0
LOC107984139,56.0,48.0,33.0,43.0,18.0,203.0
LOC107984341,31.0,18.0,77.0,28.0,46.0,212.0
LOC107985381,37.0,21.0,31.0,78.0,16.0,189.0
LOC107985798,34.0,39.0,77.0,73.0,44.0,252.0
LOC107986113,32.0,23.0,67.0,53.0,16.0,191.0
LOC107986800,43.0,22.0,28.0,66.0,24.0,187.0
LOC107987067,45.0,23.0,57.0,61.0,29.0,224.0
LOC107987372,20.0,16.0,25.0,76.0,33.0,170.0
LOC107987377,28.0,21.0,61.0,48.0,23.0,175.0
LOC107987388,36.0,23.0,41.0,85.0,22.0,202.0
LOC107987389,45.0,20.0,38.0,79.0,20.0,210.0
LOC112267859,42.0,22.0,55.0,50.0,35.0,204.0
LOC112267939,47.0,24.0,31.0,47.0,23.0,167.0
LOC112267959,30.0,40.0,16.0,56.0,26.0,171.0
LOC112267992,45.0,24.0,41.0,72.0,38.0,226.0
LOC112268003,66.0,23.0,74.0,46.0,71.0,275.0
LOC112268137,33.0,18.0,82.0,51.0,25.0,196.0
LOC112268145,32.0,24.0,31.0,34.0,55.0,183.0
LOC112268237,32.0,23.0,49.0,34.0,35.0,178.0
LOC112268284,24.0,17.0,58.0,75.0,28.0,204.0
LOC388436,39.0,23.0,32.0,43.0,16.0,170.0
LOC389831,49.0,28.0,53.0,54.0,26.0,208.0
LOC728026,34.0,23.0,23.0,70.0,22.0,191.0
LOC730098,50.0,35.0,36.0,29.0,17.0,175.0
LOC730268,62.0,24.0,43.0,44.0,27.0,211.0
LRIG3,29.0,18.0,36.0,91.0,10.0,184.0
LRP4,34.0,18.0,27.0,63.0,28.0,178.0
LRR1,42.0,16.0,31.0,52.0,31.0,191.0
LRRC37A,42.0,28.0,31.0,60.0,25.0,194.0
LRRC37B,39.0,46.0,69.0,52.0,28.0,245.0
LRRC49,42.0,23.0,44.0,105.0,31.0,252.0
LSM11,41.0,22.0,18.0,78.0,12.0,183.0
LSM2,76.0,38.0,32.0,47.0,35.0,237.0
LSM4,29.0,14.0,25.0,54.0,60.0,198.0
LSM5,38.0,14.0,39.0,102.0,25.0,236.0
LSM6,54.0,41.0,57.0,118.0,25.0,304.0
LSM7,41.0,37.0,45.0,98.0,37.0,275.0
LSR,34.0,18.0,57.0,32.0,42.0,183.0
LUC7L3,45.0,15.0,67.0,66.0,19.0,214.0
LYNX1,20.0,16.0,49.0,25.0,63.0,174.0
LYNX1-SLURP2,24.0,15.0,25.0,82.0,34.0,196.0
LYRM4,55.0,29.0,40.0,62.0,29.0,211.0
MACROD1,29.0,13.0,85.0,28.0,19.0,177.0
MAGEA2,22.0,25.0,29.0,77.0,23.0,177.0
MAGEL2,27.0,21.0,76.0,36.0,31.0,193.0
MAK16,31.0,14.0,32.0,64.0,19.0,172.0
MAP1LC3A,33.0,35.0,51.0,38.0,19.0,176.0
MAP2K5,21.0,23.0,38.0,50.0,35.0,172.0
MAP3K10,27.0,17.0,66.0,47.0,34.0,202.0
MARS,38.0,35.0,22.0,56.0,18.0,182.0
MAST4,42.0,26.0,43.0,47.0,52.0,209.0
MASTL,44.0,30.0,43.0,63.0,19.0,209.0
MAT2A,51.0,31.0,45.0,85.0,16.0,254.0
MATN4,18.0,12.0,20.0,91.0,38.0,181.0
MAX,67.0,32.0,32.0,31.0,25.0,182.0
MCM5,67.0,25.0,38.0,58.0,13.0,201.0
MCM6,39.0,29.0,42.0,77.0,28.0,220.0
MCM7,69.0,30.0,104.0,106.0,45.0,359.0
MDM4,76.0,34.0,51.0,79.0,33.0,275.0
MECP2,28.0,21.0,30.0,55.0,19.0,167.0
MED1,63.0,31.0,65.0,102.0,21.0,298.0
MED10,39.0,24.0,63.0,51.0,23.0,192.0
MED11,35.0,21.0,35.0,57.0,80.0,235.0
MED22,30.0,11.0,42.0,43.0,63.0,193.0
MED26,40.0,18.0,22.0,39.0,45.0,175.0
MED27,41.0,13.0,33.0,53.0,31.0,179.0
MED30,69.0,21.0,94.0,93.0,96.0,375.0
MED4,25.0,20.0,39.0,53.0,21.0,169.0
MEGF8,38.0,27.0,53.0,63.0,21.0,196.0
MESDC1,21.0,15.0,104.0,17.0,30.0,180.0
METAP1D,35.0,19.0,47.0,44.0,15.0,171.0
METAP2,77.0,43.0,29.0,48.0,21.0,235.0
METTL7A,27.0,18.0,96.0,25.0,43.0,210.0
MFAP1,34.0,17.0,51.0,70.0,26.0,201.0
MGAM,59.0,33.0,33.0,29.0,15.0,170.0
MGARP,27.0,22.0,27.0,75.0,22.0,183.0
MICALL2,19.0,24.0,24.0,56.0,36.0,168.0
MMAB,51.0,28.0,38.0,57.0,62.0,234.0
MME,30.0,43.0,42.0,35.0,17.0,169.0
MMS22L,39.0,28.0,49.0,30.0,27.0,175.0
MOB4,45.0,54.0,36.0,22.0,18.0,177.0
MON1B,31.0,26.0,26.0,48.0,19.0,170.0
MOSPD3,19.0,7.0,48.0,22.0,96.0,187.0
MPG,26.0,15.0,45.0,50.0,70.0,207.0
MPHOSPH10,52.0,22.0,46.0,111.0,47.0,287.0
MPV17L2,43.0,23.0,38.0,55.0,33.0,182.0
MROH6,59.0,28.0,32.0,60.0,13.0,197.0
MRPL11,35.0,19.0,26.0,42.0,24.0,173.0
MRPL13,47.0,42.0,19.0,49.0,14.0,172.0
MRPL34,60.0,26.0,22.0,49.0,26.0,187.0
MRPL38,42.0,22.0,40.0,50.0,24.0,181.0
MRPL42,61.0,64.0,24.0,22.0,24.0,189.0
MRPL46,24.0,23.0,49.0,54.0,17.0,169.0
MRPL49,68.0,31.0,54.0,87.0,29.0,287.0
MRPL50,70.0,37.0,50.0,146.0,27.0,345.0
MRPS17,42.0,52.0,40.0,33.0,31.0,200.0
MRPS21,48.0,29.0,64.0,87.0,32.0,271.0
MRPS22,45.0,26.0,21.0,37.0,33.0,167.0
MRPS23,46.0,29.0,29.0,65.0,28.0,198.0
MRPS34,22.0,12.0,50.0,29.0,62.0,175.0
MRPS35,40.0,22.0,25.0,40.0,50.0,184.0
MT1A,38.0,31.0,36.0,95.0,23.0,231.0
MT1H,29.0,22.0,37.0,59.0,26.0,182.0
MT2A,63.0,32.0,40.0,154.0,30.0,333.0
MTBP,46.0,21.0,43.0,67.0,42.0,226.0
MTCH2,50.0,52.0,30.0,32.0,24.0,197.0
MTCL1,95.0,82.0,22.0,24.0,22.0,237.0
MTMR14,53.0,33.0,27.0,32.0,15.0,168.0
MYC,34.0,25.0,41.0,43.0,28.0,171.0
MYH9,55.0,22.0,27.0,51.0,38.0,188.0
MYL12B,24.0,20.0,48.0,54.0,22.0,184.0
MYL6,41.0,21.0,28.0,95.0,27.0,223.0
MYO9A,26.0,22.0,36.0,34.0,63.0,185.0
MZT2A,44.0,17.0,39.0,53.0,28.0,191.0
NAA10,27.0,16.0,13.0,99.0,31.0,203.0
NACA,31.0,17.0,60.0,57.0,56.0,223.0
NAF1,30.0,17.0,48.0,50.0,31.0,169.0
NARFL,60.0,34.0,50.0,88.0,25.0,260.0
NARR,64.0,57.0,36.0,40.0,13.0,224.0
NASP,31.0,22.0,26.0,71.0,26.0,193.0
NBPF19,34.0,14.0,45.0,51.0,26.0,177.0
NBPF8,48.0,20.0,48.0,31.0,26.0,180.0
NCAPG,39.0,24.0,52.0,54.0,38.0,212.0
NCAPH,22.0,14.0,44.0,64.0,20.0,177.0
NCAPH2,51.0,21.0,41.0,92.0,46.0,264.0
NCKAP5L,45.0,17.0,31.0,64.0,34.0,202.0
NCL,53.0,33.0,62.0,107.0,31.0,294.0
NCOA1,59.0,49.0,22.0,44.0,19.0,193.0
ND2,30.0,16.0,50.0,25.0,48.0,173.0
NDC80,43.0,15.0,39.0,82.0,24.0,212.0
NDN,27.0,15.0,38.0,88.0,28.0,197.0
NDUFA13,46.0,40.0,19.0,67.0,28.0,195.0
NDUFA2,24.0,19.0,38.0,34.0,66.0,173.0
NDUFA9,51.0,24.0,26.0,78.0,16.0,192.0
NDUFB9,37.0,26.0,49.0,79.0,20.0,210.0
NDUFS1,44.0,54.0,28.0,29.0,46.0,189.0
NDUFV1,41.0,27.0,35.0,72.0,13.0,189.0
NDUFV2,27.0,21.0,54.0,95.0,17.0,219.0
NEDD8,40.0,15.0,43.0,62.0,49.0,214.0
NEIL1,39.0,18.0,55.0,67.0,26.0,215.0
NELFA,40.0,21.0,32.0,71.0,38.0,214.0
NEURL4,39.0,38.0,54.0,49.0,20.0,201.0
NFASC,50.0,27.0,52.0,56.0,16.0,205.0
NFATC4,29.0,24.0,56.0,91.0,26.0,225.0
NFYA,51.0,56.0,29.0,41.0,19.0,200.0
NFYB,25.0,18.0,20.0,74.0,12.0,171.0
NGDN,25.0,21.0,56.0,13.0,41.0,167.0
NGLY1,50.0,22.0,26.0,72.0,30.0,204.0
NHP2,24.0,18.0,28.0,106.0,52.0,233.0
NIFK,34.0,16.0,42.0,67.0,21.0,185.0
NIP7,48.0,23.0,43.0,65.0,33.0,223.0
NIPBL,74.0,31.0,102.0,71.0,104.0,374.0
NLE1,91.0,57.0,71.0,150.0,25.0,407.0
NLRC4,32.0,15.0,42.0,63.0,24.0,180.0
NMD3,68.0,60.0,34.0,44.0,12.0,222.0
NME1-NME2,27.0,20.0,34.0,88.0,20.0,199.0
NOB1,46.0,28.0,74.0,99.0,35.0,286.0
NOC4L,37.0,34.0,40.0,106.0,32.0,261.0
NOL10,53.0,39.0,41.0,72.0,29.0,228.0
NOL11,33.0,24.0,38.0,76.0,30.0,200.0
NOL6,35.0,15.0,44.0,55.0,32.0,171.0
NOP10,27.0,15.0,32.0,64.0,24.0,169.0
NOP16,42.0,24.0,31.0,83.0,48.0,229.0
NOP2,40.0,24.0,36.0,85.0,25.0,223.0
NOP56,30.0,27.0,73.0,36.0,44.0,208.0
NOP58,38.0,29.0,28.0,72.0,29.0,212.0
NOS3,32.0,41.0,34.0,33.0,29.0,170.0
NPIPA2,70.0,56.0,48.0,124.0,31.0,331.0
NPIPA3,34.0,23.0,28.0,81.0,35.0,216.0
NPIPB12,40.0,18.0,47.0,83.0,26.0,216.0
NPIPB13,34.0,21.0,31.0,63.0,21.0,169.0
NR1I2,30.0,16.0,37.0,58.0,46.0,181.0
NR2C1,45.0,43.0,29.0,41.0,20.0,180.0
NRL,31.0,19.0,38.0,99.0,36.0,227.0
NSA2,29.0,27.0,79.0,67.0,30.0,239.0
NSMF,34.0,24.0,44.0,57.0,27.0,195.0
NTN1,14.0,17.0,30.0,56.0,51.0,176.0
NTN5,22.0,20.0,21.0,59.0,44.0,168.0
NUBP2,27.0,24.0,24.0,56.0,25.0,168.0
NUDT18,35.0,16.0,26.0,55.0,32.0,182.0
NUP107,33.0,14.0,20.0,94.0,19.0,189.0
NUS1,56.0,76.0,30.0,53.0,39.0,251.0
NUTM2G,57.0,30.0,29.0,32.0,19.0,176.0
NVL,34.0,20.0,25.0,68.0,28.0,179.0
NXPH4,28.0,22.0,30.0,88.0,45.0,219.0
OAZ2,33.0,17.0,43.0,88.0,24.0,211.0
OGT,61.0,25.0,36.0,33.0,30.0,182.0
OPA1,37.0,23.0,56.0,111.0,23.0,265.0
OPTN,53.0,37.0,35.0,28.0,29.0,185.0
ORC6,32.0,36.0,19.0,49.0,22.0,176.0
OSBPL9,14.0,10.0,111.0,15.0,23.0,176.0
OSCAR,52.0,39.0,25.0,59.0,24.0,196.0
OSGEP,27.0,19.0,32.0,68.0,21.0,169.0
OVOL2,34.0,17.0,52.0,49.0,40.0,201.0
P2RX1,35.0,42.0,37.0,34.0,29.0,176.0
PAFAH1B1,39.0,49.0,52.0,27.0,17.0,196.0
PAK1IP1,63.0,36.0,35.0,111.0,34.0,287.0
PALM,25.0,14.0,46.0,47.0,30.0,171.0
PANK3,27.0,15.0,23.0,75.0,29.0,171.0
PANO1,37.0,25.0,30.0,47.0,30.0,180.0
PAX2,31.0,16.0,33.0,51.0,26.0,173.0
PAXBP1,31.0,12.0,36.0,60.0,54.0,199.0
PCBP2,59.0,31.0,67.0,131.0,18.0,315.0
PCDHA1,28.0,25.0,58.0,79.0,29.0,229.0
PCDHB8,41.0,27.0,36.0,61.0,21.0,197.0
PCED1B,30.0,22.0,26.0,88.0,24.0,193.0
PCGF1,23.0,20.0,47.0,45.0,33.0,175.0
PCNA,44.0,18.0,48.0,53.0,18.0,178.0
PCSK6,43.0,27.0,37.0,109.0,22.0,244.0
PDCD10,39.0,16.0,46.0,23.0,83.0,209.0
PDCD11,31.0,16.0,40.0,83.0,46.0,225.0
PDCD2,54.0,75.0,34.0,69.0,42.0,263.0
PDE4DIP,40.0,21.0,74.0,34.0,21.0,186.0
PDPK1,57.0,26.0,31.0,27.0,23.0,174.0
PES1,50.0,32.0,74.0,100.0,45.0,300.0
PGAM5,45.0,28.0,31.0,61.0,35.0,207.0
PGGT1B,46.0,29.0,29.0,36.0,33.0,178.0
PGM5,42.0,18.0,28.0,61.0,24.0,180.0
PHACTR2,21.0,16.0,24.0,58.0,35.0,174.0
PHAX,21.0,16.0,29.0,76.0,24.0,180.0
PHB,54.0,39.0,47.0,48.0,31.0,229.0
PHB2,59.0,17.0,33.0,69.0,22.0,209.0
PHC1,54.0,30.0,28.0,74.0,19.0,211.0
PHF5A,23.0,19.0,35.0,50.0,37.0,171.0
PIDD1,28.0,18.0,29.0,65.0,30.0,180.0
PIGH,32.0,10.0,31.0,84.0,20.0,190.0
PIGS,63.0,40.0,26.0,55.0,26.0,215.0
PIKFYVE,63.0,34.0,46.0,80.0,31.0,254.0
PIP5KL1,24.0,16.0,58.0,42.0,24.0,168.0
PKDCC,23.0,15.0,75.0,36.0,18.0,175.0
PLA2G10,34.0,24.0,27.0,82.0,19.0,196.0
PLAC9,25.0,19.0,31.0,71.0,21.0,175.0
PLBD2,40.0,25.0,21.0,50.0,24.0,167.0
PLEK,22.0,10.0,70.0,64.0,45.0,205.0
PLK1,42.0,12.0,39.0,44.0,35.0,177.0
PLK4,30.0,15.0,86.0,60.0,65.0,256.0
PLRG1,30.0,24.0,35.0,92.0,26.0,222.0
PMPCB,48.0,41.0,38.0,49.0,42.0,203.0
PNO1,39.0,18.0,80.0,51.0,22.0,203.0
POGZ,22.0,20.0,48.0,24.0,72.0,186.0
POLA2,46.0,30.0,68.0,47.0,32.0,228.0
POLD2,56.0,26.0,50.0,103.0,29.0,262.0
POLD4,37.0,30.0,26.0,64.0,22.0,174.0
POLE,54.0,43.0,45.0,115.0,20.0,297.0
POLE2,45.0,24.0,101.0,45.0,105.0,318.0
POLR1B,41.0,19.0,44.0,61.0,31.0,199.0
POLR2A,24.0,20.0,43.0,78.0,32.0,190.0
POLR2C,27.0,23.0,41.0,50.0,29.0,169.0
POLR2D,24.0,10.0,50.0,34.0,75.0,211.0
POLR2F,32.0,43.0,50.0,32.0,37.0,194.0
POLR2G,38.0,26.0,75.0,54.0,34.0,236.0
POLR2H,27.0,15.0,37.0,76.0,42.0,200.0
POLR2I,50.0,20.0,35.0,51.0,39.0,206.0
POLR2L,39.0,23.0,79.0,105.0,33.0,278.0
POMC,45.0,53.0,46.0,89.0,15.0,261.0
POP1,43.0,20.0,36.0,83.0,32.0,228.0
POP5,41.0,28.0,21.0,63.0,66.0,222.0
POP7,33.0,23.0,25.0,63.0,21.0,172.0
POTEH,35.0,18.0,60.0,53.0,45.0,209.0
POTEM,37.0,24.0,27.0,75.0,20.0,186.0
POU2F2,24.0,17.0,44.0,46.0,54.0,190.0
PPAN-P2RY11,33.0,23.0,33.0,75.0,25.0,195.0
PPBP,39.0,24.0,56.0,22.0,33.0,169.0
PPIB,44.0,25.0,43.0,49.0,22.0,179.0
PPIH,30.0,20.0,62.0,44.0,21.0,177.0
PPM1F,14.0,14.0,27.0,80.0,22.0,167.0
PPP1CB,27.0,21.0,20.0,30.0,66.0,171.0
PPP1R12A,31.0,19.0,29.0,47.0,44.0,179.0
PPP1R14A,28.0,16.0,43.0,70.0,23.0,185.0
PPP1R14B,47.0,21.0,26.0,111.0,16.0,226.0
PPP1R1A,48.0,35.0,32.0,88.0,30.0,235.0
PPP1R1B,28.0,14.0,36.0,65.0,33.0,182.0
PPP1R3E,108.0,121.0,122.0,38.0,42.0,434.0
PPP2R1A,36.0,30.0,28.0,52.0,22.0,174.0
PPP4C,27.0,27.0,49.0,89.0,26.0,215.0
PRC1,76.0,58.0,51.0,154.0,31.0,367.0
PRDX2,39.0,18.0,44.0,59.0,15.0,181.0
PRELID1,40.0,14.0,40.0,48.0,19.0,168.0
PRIM1,38.0,21.0,75.0,91.0,28.0,251.0
PRIM2,48.0,54.0,42.0,81.0,21.0,255.0
PRKAB1,49.0,29.0,35.0,52.0,16.0,190.0
PRKD3,62.0,28.0,26.0,80.0,22.0,222.0
PRMT5,46.0,39.0,49.0,121.0,17.0,282.0
PROB1,41.0,23.0,18.0,26.0,58.0,178.0
PROCA1,26.0,18.0,30.0,22.0,54.0,169.0
PROCR,43.0,29.0,31.0,108.0,16.0,235.0
PROM2,27.0,20.0,27.0,76.0,20.0,181.0
PRPF3,26.0,26.0,23.0,99.0,13.0,206.0
PRPF31,65.0,72.0,22.0,60.0,20.0,247.0
PRPF38B,32.0,23.0,27.0,78.0,26.0,196.0
PRPF40B,24.0,19.0,42.0,100.0,29.0,218.0
PRPF4B,43.0,35.0,33.0,50.0,32.0,211.0
PRPF6,36.0,15.0,19.0,57.0,38.0,179.0
PRPF8,22.0,10.0,51.0,46.0,66.0,195.0
PRR13,33.0,17.0,75.0,27.0,21.0,172.0
PRR15L,22.0,11.0,18.0,104.0,26.0,209.0
PRX,42.0,17.0,46.0,49.0,13.0,169.0
PSMA1,38.0,24.0,76.0,21.0,33.0,194.0
PSMA3,32.0,16.0,42.0,51.0,42.0,187.0
PSMA5,58.0,15.0,80.0,57.0,116.0,325.0
PSMA6,52.0,17.0,55.0,73.0,122.0,336.0
PSMA7,27.0,15.0,40.0,69.0,94.0,250.0
PSMB3,44.0,19.0,35.0,52.0,27.0,175.0
PSMB4,42.0,20.0,42.0,43.0,21.0,182.0
PSMB5,22.0,12.0,62.0,37.0,33.0,176.0
PSMB7,45.0,16.0,61.0,38.0,45.0,203.0
PSMC3,26.0,11.0,46.0,32.0,51.0,167.0
PSMC4,19.0,10.0,57.0,40.0,35.0,167.0
PSMC6,54.0,16.0,21.0,38.0,79.0,212.0
PSMD12,31.0,18.0,33.0,81.0,49.0,209.0
PSMD13,58.0,35.0,44.0,100.0,28.0,263.0
PSMD3,63.0,29.0,135.0,52.0,119.0,390.0
PSMD6,33.0,14.0,58.0,67.0,70.0,238.0
PSMD8,24.0,15.0,27.0,75.0,19.0,168.0
PSMG3,52.0,27.0,69.0,63.0,31.0,244.0
PTCD3,50.0,21.0,27.0,121.0,15.0,254.0
PTGES3,38.0,17.0,24.0,66.0,23.0,177.0
PTPRA,41.0,18.0,34.0,58.0,23.0,193.0
PTPRH,59.0,43.0,29.0,17.0,24.0,180.0
PTPRR,58.0,42.0,28.0,38.0,34.0,200.0
PWP2,40.0,23.0,84.0,82.0,25.0,258.0
QARS,17.0,11.0,57.0,38.0,49.0,174.0
RAB10,29.0,18.0,24.0,62.0,25.0,175.0
RAB31,20.0,20.0,38.0,64.0,19.0,172.0
RAB32,31.0,17.0,24.0,66.0,20.0,170.0
RAB36,30.0,24.0,31.0,43.0,37.0,175.0
RAB3D,23.0,12.0,33.0,21.0,85.0,177.0
RAB7A,24.0,33.0,94.0,64.0,20.0,231.0
RAB8B,71.0,54.0,43.0,39.0,28.0,240.0
RABGEF1,25.0,16.0,83.0,29.0,94.0,236.0
RABGGTB,21.0,17.0,93.0,40.0,50.0,227.0
RAC1,52.0,27.0,121.0,87.0,65.0,328.0
RAD21,49.0,29.0,36.0,62.0,72.0,251.0
RAD51,39.0,27.0,80.0,53.0,60.0,276.0
RAE1,60.0,35.0,35.0,73.0,30.0,246.0
RALGDS,31.0,20.0,41.0,44.0,46.0,190.0
RANGAP1,36.0,14.0,72.0,26.0,32.0,175.0
RAP1GAP2,60.0,40.0,52.0,23.0,17.0,190.0
RASIP1,22.0,16.0,67.0,40.0,23.0,171.0
RASL12,37.0,25.0,59.0,35.0,16.0,174.0
RASSF4,18.0,12.0,31.0,40.0,62.0,169.0
RASSF5,31.0,17.0,23.0,67.0,77.0,225.0
RBBP6,45.0,31.0,21.0,55.0,16.0,174.0
RBBP8,22.0,15.0,43.0,94.0,29.0,217.0
RBL1,39.0,21.0,45.0,67.0,24.0,206.0
RBM17,45.0,15.0,34.0,38.0,33.0,168.0
RBM19,31.0,24.0,38.0,122.0,22.0,249.0
RBM25,49.0,59.0,46.0,73.0,36.0,279.0
RBMS2,28.0,27.0,27.0,119.0,27.0,241.0
RBX1,22.0,20.0,48.0,41.0,79.0,221.0
RCC2,52.0,14.0,48.0,49.0,22.0,184.0
RCL1,48.0,26.0,83.0,126.0,35.0,324.0
RCN1,26.0,25.0,29.0,85.0,18.0,195.0
RDM1,44.0,24.0,32.0,97.0,22.0,235.0
RELB,39.0,23.0,30.0,118.0,28.0,244.0
RFC3,22.0,25.0,35.0,68.0,27.0,202.0
RFC5,37.0,16.0,118.0,72.0,21.0,265.0
RGPD1,32.0,19.0,38.0,39.0,43.0,179.0
RGPD8,57.0,25.0,35.0,61.0,19.0,201.0
RHEB,22.0,16.0,33.0,48.0,46.0,174.0
RHOC,37.0,18.0,54.0,35.0,35.0,180.0
RHOQ,37.0,24.0,30.0,58.0,33.0,197.0
RHPN2,46.0,12.0,61.0,49.0,35.0,222.0
RIF1,29.0,27.0,43.0,93.0,18.0,215.0
RIMBP3C,80.0,52.0,22.0,43.0,25.0,229.0
RINL,27.0,18.0,82.0,42.0,73.0,241.0
RINT1,43.0,22.0,31.0,57.0,15.0,181.0
RIOK2,36.0,38.0,41.0,92.0,33.0,232.0
RIOX2,22.0,26.0,75.0,26.0,21.0,178.0
RNASE1,29.0,21.0,42.0,118.0,18.0,234.0
RNF222,26.0,13.0,19.0,81.0,19.0,167.0
RNF32,26.0,18.0,51.0,61.0,15.0,183.0
RNF8,22.0,17.0,22.0,67.0,23.0,167.0
RNMT,41.0,25.0,24.0,50.0,31.0,180.0
RNPEP,39.0,37.0,35.0,76.0,17.0,210.0
RNPS1,27.0,25.0,45.0,81.0,28.0,207.0
ROMO1,24.0,14.0,89.0,40.0,32.0,199.0
ROR2,25.0,16.0,37.0,76.0,12.0,174.0
RPA1,23.0,18.0,33.0,73.0,20.0,170.0
RPAP1,30.0,43.0,45.0,25.0,22.0,174.0
RPAP3,48.0,26.0,29.0,39.0,24.0,181.0
RPF2,40.0,20.0,44.0,57.0,34.0,212.0
RPL10,30.0,14.0,57.0,75.0,51.0,233.0
RPL12,46.0,46.0,53.0,58.0,28.0,232.0
RPL13,34.0,23.0,37.0,95.0,38.0,236.0
RPL13A,31.0,20.0,74.0,71.0,65.0,268.0
RPL15,31.0,13.0,37.0,82.0,41.0,211.0
RPL17,63.0,27.0,61.0,83.0,43.0,284.0
RPL18,47.0,27.0,38.0,85.0,34.0,249.0
RPL18A,53.0,32.0,77.0,70.0,44.0,284.0
RPL21,41.0,17.0,48.0,75.0,34.0,232.0
RPL23A,49.0,31.0,26.0,88.0,59.0,260.0
RPL26,28.0,20.0,39.0,104.0,30.0,236.0
RPL27,30.0,24.0,74.0,99.0,28.0,271.0
RPL27A,26.0,20.0,50.0,40.0,32.0,173.0
RPL3,24.0,18.0,35.0,67.0,45.0,190.0
RPL31,27.0,20.0,42.0,39.0,48.0,191.0
RPL32,24.0,18.0,25.0,86.0,21.0,180.0
RPL35A,30.0,14.0,72.0,40.0,41.0,200.0
RPL36,31.0,34.0,33.0,59.0,31.0,181.0
RPL36A-HNRNPH2,51.0,57.0,20.0,28.0,28.0,184.0
RPL37,38.0,21.0,84.0,43.0,69.0,257.0
RPL37A,40.0,43.0,39.0,63.0,20.0,208.0
RPL38,27.0,22.0,36.0,43.0,34.0,170.0
RPL7L1,38.0,22.0,57.0,55.0,34.0,208.0
RPL8,31.0,29.0,19.0,61.0,16.0,176.0
RPL9,40.0,36.0,49.0,71.0,16.0,212.0
RPP14,46.0,56.0,25.0,64.0,20.0,214.0
RPP30,25.0,23.0,26.0,65.0,23.0,172.0
RPRML,38.0,18.0,25.0,52.0,21.0,169.0
RPS10,49.0,31.0,35.0,93.0,38.0,239.0
RPS12,42.0,26.0,43.0,72.0,42.0,234.0
RPS13,29.0,17.0,58.0,36.0,37.0,185.0
RPS17,20.0,15.0,25.0,65.0,36.0,169.0
RPS19BP1,60.0,44.0,21.0,43.0,29.0,195.0
RPS23,43.0,21.0,50.0,70.0,23.0,216.0
RPS26,50.0,29.0,33.0,42.0,32.0,186.0
RPS27,36.0,20.0,66.0,77.0,41.0,249.0
RPS27A,29.0,17.0,43.0,59.0,19.0,168.0
RPS29,31.0,31.0,41.0,46.0,34.0,190.0
RPS3A,34.0,24.0,39.0,75.0,18.0,198.0
RPS4X,36.0,22.0,37.0,53.0,38.0,195.0
RPS5,46.0,36.0,30.0,75.0,93.0,290.0
RPS6,25.0,26.0,72.0,34.0,119.0,278.0
RPS6KB1,61.0,41.0,33.0,78.0,20.0,249.0
RPS7,39.0,17.0,56.0,74.0,33.0,227.0
RPS8,37.0,17.0,48.0,34.0,31.0,172.0
RPS9,24.0,21.0,41.0,64.0,83.0,237.0
RPSAP58,67.0,34.0,101.0,88.0,52.0,335.0
RPTOR,58.0,15.0,27.0,51.0,15.0,181.0
RRM1,65.0,35.0,65.0,103.0,85.0,345.0
RRN3,38.0,16.0,46.0,46.0,22.0,178.0
RRP1,41.0,27.0,51.0,98.0,35.0,261.0
RRP7A,34.0,26.0,25.0,61.0,23.0,184.0
RRP9,37.0,26.0,32.0,44.0,22.0,168.0
RRS1,28.0,24.0,46.0,51.0,66.0,220.0
RSU1,48.0,22.0,81.0,33.0,38.0,225.0
RTN1,35.0,27.0,28.0,68.0,28.0,195.0
RUFY2,52.0,31.0,17.0,32.0,27.0,171.0
RUVBL2,47.0,22.0,62.0,95.0,39.0,262.0
SAE1,30.0,12.0,47.0,42.0,40.0,185.0
SAMD14,38.0,24.0,25.0,44.0,19.0,171.0
SAMD4B,20.0,26.0,33.0,60.0,36.0,174.0
SAMM50,66.0,31.0,28.0,19.0,30.0,172.0
SAP18,32.0,14.0,57.0,40.0,31.0,173.0
SART3,22.0,16.0,29.0,101.0,18.0,188.0
SASS6,47.0,19.0,58.0,107.0,39.0,284.0
SAXO2,25.0,16.0,26.0,54.0,37.0,173.0
SCG2,24.0,20.0,25.0,61.0,37.0,168.0
SCNM1,20.0,21.0,22.0,74.0,24.0,171.0
SCTR,37.0,44.0,36.0,39.0,37.0,177.0
SDAD1,52.0,40.0,70.0,133.0,28.0,326.0
SDHAF1,44.0,12.0,21.0,68.0,25.0,179.0
SDR42E2,54.0,33.0,73.0,65.0,62.0,289.0
SEC24C,35.0,19.0,46.0,56.0,37.0,211.0
SEC61B,26.0,14.0,47.0,52.0,73.0,213.0
SEC62,27.0,15.0,36.0,55.0,30.0,175.0
SEMA5B,39.0,18.0,25.0,41.0,26.0,170.0
SENP1,43.0,30.0,34.0,113.0,14.0,251.0
SEPT7,44.0,32.0,64.0,62.0,28.0,233.0
SERTAD2,23.0,16.0,49.0,78.0,24.0,187.0
SERTM1,34.0,16.0,23.0,67.0,31.0,186.0
SETD1A,65.0,26.0,38.0,111.0,28.0,275.0
SETD3,19.0,16.0,28.0,52.0,86.0,209.0
SETSIP,27.0,18.0,50.0,42.0,29.0,169.0
SF1,52.0,26.0,37.0,31.0,22.0,173.0
SF3A2,29.0,14.0,37.0,45.0,82.0,219.0
SF3B3,39.0,12.0,113.0,30.0,93.0,286.0
SF3B4,49.0,18.0,47.0,36.0,68.0,211.0
SF3B5,30.0,14.0,128.0,39.0,71.0,285.0
SFPQ,130.0,43.0,146.0,103.0,150.0,577.0
SFXN1,54.0,43.0,44.0,18.0,20.0,180.0
SGCG,24.0,16.0,24.0,101.0,20.0,195.0
SGF29,21.0,13.0,17.0,86.0,26.0,180.0
SH2D6,22.0,18.0,22.0,73.0,15.0,170.0
SH3GL3,41.0,24.0,31.0,79.0,24.0,212.0
SHBG,25.0,17.0,27.0,77.0,29.0,193.0
SHC1,48.0,32.0,34.0,54.0,35.0,215.0
SIGMAR1,41.0,24.0,29.0,40.0,39.0,171.0
SIPA1L3,27.0,17.0,77.0,53.0,29.0,207.0
SIRT3,24.0,18.0,36.0,25.0,76.0,179.0
SKA1,48.0,23.0,40.0,79.0,33.0,234.0
SKA2,56.0,26.0,46.0,57.0,25.0,219.0
SKAP1,65.0,44.0,24.0,28.0,19.0,186.0
SKIV2L2,40.0,17.0,31.0,68.0,20.0,177.0
SKP2,27.0,19.0,44.0,97.0,29.0,216.0
SLAMF6,38.0,30.0,31.0,42.0,19.0,168.0
SLC22A13,47.0,53.0,58.0,18.0,12.0,184.0
SLC22A15,29.0,22.0,29.0,53.0,19.0,167.0
SLC25A19,35.0,22.0,36.0,53.0,28.0,180.0
SLC25A25,38.0,14.0,105.0,22.0,21.0,195.0
SLC25A46,46.0,20.0,39.0,51.0,23.0,182.0
SLC25A5,39.0,21.0,46.0,63.0,40.0,212.0
SLC35A1,16.0,12.0,147.0,14.0,15.0,191.0
SLC35A2,17.0,9.0,99.0,28.0,18.0,169.0
SLC35E2B,67.0,83.0,49.0,27.0,27.0,248.0
SLC38A1,36.0,27.0,46.0,46.0,24.0,190.0
SLC39A7,38.0,13.0,60.0,58.0,74.0,248.0
SLC8A2,47.0,21.0,38.0,46.0,19.0,183.0
SLFN14,36.0,26.0,37.0,41.0,22.0,169.0
SLX1A,29.0,19.0,20.0,89.0,16.0,179.0
SLX4IP,28.0,24.0,45.0,25.0,53.0,184.0
SMAD6,30.0,23.0,25.0,45.0,32.0,167.0
SMARCA2,31.0,29.0,92.0,32.0,53.0,240.0
SMARCC2,21.0,21.0,43.0,98.0,35.0,232.0
SMC1A,36.0,19.0,56.0,56.0,38.0,202.0
SMC4,42.0,26.0,124.0,108.0,40.0,338.0
SMG5,50.0,32.0,22.0,70.0,12.0,194.0
SMN1,22.0,10.0,38.0,20.0,84.0,185.0
SMN2,32.0,29.0,34.0,68.0,43.0,214.0
SMNDC1,29.0,27.0,47.0,57.0,54.0,217.0
SMPD4,31.0,30.0,76.0,112.0,60.0,309.0
SMU1,42.0,17.0,37.0,45.0,35.0,177.0
SMYD4,40.0,24.0,21.0,45.0,53.0,190.0
SNIP1,33.0,23.0,39.0,40.0,36.0,178.0
SNRNP200,26.0,18.0,46.0,62.0,36.0,193.0
SNRNP35,35.0,15.0,24.0,48.0,46.0,174.0
SNRPA1,28.0,18.0,78.0,58.0,45.0,226.0
SNRPD3,27.0,17.0,30.0,58.0,26.0,181.0
SNRPE,33.0,19.0,33.0,60.0,28.0,186.0
SNUPN,26.0,17.0,33.0,77.0,25.0,179.0
SNW1,39.0,28.0,35.0,49.0,17.0,178.0
SOGA1,44.0,30.0,34.0,67.0,26.0,216.0
SOHLH1,39.0,24.0,28.0,49.0,22.0,171.0
SOX15,35.0,23.0,45.0,42.0,23.0,169.0
SP3,29.0,17.0,43.0,50.0,18.0,169.0
SP7,46.0,18.0,30.0,121.0,38.0,251.0
SPACA6,41.0,25.0,50.0,85.0,25.0,233.0
SPAG5,73.0,31.0,33.0,99.0,21.0,275.0
SPAG6,51.0,53.0,29.0,34.0,15.0,179.0
SPAG9,20.0,27.0,86.0,21.0,30.0,185.0
SPATA5,27.0,13.0,26.0,92.0,20.0,189.0
SPDYE16,48.0,30.0,45.0,38.0,70.0,225.0
SPDYE2B,32.0,24.0,69.0,59.0,51.0,234.0
SPECC1L,53.0,60.0,27.0,65.0,13.0,211.0
SPEG,26.0,20.0,24.0,76.0,20.0,167.0
SPOP,21.0,17.0,25.0,84.0,21.0,177.0
SRP19,31.0,19.0,37.0,61.0,34.0,180.0
SRP72,42.0,14.0,83.0,55.0,47.0,239.0
SRRT,42.0,15.0,46.0,84.0,109.0,291.0
SRSF1,39.0,25.0,29.0,53.0,35.0,192.0
SRSF7,45.0,38.0,40.0,32.0,22.0,187.0
SS18L2,41.0,14.0,48.0,60.0,21.0,189.0
SSSCA1,45.0,22.0,51.0,33.0,25.0,179.0
ST3GAL4,20.0,19.0,143.0,13.0,14.0,195.0
STAC3,49.0,28.0,29.0,48.0,34.0,189.0
STAG2,28.0,13.0,29.0,66.0,46.0,187.0
STAT2,20.0,20.0,24.0,75.0,27.0,184.0
STAT5A,41.0,23.0,32.0,83.0,16.0,213.0
STAT5B,58.0,19.0,34.0,65.0,19.0,202.0
STIL,49.0,43.0,58.0,132.0,61.0,346.0
STMN4,17.0,19.0,37.0,77.0,17.0,181.0
STT3A,25.0,12.0,71.0,25.0,20.0,169.0
STX12,58.0,51.0,82.0,36.0,17.0,258.0
SUPT16H,53.0,21.0,58.0,63.0,40.0,232.0
SURF1,102.0,100.0,15.0,25.0,25.0,260.0
SURF6,29.0,16.0,50.0,89.0,23.0,206.0
SVIL,33.0,18.0,29.0,38.0,40.0,169.0
SYTL1,30.0,28.0,65.0,56.0,38.0,229.0
TACC3,49.0,18.0,37.0,47.0,22.0,184.0
TACR1,48.0,28.0,22.0,44.0,22.0,167.0
TADA1,35.0,18.0,16.0,52.0,90.0,221.0
TAF1C,63.0,34.0,58.0,95.0,52.0,306.0
TANGO6,32.0,21.0,66.0,48.0,36.0,211.0
TARDBP,48.0,29.0,39.0,83.0,23.0,231.0
TATDN2,46.0,18.0,28.0,109.0,45.0,260.0
TBCD,37.0,19.0,28.0,87.0,43.0,225.0
TBL3,39.0,16.0,46.0,83.0,28.0,210.0
TBX19,34.0,23.0,30.0,22.0,57.0,171.0
TCERG1,42.0,24.0,33.0,39.0,35.0,181.0
TCFL5,26.0,30.0,27.0,40.0,38.0,175.0
TCL1A,40.0,17.0,42.0,75.0,50.0,237.0
TDG,31.0,19.0,48.0,60.0,23.0,185.0
TECR,26.0,36.0,33.0,90.0,23.0,228.0
TELO2,55.0,47.0,64.0,102.0,23.0,294.0
TERF1,42.0,21.0,35.0,53.0,63.0,224.0
TERF2,43.0,21.0,22.0,84.0,20.0,188.0
TFRC,33.0,24.0,31.0,73.0,14.0,181.0
TGIF1,31.0,16.0,44.0,47.0,68.0,199.0
THAP12,69.0,20.0,30.0,38.0,24.0,182.0
THAP8,29.0,16.0,78.0,45.0,38.0,202.0
THOC6,49.0,18.0,41.0,59.0,17.0,190.0
TICAM1,25.0,20.0,82.0,61.0,55.0,252.0
TIGD5,30.0,13.0,50.0,47.0,22.0,174.0
TIMELESS,40.0,40.0,30.0,43.0,16.0,188.0
TIMM44,35.0,16.0,73.0,33.0,55.0,218.0
TJP2,32.0,18.0,36.0,88.0,20.0,210.0
TLE3,32.0,12.0,72.0,36.0,35.0,184.0
TLN1,43.0,18.0,87.0,88.0,64.0,299.0
TM7SF3,72.0,32.0,32.0,31.0,18.0,185.0
TM9SF4,49.0,35.0,26.0,64.0,18.0,196.0
TMC2,23.0,16.0,33.0,60.0,27.0,171.0
TMEM178A,28.0,21.0,19.0,25.0,93.0,186.0
TMEM18,33.0,24.0,52.0,34.0,35.0,192.0
TMEM185B,25.0,12.0,31.0,23.0,76.0,175.0
TMEM2,32.0,19.0,27.0,78.0,23.0,179.0
TMEM230,35.0,16.0,100.0,58.0,30.0,235.0
TMEM258,23.0,20.0,112.0,27.0,19.0,209.0
TMEM91,29.0,17.0,29.0,56.0,23.0,168.0
TMPPE,46.0,21.0,42.0,92.0,19.0,224.0
TMSB10,37.0,17.0,44.0,82.0,23.0,197.0
TMTC3,45.0,59.0,22.0,39.0,29.0,188.0
TMTC4,63.0,48.0,55.0,36.0,19.0,234.0
TNPO1,73.0,24.0,152.0,63.0,82.0,388.0
TNS2,30.0,25.0,29.0,58.0,19.0,172.0
TOMM22,112.0,17.0,58.0,38.0,46.0,266.0
TOMM40,69.0,24.0,58.0,46.0,66.0,270.0
TOP3B,37.0,21.0,33.0,35.0,34.0,171.0
TP53TG3D,22.0,18.0,36.0,86.0,22.0,190.0
TP53TG3F,33.0,21.0,83.0,66.0,25.0,248.0
TPI1,47.0,37.0,34.0,51.0,34.0,212.0
TPX2,37.0,27.0,29.0,74.0,25.0,197.0
TRA2B,25.0,17.0,32.0,61.0,29.0,168.0
TRABD2A,42.0,22.0,30.0,61.0,26.0,191.0
TRAIP,42.0,21.0,42.0,39.0,29.0,187.0
TRIM48,37.0,19.0,39.0,87.0,20.0,204.0
TRIM49,31.0,12.0,46.0,47.0,37.0,174.0
TRIM55,21.0,17.0,72.0,38.0,30.0,174.0
TRIP13,41.0,25.0,31.0,125.0,23.0,259.0
TRMT10C,24.0,17.0,43.0,53.0,29.0,180.0
TRNAU1AP,50.0,33.0,46.0,29.0,25.0,184.0
TRPV4,31.0,15.0,47.0,75.0,19.0,198.0
TRRAP,21.0,22.0,42.0,61.0,18.0,176.0
TSEN15,51.0,24.0,43.0,64.0,34.0,225.0
TSFM,25.0,24.0,35.0,69.0,41.0,198.0
TSHZ3,45.0,18.0,33.0,47.0,18.0,167.0
TSNAX,42.0,18.0,42.0,47.0,13.0,168.0
TSPAN9,37.0,18.0,24.0,73.0,16.0,172.0
TSR1,29.0,21.0,39.0,55.0,27.0,177.0
TSR3,26.0,14.0,52.0,61.0,14.0,180.0
TSSK4,30.0,23.0,54.0,67.0,16.0,193.0
TTC32,37.0,23.0,30.0,67.0,18.0,182.0
TTC9C,28.0,17.0,37.0,35.0,48.0,174.0
TTF1,22.0,17.0,23.0,85.0,19.0,171.0
TTK,47.0,24.0,26.0,72.0,31.0,207.0
TTN,59.0,42.0,36.0,18.0,15.0,173.0
TUBA1B,52.0,30.0,29.0,65.0,17.0,198.0
TUBA1C,46.0,25.0,33.0,95.0,32.0,238.0
TUBB,51.0,36.0,55.0,118.0,39.0,295.0
TUBB8P12,43.0,20.0,29.0,56.0,23.0,186.0
TUBGCP2,36.0,16.0,34.0,75.0,28.0,189.0
TUBGCP3,33.0,28.0,55.0,131.0,45.0,295.0
TUBGCP5,51.0,28.0,85.0,99.0,45.0,306.0
TUT1,59.0,30.0,48.0,54.0,15.0,220.0
TWISTNB,22.0,29.0,24.0,28.0,62.0,170.0
TXN,15.0,18.0,31.0,75.0,25.0,177.0
TXNL4A,53.0,22.0,35.0,69.0,53.0,233.0
UAP1,33.0,17.0,24.0,54.0,34.0,172.0
UBA1,34.0,22.0,33.0,75.0,79.0,236.0
UBA3,32.0,11.0,48.0,35.0,60.0,180.0
UBA52,41.0,22.0,54.0,53.0,21.0,192.0
UBB,39.0,34.0,53.0,31.0,43.0,194.0
UBE2C,47.0,22.0,50.0,127.0,19.0,270.0
UBE2I,29.0,18.0,57.0,42.0,21.0,167.0
UBE2Q2L,31.0,19.0,27.0,60.0,35.0,173.0
UBE2S,35.0,14.0,76.0,43.0,70.0,236.0
UBFD1,31.0,23.0,45.0,104.0,22.0,235.0
UBL5,69.0,28.0,36.0,94.0,28.0,262.0
UBTF,26.0,20.0,27.0,70.0,25.0,178.0
UGT1A7,58.0,34.0,16.0,76.0,24.0,218.0
UNC119,19.0,14.0,71.0,47.0,45.0,200.0
UPF2,25.0,15.0,38.0,68.0,30.0,190.0
UPK1A,62.0,33.0,75.0,92.0,30.0,309.0
UQCRHL,30.0,22.0,34.0,76.0,14.0,198.0
URB1,24.0,25.0,31.0,82.0,21.0,190.0
USF2,22.0,16.0,19.0,42.0,63.0,174.0
USP17L15,37.0,23.0,40.0,104.0,48.0,254.0
USP21,27.0,15.0,27.0,34.0,78.0,190.0
USP25,22.0,15.0,36.0,95.0,16.0,187.0
USP5,44.0,19.0,52.0,65.0,36.0,221.0
USP50,23.0,28.0,30.0,64.0,20.0,182.0
UTP11L,41.0,48.0,45.0,101.0,33.0,267.0
UTP14A,31.0,18.0,28.0,32.0,53.0,169.0
UTP23,33.0,24.0,40.0,71.0,25.0,212.0
UTP3,33.0,17.0,41.0,91.0,21.0,200.0
UTP6,45.0,35.0,76.0,121.0,81.0,360.0
VAMP7,69.0,35.0,41.0,38.0,29.0,211.0
VAMP8,37.0,28.0,39.0,62.0,23.0,205.0
VARS2,74.0,71.0,24.0,23.0,18.0,201.0
VAT1,47.0,28.0,23.0,46.0,20.0,176.0
VIM,75.0,29.0,31.0,50.0,23.0,221.0
VOPP1,33.0,13.0,42.0,57.0,56.0,208.0
VPS18,40.0,12.0,97.0,34.0,13.0,187.0
VPS28,23.0,12.0,120.0,35.0,81.0,258.0
VPS33A,50.0,38.0,21.0,57.0,19.0,191.0
VPS52,39.0,21.0,118.0,47.0,22.0,241.0
VTN,37.0,23.0,25.0,76.0,30.0,197.0
WASF2,32.0,12.0,45.0,36.0,51.0,185.0
WDHD1,39.0,28.0,57.0,107.0,38.0,284.0
WDPCP,25.0,22.0,25.0,67.0,22.0,169.0
WDR1,13.0,9.0,26.0,38.0,118.0,213.0
WDR18,39.0,41.0,43.0,65.0,15.0,210.0
WDR25,30.0,14.0,43.0,25.0,64.0,177.0
WDR3,51.0,46.0,43.0,67.0,21.0,232.0
WDR43,39.0,24.0,36.0,74.0,24.0,222.0
WDR45B,22.0,19.0,30.0,62.0,28.0,171.0
WDR46,28.0,16.0,29.0,96.0,19.0,202.0
WDR70,23.0,12.0,29.0,47.0,53.0,176.0
WDR73,59.0,29.0,24.0,52.0,17.0,179.0
WDR77,38.0,20.0,48.0,58.0,22.0,195.0
WDR81,22.0,21.0,50.0,49.0,43.0,181.0
WDR82,24.0,12.0,38.0,37.0,46.0,167.0
WNK1,94.0,25.0,30.0,44.0,73.0,269.0
WNT3,71.0,53.0,35.0,56.0,22.0,235.0
WSB1,50.0,20.0,54.0,53.0,40.0,226.0
WTH3DI,30.0,12.0,27.0,63.0,33.0,172.0
WTIP,44.0,23.0,85.0,36.0,49.0,246.0
WWP1,30.0,17.0,33.0,70.0,22.0,181.0
WWP2,25.0,12.0,21.0,62.0,43.0,180.0
XPO1,41.0,27.0,41.0,39.0,22.0,184.0
XPOT,26.0,20.0,33.0,94.0,25.0,210.0
XRN2,36.0,33.0,29.0,56.0,19.0,174.0
YKT6,30.0,26.0,27.0,65.0,23.0,176.0
YRDC,36.0,23.0,51.0,45.0,16.0,191.0
YWHAE,63.0,23.0,57.0,43.0,45.0,242.0
ZC3H10,73.0,34.0,54.0,53.0,19.0,231.0
ZCCHC6,37.0,12.0,91.0,26.0,69.0,233.0
ZCRB1,27.0,32.0,33.0,66.0,25.0,191.0
ZDHHC11B,23.0,25.0,30.0,65.0,28.0,187.0
ZDHHC12,33.0,11.0,58.0,31.0,57.0,185.0
ZFAND2A,66.0,53.0,42.0,44.0,18.0,221.0
ZFAND5,18.0,15.0,29.0,60.0,32.0,172.0
ZFHX3,32.0,16.0,57.0,45.0,32.0,179.0
ZG16B,20.0,26.0,32.0,79.0,12.0,175.0
ZKSCAN1,40.0,24.0,33.0,43.0,19.0,169.0
ZNF207,23.0,24.0,50.0,83.0,32.0,213.0
ZNF232,25.0,18.0,47.0,66.0,19.0,184.0
ZNF318,40.0,34.0,44.0,97.0,26.0,249.0
ZNF34,48.0,28.0,53.0,63.0,21.0,215.0
ZNF382,36.0,21.0,41.0,59.0,29.0,194.0
ZNF473,34.0,19.0,40.0,55.0,18.0,183.0
ZNF490,52.0,48.0,38.0,25.0,31.0,201.0
ZNF524,66.0,27.0,34.0,39.0,48.0,227.0
ZNF547,35.0,20.0,27.0,69.0,13.0,171.0
ZNF576,44.0,34.0,34.0,45.0,29.0,189.0
ZNF76,38.0,26.0,54.0,68.0,32.0,216.0
ZNF778,52.0,24.0,29.0,87.0,20.0,222.0
ZNF780A,41.0,18.0,44.0,76.0,32.0,218.0
ZNF786,54.0,27.0,16.0,53.0,28.0,183.0
ZNF839,20.0,17.0,40.0,68.0,27.0,180.0
ZNHIT3,46.0,26.0,24.0,68.0,20.0,189.0
ZSCAN2,24.0,25.0,23.0,100.0,12.0,190.0
ZSCAN21,23.0,15.0,35.0,73.0,30.0,186.0
ZSCAN22,34.0,20.0,48.0,73.0,16.0,193.0
